reference,office,opened,closed,case_type,band,worker,extract_date
CC-2024-19656,Calder Central,2024-12-04,2025-01-13,Standard,High,W217,2026-01-14
CC-2025-90746,Calder Central,2025-03-26,2025-04-06,Expedited,Low,W222,2026-01-14
CC-2023-15264,Weybridge,2023-11-27,2024-01-05,Standard,,W104,2026-01-14
CC-2024-15588,Weybridge,2024-06-03,2024-10-23,Complex,Medium,W211,2026-01-14
CC-2025-15304,Calder Central,2025-06-07,2025-07-24,Expedited,High,W248,2026-01-14
CC-2024-11691,Weybridge,2024-12-22,2025-03-18,Review,High,W152,2026-01-14
CC-2024-10066,Northgate,2024-07-17,2024-09-12,Complex,Low,W110,2026-01-14
CC-2025-90477,Weybridge,2025-10-05,,Review,Low,W182,2026-01-14
CC-2023-20695,Calder Central,2023-10-10,2023-12-01,Review,,W147,2026-01-14
CC-2025-14213,Calder Central,2025-11-06,2025-12-20,Complex,Medium,W122,2026-01-14
CC-2025-12816,Weybridge,2025-07-13,2025-08-12,Expedited,Low,W218,2026-01-14
CC-2024-90051,Northgate,2024-01-30,2024-02-21,Standard,,W220,2026-01-14
CC-2025-90685,Calder Central,2025-07-30,2025-09-07,Review,Medium,W222,2026-01-14
CC-2025-16110,Calder Central,2025-02-17,2025-03-18,Review,Medium,W255,2026-01-14
CC-2023-22801,Northgate,2023-07-20,2023-08-14,Review,,W215,2026-01-14
CC-2025-18456,Weybridge,2025-04-09,2025-07-27,Standard,Low,W159,2026-01-14
CC-2024-16194,Calder Central,2024-04-14,2024-07-02,Review,Medium,W162,2026-01-14
CC-2024-90206,Calder Central,2024-07-22,2024-09-20,Review,Low,W143,2026-01-14
CC-2023-15528,Calder Central,2023-07-20,2023-07-31,Expedited,,W125,2026-01-14
CC-2025-23905,Calder Central,2025-12-11,,Review,Medium,W145,2026-01-14
CC-2024-11153,Calder Central,2024-02-04,2024-02-17,Expedited,,W253,2026-01-14
CC-2024-11609,Northgate,2024-01-26,2024-03-21,Complex,,W257,2026-01-14
CC-2025-22905,Calder Central,2025-08-02,2025-10-11,Standard,Low,W112,2026-01-14
CC-2025-19533,Northgate,2025-07-24,2025-02-11,Review,Medium,W102,2026-01-14
CC-2024-18484,Calder Central,2024-10-22,2025-01-17,Complex,Medium,W237,2026-01-14
CC-2025-17168,Weybridge,2025-11-26,,Appeal,High,W253,2026-01-14
CC-2025-22525,Weybridge,2025-04-04,2025-08-23,Review,Medium,W161,2026-01-14
CC-2023-23252,Weybridge,2023-10-29,2024-01-06,Standard,,W125,2026-01-14
CC-2025-11310,Calder Central,2025-05-11,2025-07-05,Review,High,W130,2026-01-14
CC-2023-21426,Weybridge,2023-11-30,2023-12-30,Standard,,W105,2026-01-14
CC-2025-90161,Calder Central,2025-03-13,2025-04-10,Standard,Medium,W174,2026-01-14
CC-2025-15243,Weybridge,2025-03-21,2025-05-21,Standard,Low,W112,2026-01-14
CC-2025-18564,Calder Central,2025-05-29,2025-07-06,Standard,High,W124,2026-01-14
CC-2025-90085,Calder Central,2025-02-27,2025-04-13,Review,High,W203,2026-01-14
CC-2025-90136,Calder Central,2025-10-10,2025-11-19,Standard,Low,W104,2026-01-14
CC-2023-21187,Calder Central,2023-07-29,2024-03-05,Complex,,W201,2026-01-14
CC-2025-13095,Northgate,2025-04-28,2025-06-06,Standard,High,W237,2026-01-14
CC-2024-21981,Weybridge,2024-04-09,2024-05-20,Standard,Medium,W212,2026-01-14
CC-2024-19417,Calder Central,2024-05-24,2024-06-08,Standard,Medium,W186,2026-01-14
CC-2025-22803,Northgate,2025-08-15,2025-09-25,Standard,Medium,W140,2026-01-14
CC-2024-22113,Calder Central,2024-06-10,2024-06-28,Standard,Medium,W208,2026-01-14
CC-2025-90321,Northgate,2025-05-20,2025-07-23,Complex,Low,W229,2026-01-14
CC-2024-16326,Northgate,2024-05-12,2024-07-20,Review,Low,W221,2026-01-14
CC-2024-18497,Calder Central,2024-04-05,2024-05-05,Complex,Low,W186,2026-01-14
CC-2024-22964,Northgate,2024-03-18,2024-04-20,Review,Low,W162,2026-01-14
CC-2025-90562,Calder Central,2025-09-29,2025-11-05,Complex,Medium,W100,2026-01-14
CC-2025-12460,Calder Central,2025-08-28,2025-10-01,Complex,Low,W137,2026-01-14
CC-2024-11653,Calder Central,2024-05-26,2024-06-13,Review,Medium,W140,2026-01-14
CC-2024-11727,Calder Central,2024-08-29,2024-09-22,Standard,Medium,W131,2026-01-14
CC-2023-23971,Northgate,2023-12-08,2022-11-16,Complex,,W155,2026-01-14
CC-2025-90203,Weybridge,2025-11-29,,Complex,Medium,W252,2026-01-14
CC-2025-90560,Calder Central,2025-03-02,2025-06-20,Complex,Medium,W110,2026-01-14
CC-2024-90516,Weybridge,2024-08-08,2024-10-03,Standard,Low,W157,2026-01-14
CC-2024-10519,Northgate,2024-07-11,2024-07-22,Standard,Low,W130,2026-01-14
CC-2025-18776,Northgate,2025-01-01,2025-04-03,Review,Low,W111,2026-01-14
CC-2023-21809,Northgate,2023-07-07,2023-08-19,Standard,,W149,2026-01-14
CC-2024-16942,Calder Central,2024-10-22,2024-12-11,Complex,Medium,W105,2026-01-14
CC-2025-16862,Northgate,2025-03-18,2025-04-11,Standard,Medium,W207,2026-01-14
CC-2025-10168,Calder Central,2025-06-22,2025-09-06,Standard,High,W130,2026-01-14
CC-2024-13537,Calder Central,2024-04-27,2024-07-01,Complex,Low,W185,2026-01-14
CC-2025-11169,Weybridge,2025-02-11,2025-10-22,Appeal,Medium,W111,2026-01-14
CC-2025-12421,Calder Central,2025-12-28,,Review,Low,W194,2026-01-14
CC-2025-12846,Weybridge,2025-12-13,,Complex,Medium,W151,2026-01-14
CC-2025-11030,Calder Central,2025-10-18,,Complex,Low,W151,2026-01-14
CC-2025-90374,Weybridge,2025-01-11,2025-05-06,Standard,Medium,W148,2026-01-14
CC-2023-18353,Weybridge,2023-11-04,2023-11-29,Review,,W235,2026-01-14
CC-2023-20060,Weybridge,2023-10-13,2023-10-28,Standard,,W216,2026-01-14
CC-2025-90494,Weybridge,2025-03-28,2025-05-08,Standard,Low,W184,2026-01-14
CC-2024-23853,Weybridge,2024-02-17,2024-03-02,Standard,,W176,2026-01-14
CC-2024-12862,Calder Central,2024-08-11,2024-08-22,Standard,High,W194,2026-01-14
CC-2023-14407,Weybridge,2023-10-03,2023-10-29,Standard,,W111,2026-01-14
CC-2023-23017,Northgate,2023-12-01,2024-01-06,Expedited,,W192,2026-01-14
CC-2024-19873,Weybridge,2024-08-08,2024-12-28,Review,Low,W260,2026-01-14
CC-2024-13358,Northgate,2024-10-26,2024-10-30,Expedited,Medium,W200,2026-01-14
CC-2024-90751,Calder Central,2024-03-28,2024-05-08,Review,Medium,W192,2026-01-14
CC-2024-14283,Calder Central,2024-12-11,2025-02-21,Standard,Low,W218,2026-01-14
CC-2023-14301,Weybridge,2023-10-27,2023-11-16,Standard,,W123,2026-01-14
CC-2025-21244,Northgate,2025-03-02,2025-03-10,Expedited,Medium,W149,2026-01-14
CC-2024-17412,Northgate,2024-02-23,2024-05-23,Complex,,W111,2026-01-14
CC-2025-11217,Weybridge,2025-06-14,2025-08-12,Standard,Low,W173,2026-01-14
CC-2023-24195,Calder Central,2023-08-23,2023-09-20,Review,,W259,2026-01-14
CC-2025-23815,Northgate,2025-12-18,,Complex,Low,W228,2026-01-14
CC-2023-14645,Northgate,2023-07-19,2023-07-28,Expedited,,W225,2026-01-14
CC-2024-90443,Northgate,2024-12-02,2024-12-25,Appeal,Medium,W147,2026-01-14
CC-2024-21296,Northgate,2024-10-08,2024-11-03,Expedited,Low,W120,2026-01-14
CC-2023-22738,Weybridge,2023-08-09,2023-10-15,Standard,,W152,2026-01-14
CC-2025-10346,Calder Central,2025-07-08,2025-08-19,Review,Medium,W146,2026-01-14
CC-2024-19619,Weybridge,2024-11-22,2025-02-05,Expedited,Low,W202,2026-01-14
CC-2025-14725,Weybridge,2025-10-20,,Complex,Medium,W123,2026-01-14
CC-2025-11446,Northgate,2025-03-21,2025-04-28,Appeal,Low,W158,2026-01-14
CC-2023-19183,Calder Central,2023-11-16,2024-01-25,Complex,,W184,2026-01-14
CC-2024-16284,Calder Central,2024-04-29,2024-06-05,Standard,Low,W174,2026-01-14
CC-2023-19071,Northgate,2023-10-02,2023-11-10,Standard,,W155,2026-01-14
CC-2023-12698,Calder Central,2023-10-19,2023-10-31,Standard,,W132,2026-01-14
CC-2025-24089,Northgate,2025-06-22,2025-07-21,Standard,Low,W104,2026-01-14
CC-2025-22226,Weybridge,2025-06-09,2025-09-21,Appeal,Low,W216,2026-01-14
CC-2023-16487,Weybridge,2023-12-19,2024-04-01,Review,,W188,2026-01-14
CC-2023-13867,Calder Central,2023-11-28,2024-01-07,Standard,,W133,2026-01-14
CC-2024-90703,Northgate,2024-05-19,2024-06-28,Complex,Low,W172,2026-01-14
CC-2023-15368,Weybridge,2023-11-29,2023-12-22,Standard,,W216,2026-01-14
CC-2024-90317,Northgate,2024-04-29,2024-06-05,Standard,High,W207,2026-01-14
CC-2025-18993,Northgate,2025-09-19,2025-11-10,Standard,Low,W136,2026-01-14
CC-2025-17429,Weybridge,2025-02-25,2025-03-17,Expedited,Medium,W202,2026-01-14
CC-2025-15412,Calder Central,2025-11-01,2025-12-16,Appeal,High,W178,2026-01-14
CC-2023-24023,Calder Central,2023-08-14,2023-09-09,Standard,,W217,2026-01-14
CC-2024-13040,Weybridge,2024-09-01,2024-11-03,Review,Low,W144,2026-01-14
CC-2025-21098,Weybridge,2025-05-02,2025-09-25,Appeal,Medium,W111,2026-01-14
CC-2024-19842,Northgate,2024-03-02,2024-03-16,Standard,Low,W101,2026-01-14
CC-2025-11076,Weybridge,2025-11-18,2025-12-06,Expedited,Low,W240,2026-01-14
CC-2024-18657,Calder Central,2024-03-01,2024-05-28,Appeal,Low,W218,2026-01-14
CC-2025-17870,Weybridge,2025-07-28,2025-12-06,Appeal,Low,W215,2026-01-14
CC-2025-90654,Northgate,2025-10-08,2025-11-06,Standard,Medium,W220,2026-01-14
CC-2023-11554,Calder Central,2023-09-16,2023-09-28,Standard,,W134,2026-01-14
CC-2025-19770,Northgate,2025-10-20,2025-11-17,Review,Low,W197,2026-01-14
CC-2024-19495,Weybridge,2024-05-12,2024-06-09,Standard,Medium,W172,2026-01-14
CC-2025-20564,Calder Central,2025-11-18,,Complex,Medium,W139,2026-01-14
CC-2025-14676,Weybridge,2025-06-18,2025-09-29,Appeal,Low,W250,2026-01-14
CC-2025-14044,Calder Central,2025-06-01,2025-07-04,Standard,High,W236,2026-01-14
CC-2024-15960,Calder Central,2024-12-27,2025-02-03,Standard,Medium,W256,2026-01-14
CC-2023-19673,Calder Central,2023-09-17,2023-10-26,Standard,,W170,2026-01-14
CC-2024-21170,Weybridge,2024-08-17,2024-09-24,Standard,Low,W188,2026-01-14
CC-2025-13575,Calder Central,2025-08-29,2025-10-01,Review,High,W145,2026-01-14
CC-2025-90030,Northgate,2025-01-04,2025-03-07,Complex,Medium,W194,2026-01-14
CC-2024-14359,Calder Central,2024-08-21,2024-09-27,Standard,Low,W221,2026-01-14
CC-2025-15188,Weybridge,2025-05-22,2025-07-03,Complex,Medium,W155,2026-01-14
CC-2025-22566,Weybridge,2025-03-02,2025-05-17,Standard,High,W199,2026-01-14
CC-2025-21837,Calder Central,2025-11-13,,Complex,Low,W148,2026-01-14
CC-2024-11279,Calder Central,2024-11-23,2024-12-11,Review,High,W210,2026-01-14
CC-2024-16891,Weybridge,2024-09-29,2025-03-15,Complex,Medium,W230,2026-01-14
CC-2025-10422,Calder Central,2025-06-08,2025-10-25,Standard,Low,W154,2026-01-14
CC-2025-90734,Calder Central,2025-06-24,2025-09-07,Complex,Medium,W231,2026-01-14
CC-2024-19575,Weybridge,2024-02-28,2024-03-15,Standard,,W165,2026-01-14
CC-2024-12745,Calder Central,2024-12-15,2025-01-04,Standard,Medium,W260,2026-01-14
CC-2025-18448,Weybridge,2025-07-03,2025-10-04,Standard,Medium,W162,2026-01-14
CC-2024-22437,Weybridge,2024-01-01,2024-03-30,Complex,,W132,2026-01-14
CC-2025-22786,Northgate,2025-01-07,2025-01-26,Standard,Low,W244,2026-01-14
CC-2025-16738,Calder Central,2025-07-09,2025-09-10,Standard,Low,W230,2026-01-14
CC-2024-11674,Weybridge,2024-03-10,2024-03-06,Standard,High,W185,2026-01-14
CC-2024-23122,Northgate,2024-01-21,2024-02-02,Expedited,,W251,2026-01-14
CC-2025-15620,Calder Central,2025-06-17,2025-07-16,Standard,Medium,W248,2026-01-14
CC-2023-21660,Calder Central,2023-11-19,2023-12-05,Expedited,,W252,2026-01-14
CC-2024-14762,Calder Central,2024-11-24,2025-01-08,Review,Medium,W101,2026-01-14
CC-2025-22192,Calder Central,2025-08-04,2025-08-17,Standard,Medium,W130,2026-01-14
CC-2023-23484,Calder Central,2023-10-23,2023-11-25,Standard,,W142,2026-01-14
CC-2025-23056,Northgate,2025-02-11,2025-04-18,Complex,High,W149,2026-01-14
CC-2025-90523,Calder Central,2025-02-12,2025-04-28,Standard,Medium,W181,2026-01-14
CC-2025-90113,Calder Central,2025-08-22,2025-09-21,Appeal,Medium,W223,2026-01-14
CC-2023-11686,Weybridge,2023-08-23,2023-11-11,Complex,,W214,2026-01-14
CC-2024-16000,Weybridge,2024-05-22,2024-07-17,Appeal,Medium,W188,2026-01-14
CC-2025-15734,Weybridge,2025-05-02,2025-07-04,Standard,Medium,W161,2026-01-14
CC-2025-90255,Calder Central,2025-06-24,2025-07-11,Standard,Low,W182,2026-01-14
CC-2024-90592,Northgate,2024-02-22,2024-03-12,Standard,,W153,2026-01-14
CC-2024-90698,Calder Central,2024-06-16,2024-09-15,Complex,Low,W256,2026-01-14
CC-2024-90348,Calder Central,2024-12-11,2024-12-26,Standard,High,W234,2026-01-14
CC-2024-11532,Northgate,2024-10-22,2024-11-30,Standard,Low,W106,2026-01-14
CC-2024-16204,Calder Central,2024-05-11,2024-07-22,Complex,Medium,W122,2026-01-14
CC-2025-22466,Calder Central,2025-11-10,2025-12-19,Expedited,Medium,W159,2026-01-14
CC-2025-20914,Northgate,2025-09-04,2025-10-06,Standard,Medium,W145,2026-01-14
CC-2024-15822,Calder Central,2024-09-30,2024-10-21,Standard,Low,W166,2026-01-14
CC-2025-13936,Calder Central,2025-07-10,2025-09-04,Complex,Medium,W117,2026-01-14
CC-2024-18172,Calder Central,2024-03-18,2023-09-05,Appeal,Low,W170,2026-01-14
CC-2025-21924,Calder Central,2025-01-09,2025-01-29,Expedited,Low,W181,2026-01-14
CC-2025-18368,Weybridge,2025-03-08,2025-04-28,Standard,Medium,W240,2026-01-14
CC-2025-16035,Weybridge,2025-04-17,2025-06-20,Review,Low,W240,2026-01-14
CC-2024-90352,Weybridge,2024-07-09,2024-07-22,Expedited,High,W134,2026-01-14
CC-2024-15448,Weybridge,2024-04-01,2024-08-01,Complex,Low,W120,2026-01-14
CC-2024-16632,Calder Central,2024-08-01,2024-08-28,Standard,Medium,W122,2026-01-14
CC-2024-11082,Weybridge,2024-07-30,,Complex,Medium,W223,2026-01-14
CC-2024-19855,Calder Central,2024-02-27,2024-03-19,Standard,,W223,2026-01-14
CC-2024-90426,Calder Central,2024-08-05,2024-12-07,Complex,Medium,W251,2026-01-14
CC-2024-14025,Calder Central,2024-02-27,2024-04-19,Complex,,W214,2026-01-14
CC-2023-10534,Calder Central,2023-08-17,2023-09-27,Complex,,W241,2026-01-14
CC-2025-21780,Calder Central,2025-02-27,2025-03-24,Standard,High,W103,2026-01-14
CC-2024-11072,Weybridge,2024-05-14,2024-08-04,Review,Low,W102,2026-01-14
CC-2025-16649,Calder Central,2025-10-25,2025-12-01,Standard,Low,W146,2026-01-14
CC-2023-13139,Calder Central,2023-09-15,2023-10-08,Review,,W142,2026-01-14
CC-2024-17896,Northgate,2024-07-14,2024-10-26,Complex,Low,W111,2026-01-14
CC-2023-17799,Weybridge,2023-12-08,2024-01-07,Review,,W152,2026-01-14
CC-2025-21395,Weybridge,2025-01-08,2025-03-30,Standard,Medium,W241,2026-01-14
CC-2025-10840,Calder Central,2025-12-15,,Expedited,Low,W195,2026-01-14
CC-2024-11280,Northgate,2024-01-22,2024-06-06,Complex,,W194,2026-01-14
CC-2025-13788,Weybridge,2025-04-01,2025-09-26,Complex,Medium,W233,2026-01-14
CC-2025-14489,Northgate,2025-07-04,2025-10-13,Appeal,Low,W116,2026-01-14
CC-2025-21069,Calder Central,2025-02-26,2025-05-16,Complex,Medium,W111,2026-01-14
CC-2025-90222,Weybridge,2025-04-07,2025-07-09,Complex,Medium,W122,2026-01-14
CC-2024-12031,Calder Central,2024-11-06,2024-12-10,Review,High,W152,2026-01-14
CC-2024-21129,Weybridge,2024-12-19,2025-01-29,Standard,Low,W191,2026-01-14
CC-2024-17086,Calder Central,2024-09-12,2024-11-28,Complex,Medium,W211,2026-01-14
CC-2025-19372,Northgate,2025-06-01,2025-06-25,Expedited,High,W119,2026-01-14
CC-2024-14622,Northgate,2024-04-21,2024-07-06,Complex,Medium,W260,2026-01-14
CC-2025-21621,Calder Central,2025-12-15,,Complex,Low,W189,2026-01-14
CC-2023-13800,Northgate,2023-10-06,2023-10-22,Standard,,W207,2026-01-14
CC-2025-14520,Weybridge,2025-07-24,,Standard,High,W220,2026-01-14
CC-2024-10795,Northgate,2024-04-17,2024-04-24,Expedited,Medium,W241,2026-01-14
CC-2024-90088,Northgate,2024-12-05,2024-12-24,Expedited,Low,W238,2026-01-14
CC-2024-17747,Calder Central,2024-12-24,2025-01-29,Review,Medium,W105,2026-01-14
CC-2025-14382,Weybridge,2025-12-16,,Standard,Low,W173,2026-01-14
CC-2023-10297,Calder Central,2023-09-22,2023-09-29,Expedited,,W245,2026-01-14
CC-2024-90529,Weybridge,2024-07-14,2024-08-26,Review,Low,W152,2026-01-14
CC-2025-90239,Calder Central,2025-06-10,2025-08-19,Complex,Medium,W194,2026-01-14
CC-2025-21823,Weybridge,2025-03-15,2025-06-22,Standard,Medium,W157,2026-01-14
CC-2024-90479,Northgate,2024-07-26,2024-09-02,Review,Low,W259,2026-01-14
CC-2024-20602,Northgate,2024-10-31,2024-11-21,Standard,Medium,W178,2026-01-14
CC-2025-20817,Calder Central,2025-05-19,2025-09-03,Appeal,Low,W195,2026-01-14
CC-2025-21600,Northgate,2025-02-21,2025-03-27,Review,Low,W202,2026-01-14
CC-2025-11565,Calder Central,2025-08-16,2025-10-02,Standard,Low,W190,2026-01-14
CC-2024-19555,Northgate,2024-07-09,2024-08-16,Complex,Medium,W108,2026-01-14
CC-2024-22400,Northgate,2024-04-24,2024-06-12,Review,Medium,W174,2026-01-14
CC-2024-11774,Weybridge,2024-11-23,2025-07-07,Standard,Medium,W232,2026-01-14
CC-2025-14728,Weybridge,2025-08-23,2025-09-19,Standard,Low,W154,2026-01-14
CC-2024-13384,Calder Central,2024-02-23,2024-03-03,Expedited,,W246,2026-01-14
CC-2024-13473,Calder Central,2024-01-09,2024-02-20,Standard,,W255,2026-01-14
CC-2024-12873,Calder Central,2024-09-20,2025-01-31,Complex,Medium,W197,2026-01-14
CC-2024-11034,Weybridge,2024-05-01,2024-09-26,Complex,Medium,W106,2026-01-14
CC-2024-15876,Weybridge,2024-05-17,2024-06-15,Standard,Low,W198,2026-01-14
CC-2024-23480,Calder Central,2024-07-24,2024-09-18,Standard,Medium,W177,2026-01-14
CC-2024-90593,Calder Central,2024-05-19,2024-07-10,Standard,Low,W136,2026-01-14
CC-2024-90545,Calder Central,2024-06-24,2024-07-30,Standard,High,W106,2026-01-14
CC-2024-90112,Calder Central,2024-04-09,2024-05-22,Standard,Low,W191,2026-01-14
CC-2024-22976,Weybridge,2024-12-19,2025-01-12,Standard,Medium,W113,2026-01-14
CC-2023-13922,Northgate,2023-09-18,2023-10-05,Standard,,W151,2026-01-14
CC-2023-19486,Weybridge,2023-10-09,2023-11-22,Review,,W100,2026-01-14
CC-2025-14400,Calder Central,2025-07-21,2025-09-21,Complex,Low,W115,2026-01-14
CC-2024-12836,Weybridge,2024-07-15,2024-08-09,Standard,Low,W103,2026-01-14
CC-2023-15942,Weybridge,2023-12-13,2024-01-10,Appeal,,W218,2026-01-14
CC-2024-16801,Weybridge,2024-01-19,2024-05-08,Appeal,,W110,2026-01-14
CC-2023-13549,Calder Central,2023-12-23,2024-02-29,Review,,W110,2026-01-14
CC-2024-13123,Northgate,2024-11-10,2024-11-25,Review,Low,W144,2026-01-14
CC-2023-14538,Weybridge,2023-10-27,2023-11-25,Expedited,,W120,2026-01-14
CC-2025-20236,Calder Central,2025-11-26,,Standard,Low,W171,2026-01-14
CC-2024-21439,Calder Central,2024-08-17,2024-10-26,Appeal,Low,W260,2026-01-14
CC-2025-23711,Calder Central,2025-04-30,2025-06-27,Standard,High,W237,2026-01-14
CC-2023-14548,Weybridge,2023-09-02,2023-10-04,Standard,,W260,2026-01-14
CC-2025-90068,Northgate,2025-08-22,2025-11-26,Appeal,Low,W242,2026-01-14
CC-2024-11801,Weybridge,2024-03-06,2024-03-28,Standard,Low,W243,2026-01-14
CC-2024-15194,Weybridge,2024-12-30,2025-03-05,Standard,Low,W241,2026-01-14
CC-2025-90340,Calder Central,2025-06-09,2025-07-05,Standard,Medium,W200,2026-01-14
CC-2024-11880,Northgate,2024-06-21,2024-08-09,Standard,Low,W259,2026-01-14
CC-2024-90610,Northgate,2024-12-31,2025-01-13,Standard,Medium,W151,2026-01-14
CC-2023-16015,Calder Central,2023-07-19,2023-08-02,Expedited,,W181,2026-01-14
CC-2024-90256,Calder Central,2024-04-20,2024-06-10,Review,Medium,W220,2026-01-14
CC-2024-17442,Northgate,2024-07-20,2024-08-22,Standard,Low,W240,2026-01-14
CC-2024-14383,Northgate,2024-07-19,2024-08-13,Standard,Low,W150,2026-01-14
CC-2024-18326,Northgate,2024-08-17,2024-09-12,Standard,Medium,W118,2026-01-14
CC-2025-15386,Calder Central,2025-01-30,2025-02-26,Standard,Medium,W129,2026-01-14
CC-2023-12528,Weybridge,2023-10-20,2023-11-05,Standard,,W231,2026-01-14
CC-2025-90716,Northgate,2025-06-08,2025-07-28,Complex,Medium,W112,2026-01-14
CC-2025-15345,Calder Central,2025-09-15,,Complex,Medium,W210,2026-01-14
CC-2024-17184,Calder Central,2024-04-22,2024-06-07,Standard,Medium,W115,2026-01-14
CC-2025-90623,Calder Central,2025-08-30,2025-10-06,Standard,Low,W184,2026-01-14
CC-2024-11523,Northgate,2024-02-12,2024-05-28,Complex,,W187,2026-01-14
CC-2025-18591,Northgate,2025-02-15,2025-02-27,Standard,Medium,W195,2026-01-14
CC-2025-12198,Weybridge,2025-09-11,,Review,Low,W191,2026-01-14
CC-2024-20484,Weybridge,2024-01-29,2024-05-29,Complex,,W104,2026-01-14
CC-2024-19247,Northgate,2024-11-25,2024-12-06,Standard,Low,W187,2026-01-14
CC-2024-18549,Weybridge,2024-03-24,2024-05-13,Complex,Medium,W123,2026-01-14
CC-2025-18642,Northgate,2025-08-07,2025-10-25,Appeal,Medium,W185,2026-01-14
CC-2024-90147,Calder Central,2024-05-23,2024-05-30,Expedited,Low,W203,2026-01-14
CC-2025-13657,Calder Central,2025-08-01,2025-09-09,Standard,Low,W240,2026-01-14
CC-2024-12417,Weybridge,2024-10-24,2025-01-06,Standard,High,W125,2026-01-14
CC-2025-23760,Calder Central,2025-03-09,2025-04-12,Standard,Medium,W152,2026-01-14
CC-2025-19949,Weybridge,2025-07-15,2025-08-18,Standard,Low,W149,2026-01-14
CC-2024-19263,Calder Central,2024-11-09,2024-12-02,Review,Medium,W217,2026-01-14
CC-2024-10687,Weybridge,2024-07-11,2024-08-08,Standard,Low,W207,2026-01-14
CC-2023-22937,Northgate,2023-10-10,2023-12-10,Appeal,,W223,2026-01-14
CC-2023-18946,Northgate,2023-11-21,2024-03-04,Complex,,W178,2026-01-14
CC-2024-90559,Calder Central,2024-08-24,2024-09-02,Standard,Medium,W199,2026-01-14
CC-2024-90557,Calder Central,2024-07-08,2024-10-10,Complex,Low,W195,2026-01-14
CC-2025-14967,Calder Central,2025-02-16,2025-03-25,Standard,Medium,W201,2026-01-14
CC-2025-11741,Weybridge,2025-11-15,2025-12-30,Expedited,Medium,W166,2026-01-14
CC-2025-11044,Northgate,2025-10-01,2025-10-11,Expedited,Low,W133,2026-01-14
CC-2023-21703,Weybridge,2023-11-17,2024-01-13,Complex,,W193,2026-01-14
CC-2024-16057,Northgate,2024-06-02,2024-08-04,Standard,Low,W232,2026-01-14
CC-2025-22481,Calder Central,2025-01-18,2025-04-08,Complex,Medium,W183,2026-01-14
CC-2024-24194,Calder Central,2024-10-09,2024-11-01,Standard,Medium,W124,2026-01-14
CC-2023-15226,Northgate,2023-09-20,2023-12-23,Appeal,,W228,2026-01-14
CC-2024-13183,Calder Central,2024-07-15,2024-08-09,Review,Low,W224,2026-01-14
CC-2025-15330,Calder Central,2025-02-19,2025-03-03,Expedited,Medium,W178,2026-01-14
CC-2025-22837,Weybridge,2025-03-28,2025-12-17,Complex,Low,W171,2026-01-14
CC-2024-10474,Weybridge,2024-01-05,2024-02-13,Review,,W166,2026-01-14
CC-2024-15811,Weybridge,2024-09-23,2023-09-02,Complex,Medium,W147,2026-01-14
CC-2025-16076,Northgate,2025-07-08,2025-08-16,Standard,Low,W216,2026-01-14
CC-2023-11063,Northgate,2023-10-28,2023-11-08,Expedited,,W118,2026-01-14
CC-2025-12828,Northgate,2025-03-15,2025-04-08,Standard,Medium,W204,2026-01-14
CC-2023-16341,Calder Central,2023-11-06,2024-02-27,Complex,,W102,2026-01-14
CC-2024-17078,Calder Central,2024-05-20,2024-06-06,Expedited,Low,W193,2026-01-14
CC-2025-18010,Weybridge,2025-11-10,,Complex,High,W209,2026-01-14
CC-2025-90407,Weybridge,2025-01-29,2025-08-08,Complex,Low,W186,2026-01-14
CC-2024-22572,Calder Central,2024-06-08,2024-08-29,Complex,High,W148,2026-01-14
CC-2025-18384,Calder Central,2025-07-25,2025-08-17,Standard,Low,W148,2026-01-14
CC-2025-90424,Northgate,2025-03-17,2025-04-03,Expedited,High,W226,2026-01-14
CC-2025-11211,Northgate,2025-10-01,2025-10-29,Standard,Medium,W237,2026-01-14
CC-2025-90660,Weybridge,2025-06-26,2025-12-12,Complex,Medium,W108,2026-01-14
CC-2025-20415,Northgate,2025-12-17,,Complex,Medium,W117,2026-01-14
CC-2025-11760,Northgate,2025-07-28,2025-08-20,Standard,Medium,W155,2026-01-14
CC-2024-18259,Weybridge,2024-02-03,2024-01-28,Complex,,W109,2026-01-14
CC-2025-18944,Calder Central,2025-02-24,2025-04-09,Review,Low,W247,2026-01-14
CC-2025-12833,Northgate,2025-11-07,,Review,Low,W242,2026-01-14
CC-2023-10488,Northgate,2023-09-17,2024-02-19,Complex,,W208,2026-01-14
CC-2024-15490,Weybridge,2024-04-10,2024-05-13,Review,Low,W260,2026-01-14
CC-2024-13720,Calder Central,2024-11-03,2025-01-11,Complex,Low,W178,2026-01-14
CC-2024-90463,Weybridge,2024-04-30,2024-05-12,Expedited,Low,W102,2026-01-14
CC-2023-14492,Calder Central,2023-10-21,2023-11-24,Standard,,W187,2026-01-14
CC-2024-12970,Calder Central,2024-04-11,2024-06-25,Standard,Medium,W106,2026-01-14
CC-2024-22485,Northgate,2024-08-26,2024-11-28,Complex,High,W126,2026-01-14
CC-2025-16906,Weybridge,2025-02-15,2025-07-12,Complex,Medium,W150,2026-01-14
CC-2024-23803,Weybridge,2024-05-30,2024-10-10,Complex,Low,W203,2026-01-14
CC-2024-19597,Calder Central,2024-06-27,2024-07-23,Standard,Low,W197,2026-01-14
CC-2025-18792,Northgate,2025-12-22,,Standard,Medium,W233,2026-01-14
CC-2025-13416,Northgate,2025-08-08,2025-08-11,Expedited,Medium,W132,2026-01-14
CC-2025-15145,Northgate,2025-12-27,,Standard,Medium,W214,2026-01-14
CC-2024-10411,Calder Central,2024-05-25,2024-06-17,Expedited,Medium,W100,2026-01-14
CC-2024-17351,Calder Central,2024-06-30,2024-08-04,Standard,Medium,W251,2026-01-14
CC-2024-23096,Northgate,2024-04-27,2024-05-17,Standard,Medium,W118,2026-01-14
CC-2025-13191,Calder Central,2025-01-03,2025-01-28,Standard,Low,W246,2026-01-14
CC-2024-17428,Northgate,2024-05-25,2024-07-29,Review,Medium,W217,2026-01-14
CC-2024-13377,Calder Central,2024-11-20,2024-11-28,Expedited,High,W156,2026-01-14
CC-2025-22171,Weybridge,2025-05-15,2025-10-24,Complex,Low,W255,2026-01-14
CC-2025-90496,Calder Central,2025-11-14,2025-12-19,Standard,Low,W242,2026-01-14
CC-2024-20553,Calder Central,2024-07-26,2024-08-29,Review,Medium,W158,2026-01-14
CC-2023-19756,Calder Central,2023-12-21,2024-01-15,Standard,,W158,2026-01-14
CC-2024-21758,Weybridge,2024-04-13,2024-05-01,Standard,Medium,W234,2026-01-14
CC-2024-12614,Northgate,2024-08-08,2024-11-17,Appeal,Low,W239,2026-01-14
CC-2023-12738,Northgate,2023-08-17,2023-10-13,Standard,,W194,2026-01-14
CC-2024-90370,Northgate,2024-09-25,2024-11-01,Complex,Medium,W171,2026-01-14
CC-2024-16546,Calder Central,2024-09-09,2024-09-26,Standard,Low,W157,2026-01-14
CC-2024-21939,Northgate,2024-02-03,2024-03-24,Review,,W142,2026-01-14
CC-2025-10236,Calder Central,2025-06-06,2025-07-24,Standard,Medium,W187,2026-01-14
CC-2024-24122,Weybridge,2024-01-27,,Standard,,W233,2026-01-14
CC-2023-23099,Weybridge,2023-10-05,2023-10-20,Standard,,W229,2026-01-14
CC-2025-10722,Weybridge,2025-03-15,2025-06-27,Standard,Low,W143,2026-01-14
CC-2024-90038,Calder Central,2024-06-02,2024-07-01,Standard,Medium,W172,2026-01-14
CC-2025-18830,Calder Central,2025-08-10,2025-08-26,Expedited,Medium,W112,2026-01-14
CC-2025-90505,Weybridge,2025-05-11,2025-10-16,Complex,Medium,W114,2026-01-14
CC-2023-15519,Calder Central,2023-11-03,2023-11-18,Expedited,,W210,2026-01-14
CC-2024-90569,Northgate,2024-06-28,2024-08-14,Review,Medium,W207,2026-01-14
CC-2025-90383,Weybridge,2025-01-05,2025-11-09,Complex,Low,W121,2026-01-14
CC-2023-23164,Weybridge,2023-12-08,2024-01-20,Standard,,W234,2026-01-14
CC-2023-12314,Calder Central,2023-12-05,2024-02-12,Complex,,W231,2026-01-14
CC-2025-13648,Northgate,2025-10-13,2025-11-21,Appeal,Low,W164,2026-01-14
CC-2023-21594,Weybridge,2023-07-01,2023-07-08,Expedited,,W240,2026-01-14
CC-2025-90468,Weybridge,2025-01-18,2025-03-27,Review,Medium,W129,2026-01-14
CC-2023-15970,Calder Central,2023-11-05,2023-11-20,Standard,,W195,2026-01-14
CC-2024-90489,Northgate,2024-05-31,2024-06-14,Expedited,Low,W161,2026-01-14
CC-2025-21934,Weybridge,2025-01-30,2025-05-08,Standard,Low,W131,2026-01-14
CC-2025-23365,Calder Central,2025-05-24,2025-06-11,Standard,Low,W256,2026-01-14
CC-2025-23355,Calder Central,2025-02-07,2025-04-25,Complex,Low,W139,2026-01-14
CC-2023-16039,Northgate,2023-11-05,2023-11-11,Expedited,,W125,2026-01-14
CC-2025-12802,Calder Central,2025-08-30,2025-09-18,Review,Medium,W199,2026-01-14
CC-2025-90036,Calder Central,2025-06-23,2025-07-24,Expedited,Low,W249,2026-01-14
CC-2025-15718,Calder Central,2025-08-22,2025-09-28,Standard,Low,W170,2026-01-14
CC-2025-20106,Northgate,2025-09-30,2025-11-27,Standard,Low,W227,2026-01-14
CC-2025-19284,Northgate,2025-10-06,2025-12-24,Complex,Low,W238,2026-01-14
CC-2025-11580,Calder Central,2025-09-24,2025-10-10,Standard,Low,W145,2026-01-14
CC-2024-22745,Weybridge,2024-11-03,2024-12-20,Standard,Low,W142,2026-01-14
CC-2024-14239,Calder Central,2024-05-10,2024-05-29,Standard,Low,W257,2026-01-14
CC-2025-15497,Northgate,2025-07-26,2025-08-07,Standard,Medium,W252,2026-01-14
CC-2024-17646,Weybridge,2024-02-01,2024-02-29,Standard,,W124,2026-01-14
CC-2025-17532,Calder Central,2025-10-16,2025-11-01,Expedited,Medium,W115,2026-01-14
CC-2024-14616,Calder Central,2024-11-28,2024-12-19,Standard,Low,W210,2026-01-14
CC-2025-17053,Weybridge,2025-05-27,2025-12-20,Complex,Low,W249,2026-01-14
CC-2024-90135,Northgate,2024-06-02,2024-07-04,Standard,Low,W158,2026-01-14
CC-2024-90599,Weybridge,2024-06-14,2024-07-17,Expedited,Medium,W134,2026-01-14
CC-2023-19360,Weybridge,2023-10-05,2023-11-02,Complex,,W250,2026-01-14
CC-2024-14421,Calder Central,2024-03-22,2024-05-04,Appeal,Medium,W118,2026-01-14
CC-2024-90373,Northgate,2024-12-04,2025-01-03,Standard,Medium,W117,2026-01-14
CC-2024-90209,Northgate,2024-12-28,2025-01-03,Expedited,Medium,W160,2026-01-14
CC-2025-19538,Northgate,2025-08-02,2025-09-13,Standard,Medium,W106,2026-01-14
CC-2024-90752,Weybridge,2024-10-16,2025-02-09,Complex,Low,W218,2026-01-14
CC-2024-16356,Northgate,2024-11-07,2024-11-29,Review,Medium,W131,2026-01-14
CC-2025-90452,Weybridge,2025-02-13,2025-03-18,Standard,Medium,W246,2026-01-14
CC-2025-12625,Calder Central,2025-08-28,2025-10-01,Standard,Medium,W124,2026-01-14
CC-2025-10933,Weybridge,2025-04-25,2025-05-29,Standard,Low,W260,2026-01-14
CC-2023-22882,Weybridge,2023-08-06,2023-09-25,Appeal,,W220,2026-01-14
CC-2023-12237,Weybridge,2023-08-09,2023-11-03,Complex,,W218,2026-01-14
CC-2024-12894,Northgate,2024-07-22,2024-10-05,Standard,Low,W258,2026-01-14
CC-2025-15502,Northgate,2025-12-14,2025-12-31,Expedited,Medium,W220,2026-01-14
CC-2025-90605,Northgate,2025-03-23,2025-05-13,Complex,Medium,W114,2026-01-14
CC-2025-20601,Calder Central,2025-08-06,2025-08-30,Expedited,Low,W123,2026-01-14
CC-2025-17372,Calder Central,2025-02-25,2025-04-06,Standard,Medium,W155,2026-01-14
CC-2025-22500,Weybridge,2025-04-25,2025-06-11,Standard,Medium,W232,2026-01-14
CC-2024-15549,Calder Central,2024-08-16,2024-09-09,Review,Low,W151,2026-01-14
CC-2025-10680,Northgate,2025-05-03,2025-06-05,Complex,Low,W204,2026-01-14
CC-2023-21057,Calder Central,2023-12-14,2024-02-27,Complex,,W137,2026-01-14
CC-2024-17649,Calder Central,2024-05-05,2024-06-03,Standard,Medium,W206,2026-01-14
CC-2024-13592,Northgate,2024-08-31,2024-09-26,Standard,Medium,W257,2026-01-14
CC-2025-14732,Weybridge,2025-07-27,,Review,High,W202,2026-01-14
CC-2024-16683,Northgate,2024-04-08,2024-06-06,Appeal,Medium,W200,2026-01-14
CC-2023-14689,Northgate,2023-07-07,2023-07-30,Review,,W142,2026-01-14
CC-2024-13275,Northgate,2024-09-05,2024-09-11,Expedited,Medium,W106,2026-01-14
CC-2024-22493,Northgate,2024-07-09,2024-08-04,Review,Low,W156,2026-01-14
CC-2024-13667,Calder Central,2024-09-24,2024-10-27,Standard,Low,W141,2026-01-14
CC-2025-90184,Calder Central,2025-07-18,2025-07-25,Expedited,Low,W148,2026-01-14
CC-2024-15009,Weybridge,2024-07-14,2024-08-04,Standard,Medium,W246,2026-01-14
CC-2023-15374,Weybridge,2023-11-14,2023-12-02,Standard,,W104,2026-01-14
CC-2024-90579,Calder Central,2024-04-19,2024-05-08,Standard,Low,W179,2026-01-14
CC-2025-23558,Weybridge,2025-11-28,2025-12-30,Expedited,Low,W242,2026-01-14
CC-2024-90550,Calder Central,2024-03-02,2024-04-23,Review,Low,W148,2026-01-14
CC-2025-90380,Weybridge,2025-03-22,2025-07-20,Standard,Low,W180,2026-01-14
CC-2023-21460,Calder Central,2023-07-08,2023-10-02,Standard,,W192,2026-01-14
CC-2025-10129,Northgate,2025-02-03,2025-02-21,Standard,Medium,W244,2026-01-14
CC-2024-90740,Calder Central,2024-01-01,2024-02-20,Standard,,W223,2026-01-14
CC-2024-10258,Calder Central,2024-03-04,2024-07-09,Complex,Low,W206,2026-01-14
CC-2023-20869,Weybridge,2023-08-14,2023-09-10,Standard,,W231,2026-01-14
CC-2023-21725,Northgate,2023-12-24,2024-01-09,Expedited,,W135,2026-01-14
CC-2025-20858,Northgate,2025-02-04,2025-03-01,Standard,Medium,W158,2026-01-14
CC-2025-14874,Northgate,2025-03-24,2025-05-16,Standard,Low,W190,2026-01-14
CC-2024-20649,Calder Central,2024-08-11,2025-03-25,Appeal,Medium,W244,2026-01-14
CC-2024-19204,Northgate,2024-11-11,2024-11-27,Standard,High,W230,2026-01-14
CC-2023-21956,Weybridge,2023-09-25,2023-10-29,Standard,,W100,2026-01-14
CC-2025-19653,Northgate,2025-03-03,2025-03-12,Expedited,Medium,W252,2026-01-14
CC-2025-16266,Northgate,2025-12-10,,Review,Low,W195,2026-01-14
CC-2024-19986,Northgate,2024-05-16,2024-06-01,Expedited,Medium,W117,2026-01-14
CC-2024-11436,Calder Central,2024-11-09,2025-02-16,Complex,Medium,W230,2026-01-14
CC-2024-90475,Northgate,2024-10-09,2024-11-01,Standard,High,W165,2026-01-14
CC-2025-22802,Calder Central,2025-03-31,,Standard,High,W226,2026-01-14
CC-2024-14355,Calder Central,2024-05-28,2024-06-16,Standard,Low,W163,2026-01-14
CC-2024-10090,Calder Central,2024-06-20,2024-07-04,Expedited,High,W159,2026-01-14
CC-2025-90333,Calder Central,2025-07-31,2025-08-19,Expedited,High,W179,2026-01-14
CC-2025-23428,Calder Central,2025-07-03,2025-08-09,Standard,Medium,W183,2026-01-14
CC-2025-19260,Northgate,2025-08-15,2025-12-23,Complex,Low,W177,2026-01-14
CC-2024-19514,Weybridge,2024-08-27,2024-10-12,Standard,High,W157,2026-01-14
CC-2024-90262,Calder Central,2024-01-20,2024-02-27,Review,,W221,2026-01-14
CC-2023-15399,Weybridge,2023-12-01,2023-12-26,Standard,,W156,2026-01-14
CC-2024-90388,Weybridge,2024-07-26,2024-09-06,Complex,Low,W181,2026-01-14
CC-2024-11729,Weybridge,2024-01-31,2024-03-10,Appeal,,W207,2026-01-14
CC-2023-15299,Calder Central,2023-07-04,2023-09-13,Review,,W216,2026-01-14
CC-2025-20428,Weybridge,2025-11-06,,Review,High,W202,2026-01-14
CC-2024-13570,Calder Central,2024-11-09,2025-03-10,Appeal,Medium,W160,2026-01-14
CC-2024-14365,Calder Central,2024-11-13,2024-12-05,Standard,Low,W227,2026-01-14
CC-2025-10673,Calder Central,2025-10-10,2025-12-08,Complex,High,W190,2026-01-14
CC-2024-14321,Weybridge,2024-06-11,2024-07-22,Standard,Low,W241,2026-01-14
CC-2024-23114,Weybridge,2024-09-29,2024-12-16,Review,Medium,W219,2026-01-14
CC-2024-16538,Northgate,2024-08-15,2024-09-11,Expedited,Medium,W240,2026-01-14
CC-2024-10235,Calder Central,2024-07-01,2024-08-01,Review,Medium,W168,2026-01-14
CC-2025-10905,Calder Central,2025-02-07,2025-02-11,Expedited,Medium,W153,2026-01-14
CC-2024-90691,Weybridge,2024-10-19,2025-04-18,Complex,Low,W121,2026-01-14
CC-2025-20813,Calder Central,2025-05-19,2025-08-09,Complex,Medium,W121,2026-01-14
CC-2023-19391,Calder Central,2023-08-28,2023-10-27,Review,,W186,2026-01-14
CC-2024-13214,Northgate,2024-05-05,2024-05-25,Expedited,Medium,W210,2026-01-14
CC-2024-90503,Northgate,2024-09-01,2024-09-22,Standard,Medium,W189,2026-01-14
CC-2025-90650,Calder Central,2025-04-16,2025-05-30,Review,Low,W176,2026-01-14
CC-2024-14715,Calder Central,2024-05-26,2024-06-24,Expedited,High,W136,2026-01-14
CC-2023-10071,Calder Central,2023-09-25,2023-11-03,Review,,W216,2026-01-14
CC-2024-23606,Northgate,2024-09-20,2024-11-01,Standard,High,W145,2026-01-14
CC-2025-23884,Calder Central,2025-03-11,2025-03-28,Standard,Medium,W112,2026-01-14
CC-2024-12024,Calder Central,2024-04-06,2024-05-13,Standard,Low,W238,2026-01-14
CC-2024-23658,Calder Central,2024-11-24,2024-12-25,Complex,Medium,W225,2026-01-14
CC-2025-90349,Calder Central,2025-08-22,2025-09-22,Standard,Medium,W239,2026-01-14
CC-2024-22379,Calder Central,2024-12-10,2025-01-27,Review,Medium,W260,2026-01-14
CC-2025-90361,Calder Central,2025-12-15,2025-12-28,Expedited,Medium,W102,2026-01-14
CC-2025-17683,Calder Central,2025-12-29,,Complex,Medium,W146,2026-01-14
CC-2023-14814,Calder Central,2023-12-24,2024-01-22,Expedited,,W134,2026-01-14
CC-2024-13500,Northgate,2024-09-07,2024-10-08,Expedited,Low,W128,2026-01-14
CC-2025-22337,Weybridge,2025-05-27,2025-12-05,Complex,Medium,W157,2026-01-14
CC-2023-12283,Northgate,2023-10-01,2023-10-17,Standard,,W239,2026-01-14
CC-2023-11736,Northgate,2023-09-03,2023-10-08,Complex,,W260,2026-01-14
CC-2024-10532,Northgate,2024-10-04,2024-10-27,Standard,Low,W203,2026-01-14
CC-2025-14598,Weybridge,2025-10-18,2025-11-10,Appeal,Low,W128,2026-01-14
CC-2024-90004,Northgate,2024-05-09,2024-06-04,Standard,Medium,W144,2026-01-14
CC-2023-24178,Weybridge,2023-11-01,2023-12-08,Standard,,W244,2026-01-14
CC-2023-19433,Northgate,2023-09-09,2023-09-23,Standard,,W192,2026-01-14
CC-2024-90238,Calder Central,2024-10-25,2024-11-24,Standard,Medium,W215,2026-01-14
CC-2024-24094,Calder Central,2024-08-02,2024-09-10,Review,Medium,W209,2026-01-14
CC-2025-14389,Northgate,2025-01-05,2025-01-27,Review,Low,W197,2026-01-14
CC-2025-16152,Weybridge,2025-05-14,2025-06-24,Review,Medium,W189,2026-01-14
CC-2024-20792,Northgate,2024-03-29,2024-04-04,Expedited,High,W244,2026-01-14
CC-2025-21151,Calder Central,2025-06-20,2025-07-12,Standard,Low,W178,2026-01-14
CC-2024-12650,Calder Central,2024-04-27,2024-07-05,Standard,Low,W202,2026-01-14
CC-2024-11509,Weybridge,2024-05-01,2024-06-09,Standard,Low,W260,2026-01-14
CC-2025-18777,Calder Central,2025-11-02,2025-12-06,Review,Low,W100,2026-01-14
CC-2025-13988,Northgate,2025-09-21,2025-10-22,Standard,Medium,W227,2026-01-14
CC-2024-20385,Northgate,2024-11-25,2024-12-12,Standard,High,W161,2026-01-14
CC-2024-19172,Weybridge,2024-11-01,2024-12-08,Expedited,Medium,W220,2026-01-14
CC-2025-21340,Calder Central,2025-10-10,2025-11-29,Appeal,Medium,W102,2026-01-14
CC-2024-15646,Northgate,2024-10-27,2025-01-01,Complex,Medium,W122,2026-01-14
CC-2023-19773,Weybridge,2023-12-08,2024-01-14,Standard,,W238,2026-01-14
CC-2024-16435,Northgate,2024-05-05,2024-08-02,Review,High,W222,2026-01-14
CC-2025-12940,Northgate,2025-04-15,2025-06-05,Review,Medium,W190,2026-01-14
CC-2023-13966,Weybridge,2023-07-07,2023-08-29,Standard,,W146,2026-01-14
CC-2025-23891,Calder Central,2025-12-24,,Standard,Low,W257,2026-01-14
CC-2025-20510,Weybridge,2025-09-01,2025-10-19,Expedited,Medium,W180,2026-01-14
CC-2024-13049,Weybridge,2024-09-08,2025-05-20,Complex,High,W217,2026-01-14
CC-2024-90094,Northgate,2024-07-25,2024-09-06,Standard,Low,W123,2026-01-14
CC-2024-18875,Weybridge,2024-08-07,2024-11-09,Complex,Medium,W190,2026-01-14
CC-2024-17297,Calder Central,2024-07-26,2024-09-17,Appeal,Medium,W216,2026-01-14
CC-2024-90281,Weybridge,2024-03-29,2024-05-02,Standard,Low,W203,2026-01-14
CC-2024-21199,Calder Central,2024-09-10,2024-10-06,Standard,High,W124,2026-01-14
CC-2024-12258,Northgate,2024-06-23,2024-08-22,Review,Medium,W224,2026-01-14
CC-2025-19766,Northgate,2025-01-24,2025-02-25,Standard,Low,W230,2026-01-14
CC-2024-16583,Northgate,2024-11-12,2024-12-22,Complex,Medium,W183,2026-01-14
CC-2025-14883,Calder Central,2025-03-28,2025-06-10,Complex,Low,W153,2026-01-14
CC-2024-15824,Calder Central,2024-03-20,2024-05-14,Complex,High,W168,2026-01-14
CC-2025-19654,Calder Central,2025-01-07,2025-01-27,Standard,Medium,W234,2026-01-14
CC-2025-90718,Northgate,2025-04-10,2025-05-09,Standard,Low,W239,2026-01-14
CC-2024-22153,Northgate,2024-09-24,2024-11-12,Review,Medium,W151,2026-01-14
CC-2023-13451,Northgate,2023-09-15,2023-11-02,Standard,,W244,2026-01-14
CC-2023-17398,Calder Central,2023-08-07,2023-09-17,Standard,,W186,2026-01-14
CC-2023-15929,Weybridge,2023-07-19,2023-08-17,Standard,,W127,2026-01-14
CC-2023-17341,Northgate,2023-08-22,2023-09-21,Standard,,W258,2026-01-14
CC-2025-16958,Northgate,2025-04-25,2025-06-02,Standard,Low,W172,2026-01-14
CC-2024-18252,Northgate,2024-10-23,2025-01-08,Complex,Low,W142,2026-01-14
CC-2025-90362,Weybridge,2025-11-30,,Review,Low,W120,2026-01-14
CC-2025-90308,Calder Central,2025-05-28,2025-06-29,Review,Medium,W218,2026-01-14
CC-2024-20460,Northgate,2024-02-20,2024-05-23,Complex,,W190,2026-01-14
CC-2025-17234,Calder Central,2025-06-15,2025-07-02,Standard,Medium,W250,2026-01-14
CC-2024-11228,Northgate,2024-02-26,2024-03-16,Standard,,W240,2026-01-14
CC-2024-16758,Calder Central,2024-03-01,2024-04-13,Review,Medium,W219,2026-01-14
CC-2025-90012,Calder Central,2025-12-22,,Complex,Low,W192,2026-01-14
CC-2025-17067,Calder Central,2025-05-20,2025-06-15,Standard,High,W119,2026-01-14
CC-2025-14956,Calder Central,2025-03-01,2025-03-16,Expedited,Low,W177,2026-01-14
CC-2025-11584,Weybridge,2025-09-11,2025-11-15,Standard,Low,W139,2026-01-14
CC-2025-19306,Northgate,2025-09-15,2025-11-05,Review,High,W226,2026-01-14
CC-2025-13391,Northgate,2025-12-31,,Complex,Medium,W187,2026-01-14
CC-2025-19870,Weybridge,2025-04-23,2025-07-07,Complex,Low,W110,2026-01-14
CC-2024-23685,Calder Central,2024-12-27,2025-01-15,Standard,Medium,W219,2026-01-14
CC-2025-18518,Northgate,2025-12-17,,Review,Low,W238,2026-01-14
CC-2024-20068,Calder Central,2024-04-12,2024-05-10,Standard,Medium,W225,2026-01-14
CC-2025-17770,Northgate,2025-11-14,2025-12-11,Review,Medium,W131,2026-01-14
CC-2025-20921,Calder Central,2025-05-05,2025-05-17,Standard,Low,W137,2026-01-14
CC-2024-90692,Weybridge,2024-01-11,2024-01-21,Standard,,W102,2026-01-14
CC-2025-15293,Calder Central,2025-06-30,2025-08-21,Review,Medium,W230,2026-01-14
CC-2025-11119,Calder Central,2025-01-27,2025-03-03,Standard,Low,W145,2026-01-14
CC-2023-20185,Weybridge,2023-11-29,2023-12-18,Standard,,W152,2026-01-14
CC-2023-16819,Weybridge,2023-10-08,2023-12-04,Standard,,W100,2026-01-14
CC-2024-90096,Calder Central,2024-06-09,2024-07-25,Complex,Low,W179,2026-01-14
CC-2023-15044,Calder Central,2023-09-25,2023-10-10,Review,,W100,2026-01-14
CC-2025-90286,Northgate,2025-09-14,2025-09-22,Expedited,Low,W198,2026-01-14
CC-2024-21476,Weybridge,2024-07-22,2024-10-03,Complex,High,W126,2026-01-14
CC-2025-90320,Calder Central,2025-03-02,2025-03-22,Expedited,Medium,W112,2026-01-14
CC-2024-14436,Weybridge,2024-12-08,2025-12-29,Complex,High,W173,2026-01-14
CC-2024-90583,Weybridge,2024-12-17,2025-03-13,Standard,Low,W244,2026-01-14
CC-2023-22808,Weybridge,2023-09-06,2023-09-12,Standard,,W132,2026-01-14
CC-2025-90478,Calder Central,2025-12-28,,Complex,Medium,W234,2026-01-14
CC-2025-19387,Northgate,2025-05-30,2025-08-09,Standard,Low,W140,2026-01-14
CC-2024-20574,Calder Central,2024-08-11,2024-08-26,Standard,Medium,W200,2026-01-14
CC-2025-10389,Northgate,2025-05-02,2025-05-20,Review,Low,W129,2026-01-14
CC-2024-90160,Weybridge,2024-03-18,2024-04-15,Standard,Medium,W225,2026-01-14
CC-2025-20330,Weybridge,2025-11-14,2025-12-06,Complex,Low,W179,2026-01-14
CC-2024-90515,Northgate,2024-09-21,2025-03-29,Appeal,Low,W222,2026-01-14
CC-2024-10049,Northgate,2024-03-04,2024-04-03,Standard,Medium,W105,2026-01-14
CC-2025-20838,Calder Central,2025-09-26,2025-11-13,Complex,Low,W111,2026-01-14
CC-2023-17950,Weybridge,2023-09-15,2023-10-06,Standard,,W175,2026-01-14
CC-2024-20242,Northgate,2024-09-26,2025-02-07,Expedited,Low,W203,2026-01-14
CC-2025-16138,Weybridge,2025-01-08,2025-03-12,Review,Medium,W231,2026-01-14
CC-2024-19862,Calder Central,2024-06-07,2024-07-11,Standard,Low,W194,2026-01-14
CC-2024-23396,Weybridge,2024-03-03,2024-06-09,Appeal,Medium,W190,2026-01-14
CC-2025-22522,Northgate,2025-09-14,2025-11-06,Review,Medium,W184,2026-01-14
CC-2025-23865,Calder Central,2025-11-26,2025-12-22,Standard,High,W170,2026-01-14
CC-2023-21482,Northgate,2023-08-13,2023-09-14,Standard,,W172,2026-01-14
CC-2024-90396,Northgate,2024-07-14,2024-08-19,Standard,High,W259,2026-01-14
CC-2025-17590,Northgate,2025-03-21,2025-05-12,Standard,Low,W202,2026-01-14
CC-2025-15938,Weybridge,2025-12-25,,Standard,Low,W251,2026-01-14
CC-2025-90189,Northgate,2025-08-27,2025-12-07,Complex,Low,W227,2026-01-14
CC-2025-21850,Calder Central,2025-12-21,,Appeal,Low,W172,2026-01-14
CC-2024-18847,Calder Central,2024-05-02,2024-05-28,Standard,Medium,W242,2026-01-14
CC-2024-12448,Calder Central,2024-05-31,2024-07-17,Standard,Medium,W141,2026-01-14
CC-2025-12773,Northgate,2025-06-30,2025-08-28,Appeal,Low,W183,2026-01-14
CC-2024-14510,Weybridge,2024-05-26,2024-07-14,Standard,High,W118,2026-01-14
CC-2025-90657,Northgate,2025-12-08,2025-12-30,Standard,Low,W202,2026-01-14
CC-2023-13506,Northgate,2023-10-20,2023-12-14,Complex,,W226,2026-01-14
CC-2024-10445,Weybridge,2024-10-21,2025-03-13,Complex,Low,W101,2026-01-14
CC-2025-21150,Calder Central,2025-12-03,,Complex,Low,W246,2026-01-14
CC-2025-13410,Weybridge,2025-03-28,2025-11-09,Complex,High,W147,2026-01-14
CC-2024-21632,Weybridge,2024-01-18,2024-02-27,Standard,,W244,2026-01-14
CC-2024-15162,Northgate,2024-02-12,2024-03-04,Appeal,,W116,2026-01-14
CC-2024-13010,Northgate,2024-04-01,2024-05-06,Standard,High,W194,2026-01-14
CC-2024-10742,Weybridge,2024-06-14,2024-08-07,Standard,Low,W210,2026-01-14
CC-2025-90165,Northgate,2025-07-07,2025-08-01,Review,High,W101,2026-01-14
CC-2024-90611,Weybridge,2024-02-04,2024-05-11,Complex,,W105,2026-01-14
CC-2023-12078,Calder Central,2023-10-21,2024-02-06,Appeal,,W214,2026-01-14
CC-2025-14425,Weybridge,2025-03-12,2025-06-05,Review,Medium,W103,2026-01-14
CC-2025-90399,Calder Central,2025-04-19,2025-05-13,Standard,Medium,W234,2026-01-14
CC-2025-12107,Calder Central,2025-08-18,2025-09-14,Review,Medium,W115,2026-01-14
CC-2024-90104,Northgate,2024-08-27,2024-09-07,Expedited,Low,W193,2026-01-14
CC-2024-90655,Weybridge,2024-06-05,2024-08-08,Complex,Low,W178,2026-01-14
CC-2025-22886,Calder Central,2025-07-15,2025-09-21,Standard,Medium,W152,2026-01-14
CC-2025-13913,Calder Central,2025-11-27,,Appeal,Low,W130,2026-01-14
CC-2024-11957,Calder Central,2024-05-20,2024-09-09,Complex,Medium,W126,2026-01-14
CC-2024-19854,Calder Central,2024-12-09,2025-01-02,Standard,High,W135,2026-01-14
CC-2025-15756,Northgate,2025-05-03,2025-08-27,Complex,Medium,W110,2026-01-14
CC-2025-90044,Northgate,2025-11-26,2025-12-08,Standard,Medium,W207,2026-01-14
CC-2025-18292,Northgate,2025-02-10,2025-04-06,Complex,Medium,W215,2026-01-14
CC-2025-10380,Weybridge,2025-02-19,2025-11-03,Complex,Medium,W228,2026-01-14
CC-2024-90065,Weybridge,2024-06-21,2024-07-29,Standard,Low,W208,2026-01-14
CC-2024-19925,Calder Central,2024-12-30,2025-01-18,Standard,Low,W137,2026-01-14
CC-2025-14517,Weybridge,2025-05-20,2025-06-29,Standard,Low,W150,2026-01-14
CC-2024-24106,Weybridge,2024-06-07,2024-06-16,Standard,Low,W122,2026-01-14
CC-2023-11413,Weybridge,2023-11-30,2024-02-23,Complex,,W248,2026-01-14
CC-2025-90086,Weybridge,2025-11-17,,Complex,Low,W143,2026-01-14
CC-2024-90596,Northgate,2024-06-29,2024-07-24,Standard,Medium,W231,2026-01-14
CC-2025-12466,Calder Central,2025-07-26,2025-08-06,Expedited,Low,W222,2026-01-14
CC-2024-13544,Weybridge,2024-04-27,2024-06-16,Review,Medium,W167,2026-01-14
CC-2025-90132,Calder Central,2025-06-22,2025-09-01,Complex,High,W227,2026-01-14
CC-2024-17648,Weybridge,2024-06-19,2024-08-16,Complex,Low,W127,2026-01-14
CC-2025-15795,Calder Central,2025-12-10,,Review,Low,W128,2026-01-14
CC-2023-12395,Calder Central,2023-10-10,2023-10-22,Expedited,,W159,2026-01-14
CC-2023-17261,Calder Central,2023-12-15,2024-01-07,Standard,,W208,2026-01-14
CC-2023-13568,Weybridge,2023-07-11,2023-08-17,Review,,W188,2026-01-14
CC-2024-12381,Weybridge,2024-01-09,2023-05-04,Complex,,W163,2026-01-14
CC-2025-23258,Weybridge,2025-03-02,2025-04-19,Standard,Medium,W186,2026-01-14
CC-2023-11239,Weybridge,2023-10-23,2023-12-02,Standard,,W243,2026-01-14
CC-2025-90497,Northgate,2025-08-25,2025-09-05,Standard,Low,W117,2026-01-14
CC-2024-20812,Calder Central,2024-05-26,2024-06-23,Standard,High,W111,2026-01-14
CC-2025-90595,Northgate,2025-02-06,2025-04-08,Complex,Low,W188,2026-01-14
CC-2023-15372,Northgate,2023-12-14,2024-01-01,Standard,,W122,2026-01-14
CC-2024-90414,Northgate,2024-03-02,2024-03-19,Standard,Low,W137,2026-01-14
CC-2024-12524,Northgate,2024-12-23,2025-01-18,Appeal,Low,W231,2026-01-14
CC-2024-90679,Weybridge,2024-07-03,2024-07-26,Standard,Low,W231,2026-01-14
CC-2025-19179,Northgate,2025-01-01,2025-05-19,Appeal,Low,W131,2026-01-14
CC-2025-16372,Northgate,2025-07-07,2025-09-22,Complex,Medium,W138,2026-01-14
CC-2024-21968,Calder Central,2024-02-22,2024-03-22,Standard,,W178,2026-01-14
CC-2025-21106,Weybridge,2025-10-06,2025-11-17,Expedited,Medium,W205,2026-01-14
CC-2025-17937,Weybridge,2025-06-08,2025-07-10,Standard,High,W124,2026-01-14
CC-2025-14879,Northgate,2025-10-09,2025-11-13,Standard,Medium,W183,2026-01-14
CC-2024-16737,Weybridge,2024-07-30,2024-10-17,Standard,Medium,W112,2026-01-14
CC-2024-12319,Calder Central,2024-04-27,2024-05-17,Standard,Low,W208,2026-01-14
CC-2024-10864,Northgate,2024-10-04,2024-10-16,Expedited,Low,W259,2026-01-14
CC-2025-18586,Calder Central,2025-07-26,2025-08-09,Expedited,Low,W244,2026-01-14
CC-2025-90011,Weybridge,2025-01-17,2025-03-06,Standard,Low,W102,2026-01-14
CC-2024-90446,Weybridge,2024-07-22,2024-09-03,Standard,Medium,W258,2026-01-14
CC-2025-16927,Weybridge,2025-04-06,2025-06-02,Standard,Medium,W193,2026-01-14
CC-2024-13299,Northgate,2024-01-12,2024-02-29,Review,,W215,2026-01-14
CC-2025-18805,Weybridge,2025-11-18,,Standard,Low,W220,2026-01-14
CC-2023-18477,Calder Central,2023-08-03,2023-08-24,Standard,,W206,2026-01-14
CC-2025-21088,Calder Central,2025-06-04,2025-07-11,Standard,Low,W146,2026-01-14
CC-2025-13784,Northgate,2025-10-16,2025-11-18,Standard,Low,W173,2026-01-14
CC-2025-23681,Weybridge,2025-02-06,2025-03-31,Complex,Low,W115,2026-01-14
CC-2025-15788,Northgate,2025-05-23,2025-06-16,Standard,Medium,W214,2026-01-14
CC-2025-17743,Weybridge,2025-03-14,2025-10-01,Complex,High,W190,2026-01-14
CC-2025-14252,Calder Central,2025-11-04,2025-11-19,Expedited,High,W242,2026-01-14
CC-2024-18909,Northgate,2024-12-04,2025-01-07,Complex,High,W159,2026-01-14
CC-2025-90183,Weybridge,2025-09-13,,Review,Medium,W229,2026-01-14
CC-2023-21674,Weybridge,2023-08-17,2023-10-21,Standard,,W209,2026-01-14
CC-2025-23656,Weybridge,2025-10-11,2025-12-24,Standard,High,W119,2026-01-14
CC-2024-90159,Northgate,2024-04-22,2024-06-20,Complex,Low,W155,2026-01-14
CC-2025-19373,Calder Central,2025-03-28,2025-05-08,Standard,Medium,W184,2026-01-14
CC-2025-90773,Weybridge,2025-05-05,2025-09-30,Complex,Medium,W138,2026-01-14
CC-2025-20025,Weybridge,2025-04-02,2025-07-21,Appeal,Low,W187,2026-01-14
CC-2023-15611,Weybridge,2023-10-12,2024-01-16,Complex,,W118,2026-01-14
CC-2024-16321,Calder Central,2024-06-04,2024-07-21,Expedited,Medium,W137,2026-01-14
CC-2025-20994,Northgate,2025-08-03,2025-10-01,Standard,Low,W193,2026-01-14
CC-2024-22709,Northgate,2024-09-20,2024-10-29,Standard,Medium,W185,2026-01-14
CC-2025-90091,Calder Central,2025-02-21,2025-04-21,Appeal,Low,W255,2026-01-14
CC-2025-20051,Calder Central,2025-08-15,2025-09-06,Standard,Medium,W198,2026-01-14
CC-2023-15658,Weybridge,2023-10-11,2023-10-26,Expedited,,W143,2026-01-14
CC-2024-13497,Northgate,2024-02-18,2024-03-25,Complex,,W225,2026-01-14
CC-2024-17545,Northgate,2024-05-20,2024-06-18,Standard,Medium,W154,2026-01-14
CC-2023-16384,Calder Central,2023-10-25,2023-11-17,Standard,,W257,2026-01-14
CC-2023-17237,Northgate,2023-09-24,2023-10-20,Review,,W111,2026-01-14
CC-2025-90246,Weybridge,2025-05-12,2025-06-19,Standard,Low,W147,2026-01-14
CC-2024-16310,Calder Central,2024-03-19,2024-04-30,Complex,Medium,W146,2026-01-14
CC-2024-14216,Northgate,2024-10-19,2024-11-02,Expedited,Low,W148,2026-01-14
CC-2024-17235,Northgate,2024-06-20,2024-07-13,Standard,Low,W211,2026-01-14
CC-2025-17422,Weybridge,2025-07-26,2025-10-15,Complex,High,W169,2026-01-14
CC-2023-18906,Northgate,2023-10-25,2023-12-07,Complex,,W184,2026-01-14
CC-2025-23806,Calder Central,2025-04-23,2025-05-04,Expedited,Low,W118,2026-01-14
CC-2024-11673,Calder Central,2024-11-29,2025-01-13,Appeal,Low,W226,2026-01-14
CC-2024-15460,Calder Central,2024-03-18,2024-04-23,Review,Medium,W102,2026-01-14
CC-2024-14338,Calder Central,2024-02-05,2024-04-21,Complex,,W223,2026-01-14
CC-2025-90248,Northgate,2025-02-27,2025-04-17,Standard,Medium,W228,2026-01-14
CC-2024-18298,Calder Central,2024-11-05,2025-01-01,Expedited,Low,W109,2026-01-14
CC-2025-10643,Northgate,2025-08-12,2025-09-25,Complex,Medium,W241,2026-01-14
CC-2025-20457,Weybridge,2025-06-16,2025-09-25,Standard,Low,W148,2026-01-14
CC-2025-23786,Weybridge,2025-05-30,2025-07-09,Standard,Low,W213,2026-01-14
CC-2024-22396,Northgate,2024-07-25,2024-07-30,Expedited,Low,W239,2026-01-14
CC-2024-11115,Calder Central,2024-10-06,2024-11-27,Review,Low,W251,2026-01-14
CC-2025-11195,Calder Central,2025-09-05,,Expedited,Low,W230,2026-01-14
CC-2025-17884,Calder Central,2025-01-31,2025-03-11,Review,Low,W184,2026-01-14
CC-2025-90276,Northgate,2025-04-10,2025-05-02,Standard,Low,W186,2026-01-14
CC-2023-21792,Northgate,2023-08-02,2023-08-07,Expedited,,W258,2026-01-14
CC-2024-90041,Northgate,2024-09-20,2024-10-20,Standard,Medium,W129,2026-01-14
CC-2023-20788,Northgate,2023-09-15,2023-12-15,Standard,,W118,2026-01-14
CC-2024-12671,Northgate,2024-11-09,2024-11-17,Standard,Medium,W121,2026-01-14
CC-2025-17383,Calder Central,2025-04-05,2025-05-01,Standard,High,W150,2026-01-14
CC-2025-90588,Weybridge,2025-08-14,,Complex,Low,W256,2026-01-14
CC-2024-10047,Calder Central,2024-06-22,2024-07-17,Standard,Medium,W256,2026-01-14
CC-2024-10954,Weybridge,2024-07-06,2024-07-29,Standard,Low,W245,2026-01-14
CC-2023-13181,Northgate,2023-10-11,2023-11-07,Review,,W100,2026-01-14
CC-2024-19353,Weybridge,2024-11-05,2025-02-20,Complex,High,W113,2026-01-14
CC-2024-23998,Calder Central,2024-02-10,2024-03-23,Review,,W114,2026-01-14
CC-2023-20370,Weybridge,2023-08-07,2023-09-13,Complex,,W198,2026-01-14
CC-2024-10936,Weybridge,2024-04-30,2024-06-20,Complex,Medium,W186,2026-01-14
CC-2025-15920,Weybridge,2025-02-24,2025-06-02,Standard,Low,W163,2026-01-14
CC-2025-16190,Northgate,2025-03-11,2025-04-16,Appeal,Medium,W172,2026-01-14
CC-2024-15957,Weybridge,2024-10-25,2024-12-27,Complex,Low,W171,2026-01-14
CC-2024-11405,Calder Central,2024-04-28,2024-05-19,Standard,Medium,W182,2026-01-14
CC-2025-18572,Northgate,2025-01-04,2025-02-01,Standard,High,W260,2026-01-14
CC-2024-12015,Northgate,2024-08-07,2024-08-30,Standard,Low,W183,2026-01-14
CC-2024-90416,Weybridge,2024-11-14,2025-01-14,Standard,Medium,W192,2026-01-14
CC-2025-21609,Calder Central,2025-07-13,,Complex,High,W122,2026-01-14
CC-2023-21209,Calder Central,2023-10-08,2023-11-27,Review,,W107,2026-01-14
CC-2025-15199,Northgate,2025-08-30,2025-12-08,Complex,Medium,W105,2026-01-14
CC-2024-90491,Calder Central,2024-03-04,2024-06-21,Complex,Low,W116,2026-01-14
CC-2024-20815,Northgate,2024-02-05,2024-03-31,Review,,W252,2026-01-14
CC-2025-90637,Calder Central,2025-07-31,2025-12-30,Complex,Medium,W169,2026-01-14
CC-2024-21378,Calder Central,2024-05-23,2024-08-15,Complex,Medium,W118,2026-01-14
CC-2025-90289,Calder Central,2025-09-16,2025-10-11,Standard,Medium,W192,2026-01-14
CC-2025-19083,Calder Central,2025-10-12,2025-11-04,Standard,Medium,W153,2026-01-14
CC-2024-12623,Calder Central,2024-03-01,2024-04-11,Review,Low,W239,2026-01-14
CC-2025-14884,Calder Central,2025-03-06,2025-03-12,Expedited,Low,W241,2026-01-14
CC-2024-90634,Northgate,2024-06-23,2024-07-29,Review,Low,W258,2026-01-14
CC-2025-10817,Calder Central,2025-03-10,2025-05-21,Standard,High,W198,2026-01-14
CC-2023-13487,Northgate,2023-10-21,2023-11-16,Standard,,W186,2026-01-14
CC-2024-20114,Calder Central,2024-01-02,2024-02-15,Complex,,W106,2026-01-14
CC-2024-14372,Weybridge,2024-10-21,2024-11-29,Standard,Low,W234,2026-01-14
CC-2024-16508,Calder Central,2024-03-02,2024-04-06,Standard,Medium,W133,2026-01-14
CC-2025-12220,Weybridge,2025-11-10,,Complex,Medium,W174,2026-01-14
CC-2024-90628,Calder Central,2024-04-11,2024-06-07,Appeal,Low,W201,2026-01-14
CC-2024-20289,Northgate,2024-06-21,,Appeal,Medium,W104,2026-01-14
CC-2025-14310,Northgate,2025-01-29,2025-03-19,Complex,Medium,W167,2026-01-14
CC-2025-13164,Calder Central,2025-04-01,2025-05-13,Complex,Medium,W255,2026-01-14
CC-2025-23718,Northgate,2025-04-27,2025-06-16,Standard,Medium,W147,2026-01-14
CC-2024-90093,Calder Central,2024-01-30,2024-04-02,Review,,W241,2026-01-14
CC-2025-90404,Northgate,2025-02-22,2025-05-30,Complex,Medium,W137,2026-01-14
CC-2025-24092,Calder Central,2025-04-23,2025-05-15,Standard,High,W187,2026-01-14
CC-2023-15981,Calder Central,2023-07-14,2022-11-02,Standard,,W216,2026-01-14
CC-2025-13879,Northgate,2025-03-04,2025-04-02,Standard,Medium,W125,2026-01-14
CC-2024-19904,Weybridge,2024-03-15,2024-03-29,Review,Low,W213,2026-01-14
CC-2024-12673,Calder Central,2024-08-20,2024-10-19,Standard,Low,W225,2026-01-14
CC-2024-20348,Weybridge,2024-08-23,2024-11-27,Standard,Low,W209,2026-01-14
CC-2024-20579,Northgate,2024-07-21,2024-08-29,Review,Low,W203,2026-01-14
CC-2024-12273,Weybridge,2024-02-15,2024-04-09,Review,,W160,2026-01-14
CC-2024-90311,Weybridge,2024-10-08,2024-12-14,Complex,Medium,W259,2026-01-14
CC-2025-13798,Weybridge,2025-06-15,2025-08-28,Complex,Low,W200,2026-01-14
CC-2024-19492,Northgate,2024-06-15,2024-07-05,Standard,Medium,W248,2026-01-14
CC-2024-16567,Weybridge,2024-05-23,2024-08-02,Review,Low,W242,2026-01-14
CC-2024-17460,Northgate,2024-04-05,2024-06-06,Standard,Low,W113,2026-01-14
CC-2024-23831,Weybridge,2024-04-16,2024-05-20,Appeal,Low,W232,2026-01-14
CC-2025-20607,Calder Central,2025-04-13,2025-05-26,Standard,Medium,W208,2026-01-14
CC-2024-21043,Northgate,2024-01-01,2024-01-20,Standard,,W223,2026-01-14
CC-2024-16698,Northgate,2024-09-01,2024-09-20,Appeal,Medium,W204,2026-01-14
CC-2025-23013,Weybridge,2025-05-26,2025-09-06,Complex,Low,W239,2026-01-14
CC-2024-90278,Calder Central,2024-01-27,2024-03-09,Appeal,,W248,2026-01-14
CC-2025-22146,Northgate,2025-07-26,,Standard,High,W143,2026-01-14
CC-2024-11792,Northgate,2024-05-24,2024-06-11,Standard,Medium,W250,2026-01-14
CC-2024-90099,Northgate,2024-01-08,2024-03-13,Complex,,W141,2026-01-14
CC-2023-12205,Calder Central,2023-08-27,2023-10-01,Standard,,W158,2026-01-14
CC-2024-17831,Weybridge,2024-02-12,2024-02-28,Standard,,W196,2026-01-14
CC-2023-18604,Weybridge,2023-10-15,2023-11-11,Standard,,W238,2026-01-14
CC-2024-22965,Calder Central,2024-02-29,2024-04-07,Standard,,W228,2026-01-14
CC-2024-10719,Northgate,2024-03-12,2024-04-30,Standard,High,W204,2026-01-14
CC-2025-12675,Northgate,2025-06-26,2025-07-25,Standard,Low,W189,2026-01-14
CC-2024-15415,Northgate,2024-01-09,2024-02-02,Standard,,W192,2026-01-14
CC-2023-13724,Weybridge,2023-08-15,2023-09-05,Standard,,W123,2026-01-14
CC-2024-15946,Weybridge,2024-09-16,2025-01-04,Review,Medium,W185,2026-01-14
CC-2023-21024,Northgate,2023-09-11,2023-09-28,Standard,,W258,2026-01-14
CC-2024-23620,Northgate,2024-09-17,2024-11-23,Appeal,High,W152,2026-01-14
CC-2023-12994,Calder Central,2023-11-07,2024-01-04,Complex,,W187,2026-01-14
CC-2025-13690,Weybridge,2025-06-11,2025-08-21,Standard,Low,W189,2026-01-14
CC-2025-90119,Calder Central,2025-12-16,,Expedited,Low,W169,2026-01-14
CC-2024-11292,Northgate,2024-11-27,2024-12-12,Standard,Medium,W243,2026-01-14
CC-2025-16387,Northgate,2025-03-30,2025-05-01,Complex,Low,W142,2026-01-14
CC-2023-17411,Weybridge,2023-10-05,2023-10-30,Standard,,W134,2026-01-14
CC-2024-90101,Calder Central,2024-04-30,2024-05-19,Expedited,Low,W127,2026-01-14
CC-2025-17821,Calder Central,2025-10-20,2025-11-03,Standard,Low,W194,2026-01-14
CC-2025-22207,Calder Central,2025-03-29,2025-05-13,Review,Low,W135,2026-01-14
CC-2025-16522,Calder Central,2025-05-15,2025-10-02,Complex,Low,W191,2026-01-14
CC-2023-18419,Calder Central,2023-07-07,2023-07-24,Standard,,W105,2026-01-14
CC-2025-10874,Calder Central,2025-11-03,2025-12-19,Standard,High,W102,2026-01-14
CC-2025-11201,Northgate,2025-04-17,2025-05-29,Standard,Medium,W185,2026-01-14
CC-2023-16802,Calder Central,2023-09-04,2023-10-06,Standard,,W194,2026-01-14
CC-2024-20210,Weybridge,2024-09-27,2024-11-30,Review,Medium,W240,2026-01-14
CC-2024-14916,Calder Central,2024-02-18,2024-04-08,Complex,,W190,2026-01-14
CC-2024-14360,Weybridge,2024-12-08,2025-02-19,Complex,Low,W137,2026-01-14
CC-2025-90330,Northgate,2025-05-22,2025-06-10,Expedited,High,W222,2026-01-14
CC-2025-22415,Weybridge,2025-03-15,2025-04-28,Review,Medium,W127,2026-01-14
CC-2024-90353,Weybridge,2024-11-30,2025-07-15,Appeal,Medium,W210,2026-01-14
CC-2023-11579,Calder Central,2023-12-18,2024-01-23,Standard,,W166,2026-01-14
CC-2025-22118,Weybridge,2025-11-25,,Complex,Medium,W246,2026-01-14
CC-2024-10915,Northgate,2024-03-06,2024-04-27,Review,Low,W222,2026-01-14
CC-2023-17272,Northgate,2023-11-25,2023-12-29,Review,,W124,2026-01-14
CC-2024-90548,Northgate,2024-04-14,2024-04-25,Expedited,Low,W145,2026-01-14
CC-2023-11539,Weybridge,2023-07-18,2023-10-19,Appeal,,W172,2026-01-14
CC-2024-22824,Northgate,2024-01-17,2024-02-03,Standard,,W140,2026-01-14
CC-2025-24153,Northgate,2025-05-02,2025-05-29,Appeal,Low,W256,2026-01-14
CC-2023-11538,Weybridge,2023-08-30,2023-09-08,Expedited,,W251,2026-01-14
CC-2025-20669,Weybridge,2025-10-31,,Expedited,Medium,W181,2026-01-14
CC-2024-22110,Weybridge,2024-05-23,2024-06-25,Appeal,Medium,W162,2026-01-14
CC-2025-14522,Northgate,2025-09-01,2025-12-09,Complex,High,W136,2026-01-14
CC-2024-22727,Weybridge,2024-09-01,2025-01-21,Complex,Low,W139,2026-01-14
CC-2025-18958,Calder Central,2025-06-28,2025-09-16,Complex,Low,W205,2026-01-14
CC-2025-16161,Northgate,2025-04-27,2025-05-10,Standard,High,W173,2026-01-14
CC-2025-17556,Calder Central,2025-08-06,2025-10-08,Standard,High,W180,2026-01-14
CC-2025-14965,Northgate,2025-12-27,,Appeal,High,W249,2026-01-14
CC-2025-10665,Weybridge,2025-10-16,2025-02-10,Standard,High,W124,2026-01-14
CC-2024-16367,Calder Central,2024-07-22,,Complex,Low,W102,2026-01-14
CC-2024-18038,Calder Central,2024-09-14,2024-10-25,Review,Medium,W160,2026-01-14
CC-2024-90342,Northgate,2024-12-31,2025-02-13,Standard,Medium,W141,2026-01-14
CC-2024-17610,Northgate,2024-10-31,2024-11-18,Expedited,Low,W196,2026-01-14
CC-2024-22223,Calder Central,2024-07-18,2024-08-21,Standard,Medium,W257,2026-01-14
CC-2024-14609,Calder Central,2024-12-22,2025-01-09,Standard,Low,W252,2026-01-14
CC-2025-10692,Calder Central,2025-03-23,2025-04-29,Standard,High,W167,2026-01-14
CC-2024-14348,Calder Central,2024-01-14,2024-03-02,Complex,,W212,2026-01-14
CC-2025-14401,Calder Central,2025-07-04,2025-10-09,Complex,Low,W194,2026-01-14
CC-2024-13249,Weybridge,2024-01-30,2024-02-17,Standard,,W228,2026-01-14
CC-2025-23522,Weybridge,2025-01-23,2025-05-07,Standard,Medium,W246,2026-01-14
CC-2025-17193,Weybridge,2025-05-16,2025-06-27,Standard,Medium,W193,2026-01-14
CC-2025-13495,Calder Central,2025-04-25,2025-05-24,Standard,High,W108,2026-01-14
CC-2023-20041,Calder Central,2023-11-03,2023-12-13,Standard,,W138,2026-01-14
CC-2024-90474,Weybridge,2024-06-18,2024-08-12,Complex,Medium,W134,2026-01-14
CC-2025-16457,Calder Central,2025-06-15,2024-06-26,Complex,Low,W113,2026-01-14
CC-2025-10879,Calder Central,2025-07-20,2025-09-07,Complex,Low,W147,2026-01-14
CC-2025-18824,Northgate,2025-11-17,2025-12-10,Review,Low,W116,2026-01-14
CC-2025-14562,Calder Central,2025-09-04,2025-10-30,Standard,Low,W138,2026-01-14
CC-2025-23869,Weybridge,2025-01-12,2025-04-22,Complex,Medium,W106,2026-01-14
CC-2025-11188,Calder Central,2025-05-14,2025-06-12,Standard,Medium,W260,2026-01-14
CC-2025-16893,Weybridge,2025-06-01,,Appeal,Medium,W182,2026-01-14
CC-2025-11467,Weybridge,2025-07-21,,Standard,Low,W216,2026-01-14
CC-2024-15394,Northgate,2024-02-26,2024-06-26,Complex,,W149,2026-01-14
CC-2024-13908,Weybridge,2024-06-29,2024-08-28,Complex,Medium,W212,2026-01-14
CC-2023-10415,Calder Central,2023-10-29,2023-12-04,Standard,,W140,2026-01-14
CC-2023-20144,Calder Central,2023-10-18,2023-11-02,Expedited,,W239,2026-01-14
CC-2024-15930,Northgate,2024-09-14,2024-12-24,Standard,Low,W129,2026-01-14
CC-2024-11582,Calder Central,2024-01-29,2024-03-14,Review,,W189,2026-01-14
CC-2025-14137,Calder Central,2025-05-04,2025-05-28,Standard,Low,W255,2026-01-14
CC-2024-20046,Northgate,2024-05-16,2024-07-07,Standard,Medium,W194,2026-01-14
CC-2025-20693,Northgate,2025-06-10,2025-08-12,Complex,Medium,W122,2026-01-14
CC-2024-90457,Weybridge,2024-12-23,2025-01-27,Standard,Low,W217,2026-01-14
CC-2025-90258,Northgate,2025-08-02,2025-10-29,Appeal,Medium,W191,2026-01-14
CC-2024-10608,Weybridge,2024-10-16,2025-02-09,Standard,Medium,W123,2026-01-14
CC-2024-90118,Northgate,2024-01-22,2024-02-12,Standard,,W156,2026-01-14
CC-2023-16226,Northgate,2023-11-28,2023-12-19,Expedited,,W102,2026-01-14
CC-2023-12866,Weybridge,2023-10-06,2023-12-13,Complex,,W170,2026-01-14
CC-2025-17477,Calder Central,2025-12-19,,Standard,Low,W113,2026-01-14
CC-2024-13685,Weybridge,2024-02-22,2024-04-25,Standard,,W206,2026-01-14
CC-2025-11770,Weybridge,2025-12-10,,Standard,Medium,W256,2026-01-14
CC-2024-12320,Calder Central,2024-09-06,2024-10-05,Standard,Medium,W200,2026-01-14
CC-2025-20951,Weybridge,2025-03-16,2025-05-14,Standard,High,W237,2026-01-14
CC-2025-16673,Calder Central,2025-01-18,2025-03-14,Complex,Low,W134,2026-01-14
CC-2025-90616,Northgate,2025-08-09,2025-09-25,Standard,High,W127,2026-01-14
CC-2024-90228,Weybridge,2024-04-28,2024-06-04,Standard,Low,W164,2026-01-14
CC-2025-90032,Northgate,2025-01-30,2025-02-22,Appeal,Medium,W159,2026-01-14
CC-2024-17215,Calder Central,2024-10-14,2025-05-21,Complex,Medium,W176,2026-01-14
CC-2024-21492,Northgate,2024-06-10,2024-07-16,Standard,Low,W120,2026-01-14
CC-2023-15545,Northgate,2023-09-03,2023-10-08,Standard,,W245,2026-01-14
CC-2025-16859,Weybridge,2025-07-04,2025-12-16,Review,Low,W237,2026-01-14
CC-2023-22772,Calder Central,2023-07-26,2023-08-28,Standard,,W259,2026-01-14
CC-2024-19289,Calder Central,2024-02-02,2024-02-17,Expedited,,W127,2026-01-14
CC-2025-13043,Weybridge,2025-07-30,2025-10-05,Standard,Low,W122,2026-01-14
CC-2024-90687,Northgate,2024-04-12,2024-06-07,Appeal,Low,W157,2026-01-14
CC-2023-17531,Northgate,2023-08-01,2023-08-09,Appeal,,W104,2026-01-14
CC-2024-15463,Weybridge,2024-02-05,2024-03-05,Complex,,W169,2026-01-14
CC-2024-21432,Calder Central,2024-08-30,2024-10-17,Standard,Low,W126,2026-01-14
CC-2024-11884,Weybridge,2024-01-17,2024-03-14,Complex,,W232,2026-01-14
CC-2024-90688,Calder Central,2024-09-23,2024-11-01,Appeal,Low,W132,2026-01-14
CC-2025-21530,Calder Central,2025-11-06,2025-11-24,Standard,High,W193,2026-01-14
CC-2023-13749,Weybridge,2023-09-04,2023-10-04,Review,,W141,2026-01-14
CC-2024-16814,Calder Central,2024-05-15,2024-09-23,Complex,Medium,W195,2026-01-14
CC-2025-90700,Northgate,2025-02-13,2025-03-30,Complex,Medium,W217,2026-01-14
CC-2025-19442,Calder Central,2025-12-14,,Complex,High,W195,2026-01-14
CC-2025-18940,Calder Central,2025-10-27,2025-11-13,Standard,Low,W100,2026-01-14
CC-2024-22748,Weybridge,2024-06-14,2024-06-30,Standard,Low,W229,2026-01-14
CC-2023-16854,Northgate,2023-08-21,2023-09-11,Expedited,,W205,2026-01-14
CC-2025-90671,Calder Central,2025-03-19,2025-05-05,Standard,Low,W183,2026-01-14
CC-2024-22196,Weybridge,2024-07-21,2024-08-10,Standard,Medium,W127,2026-01-14
CC-2025-21070,Northgate,2025-06-01,2025-06-28,Review,Medium,W245,2026-01-14
CC-2025-90356,Weybridge,2025-09-19,,Complex,Medium,W222,2026-01-14
CC-2024-18960,Calder Central,2024-06-20,2024-07-22,Review,Medium,W240,2026-01-14
CC-2025-21354,Northgate,2025-02-09,2025-03-18,Complex,Medium,W217,2026-01-14
CC-2025-18312,Calder Central,2025-03-21,2025-05-06,Review,Medium,W208,2026-01-14
CC-2025-18580,Weybridge,2025-05-08,2025-10-01,Complex,Low,W226,2026-01-14
CC-2025-90597,Calder Central,2025-07-19,2025-09-24,Complex,High,W111,2026-01-14
CC-2023-12688,Weybridge,2023-09-09,2023-09-29,Standard,,W180,2026-01-14
CC-2025-17713,Weybridge,2025-10-15,2025-10-26,Expedited,Low,W105,2026-01-14
CC-2024-23783,Calder Central,2024-05-25,2024-07-17,Complex,Medium,W235,2026-01-14
CC-2024-90087,Weybridge,2024-06-08,2024-06-18,Expedited,Medium,W124,2026-01-14
CC-2025-90056,Weybridge,2025-08-11,2025-10-07,Standard,Medium,W147,2026-01-14
CC-2024-19915,Calder Central,2024-08-31,2024-10-08,Standard,Medium,W216,2026-01-14
CC-2024-22167,Calder Central,2024-02-09,2024-03-18,Standard,,W132,2026-01-14
CC-2024-15204,Northgate,2024-03-18,2024-04-29,Appeal,Medium,W251,2026-01-14
CC-2023-10886,Calder Central,2023-11-09,2023-12-18,Standard,,W165,2026-01-14
CC-2025-22711,Northgate,2025-09-21,2025-10-10,Standard,Low,W129,2026-01-14
CC-2024-18395,Calder Central,2024-07-12,2024-09-15,Appeal,High,W250,2026-01-14
CC-2025-10819,Weybridge,2025-08-30,2025-11-09,Complex,Low,W176,2026-01-14
CC-2025-22810,Northgate,2025-08-30,2025-11-19,Complex,Low,W170,2026-01-14
CC-2024-11221,Northgate,2024-08-20,2024-09-21,Complex,Low,W241,2026-01-14
CC-2025-11138,Weybridge,2025-11-02,2025-12-25,Review,Medium,W204,2026-01-14
CC-2024-90208,Calder Central,2024-11-14,2025-01-14,Review,High,W149,2026-01-14
CC-2024-23102,Calder Central,2024-12-29,,Standard,Low,W110,2026-01-14
CC-2024-24166,Weybridge,2024-02-04,2024-02-24,Standard,,W206,2026-01-14
CC-2024-15049,Calder Central,2024-06-12,2024-07-26,Standard,Medium,W162,2026-01-14
CC-2023-15450,Weybridge,2023-12-26,2024-01-27,Standard,,W162,2026-01-14
CC-2025-18350,Calder Central,2025-12-06,,Standard,Medium,W175,2026-01-14
CC-2025-20127,Weybridge,2025-11-19,2025-12-16,Standard,Low,W166,2026-01-14
CC-2024-15739,Calder Central,2024-01-23,2024-04-15,Complex,,W127,2026-01-14
CC-2025-90728,Calder Central,2025-01-03,2025-02-13,Complex,High,W229,2026-01-14
CC-2024-12893,Northgate,2024-08-21,2024-09-07,Standard,Low,W228,2026-01-14
CC-2024-90092,Weybridge,2024-09-11,2024-11-03,Standard,Low,W260,2026-01-14
CC-2024-17468,Calder Central,2024-01-11,2024-01-27,Standard,,W207,2026-01-14
CC-2025-17539,Northgate,2025-06-04,2025-07-14,Review,High,W226,2026-01-14
CC-2023-16117,Calder Central,2023-09-15,2023-10-18,Standard,,W219,2026-01-14
CC-2023-18177,Calder Central,2023-10-14,2023-11-18,Complex,,W146,2026-01-14
CC-2024-20202,Northgate,2024-10-20,2024-11-21,Standard,Low,W140,2026-01-14
CC-2024-12550,Weybridge,2024-05-18,2024-06-26,Standard,Low,W160,2026-01-14
CC-2023-11162,Calder Central,2023-08-29,2023-11-07,Review,,W211,2026-01-14
CC-2025-90187,Calder Central,2025-04-03,2025-05-21,Appeal,Low,W112,2026-01-14
CC-2025-11096,Calder Central,2025-03-20,2025-04-17,Standard,High,W128,2026-01-14
CC-2023-18040,Weybridge,2023-08-06,2023-08-17,Expedited,,W179,2026-01-14
CC-2024-22285,Calder Central,2024-01-26,2024-03-22,Complex,,W166,2026-01-14
CC-2024-90769,Northgate,2024-03-18,2024-04-12,Review,High,W110,2026-01-14
CC-2023-21051,Calder Central,2023-10-20,2024-01-01,Complex,,W250,2026-01-14
CC-2023-15292,Northgate,2023-10-12,2023-12-31,Standard,,W140,2026-01-14
CC-2025-14108,Weybridge,2025-07-13,,Complex,Medium,W146,2026-01-14
CC-2025-11785,Calder Central,2025-08-18,2025-09-20,Complex,Low,W204,2026-01-14
CC-2023-17043,Calder Central,2023-11-27,2024-04-12,Complex,,W187,2026-01-14
CC-2024-18147,Calder Central,2024-05-08,2024-06-02,Review,Medium,W164,2026-01-14
CC-2024-17446,Northgate,2024-06-02,2023-09-09,Standard,Low,W179,2026-01-14
CC-2024-90052,Northgate,2024-01-30,2024-03-01,Review,,W232,2026-01-14
CC-2024-14046,Weybridge,2024-07-31,2024-08-29,Standard,Medium,W178,2026-01-14
CC-2024-23283,Calder Central,2024-03-08,2024-03-24,Standard,Medium,W134,2026-01-14
CC-2024-90535,Northgate,2024-11-09,2024-12-07,Standard,Medium,W186,2026-01-14
CC-2025-20276,Northgate,2025-04-18,2025-05-13,Complex,Low,W125,2026-01-14
CC-2025-10245,Weybridge,2025-08-04,,Appeal,Low,W202,2026-01-14
CC-2025-19789,Calder Central,2025-02-16,2025-06-23,Complex,Medium,W211,2026-01-14
CC-2024-23579,Weybridge,2024-08-03,2024-10-16,Standard,Low,W202,2026-01-14
CC-2024-90372,Calder Central,2024-08-30,2024-10-16,Complex,Medium,W115,2026-01-14
CC-2025-21776,Calder Central,2025-12-05,2025-12-29,Standard,High,W162,2026-01-14
CC-2025-23650,Northgate,2025-05-01,2025-07-12,Standard,Low,W109,2026-01-14
CC-2024-90736,Northgate,2024-07-20,2024-07-31,Expedited,Low,W108,2026-01-14
CC-2025-15333,Calder Central,2025-02-14,2025-04-19,Complex,Low,W189,2026-01-14
CC-2025-18526,Weybridge,2025-01-26,,Review,Low,W196,2026-01-14
CC-2024-18283,Northgate,2024-03-30,2024-05-02,Review,Low,W222,2026-01-14
CC-2025-20522,Weybridge,2025-09-16,2025-11-18,Standard,High,W114,2026-01-14
CC-2025-21237,Weybridge,2025-08-25,2025-10-25,Expedited,Medium,W106,2026-01-14
CC-2024-90328,Weybridge,2024-08-19,2024-12-02,Complex,Low,W252,2026-01-14
CC-2023-20887,Northgate,2023-09-24,2023-11-15,Appeal,,W170,2026-01-14
CC-2024-12998,Weybridge,2024-08-28,2024-10-20,Review,Low,W131,2026-01-14
CC-2023-20559,Calder Central,2023-12-03,2023-12-17,Standard,,W228,2026-01-14
CC-2025-90615,Northgate,2025-05-13,2025-07-26,Complex,Low,W139,2026-01-14
CC-2023-14211,Northgate,2023-07-16,2023-08-18,Standard,,W102,2026-01-14
CC-2025-21700,Calder Central,2025-07-22,2025-08-09,Standard,Low,W155,2026-01-14
CC-2024-20193,Northgate,2024-08-31,2024-10-07,Standard,Low,W102,2026-01-14
CC-2023-16928,Weybridge,2023-11-17,2024-01-31,Appeal,,W238,2026-01-14
CC-2025-18699,Weybridge,2025-12-08,,Expedited,Low,W166,2026-01-14
CC-2024-90077,Calder Central,2024-06-23,2024-07-05,Review,Medium,W243,2026-01-14
CC-2025-21604,Calder Central,2025-07-10,2025-10-24,Complex,Medium,W129,2026-01-14
CC-2024-13233,Calder Central,2024-07-10,2024-07-27,Standard,High,W101,2026-01-14
CC-2025-10918,Calder Central,2025-04-03,2025-05-05,Standard,Medium,W151,2026-01-14
CC-2023-16884,Calder Central,2023-08-01,2023-08-15,Expedited,,W205,2026-01-14
CC-2023-20618,Weybridge,2023-07-05,2023-07-27,Standard,,W121,2026-01-14
CC-2024-13659,Calder Central,2024-02-19,2024-02-26,Expedited,,W188,2026-01-14
CC-2023-21134,Weybridge,2023-08-10,2023-09-29,Standard,,W197,2026-01-14
CC-2024-19447,Weybridge,2024-02-03,2024-02-24,Standard,,W138,2026-01-14
CC-2025-15662,Calder Central,2025-11-14,2025-12-09,Standard,Low,W258,2026-01-14
CC-2025-18667,Calder Central,2025-07-28,2025-08-19,Standard,Low,W110,2026-01-14
CC-2024-22480,Northgate,2024-07-23,2024-11-19,Complex,Medium,W257,2026-01-14
CC-2024-19226,Northgate,2024-09-22,2024-10-10,Expedited,Low,W167,2026-01-14
CC-2024-90307,Calder Central,2024-01-22,2024-03-01,Review,,W160,2026-01-14
CC-2024-90713,Calder Central,2024-12-09,2025-01-05,Standard,Low,W219,2026-01-14
CC-2025-23726,Weybridge,2025-10-02,2025-12-15,Standard,Low,W132,2026-01-14
CC-2025-22116,Calder Central,2025-10-24,2025-12-13,Standard,Medium,W167,2026-01-14
CC-2024-90063,Northgate,2024-06-07,2024-07-02,Standard,Medium,W220,2026-01-14
CC-2024-10496,Calder Central,2024-03-21,2024-06-06,Standard,Medium,W123,2026-01-14
CC-2023-22214,Calder Central,2023-12-07,2023-12-18,Expedited,,W191,2026-01-14
CC-2025-90413,Calder Central,2025-06-24,2025-07-04,Expedited,Low,W114,2026-01-14
CC-2025-13504,Calder Central,2025-04-30,2025-05-23,Standard,High,W191,2026-01-14
CC-2025-18421,Northgate,2025-11-18,2025-11-29,Expedited,Medium,W192,2026-01-14
CC-2025-17651,Calder Central,2025-12-27,,Complex,Medium,W199,2026-01-14
CC-2024-10996,Weybridge,2024-01-26,2024-02-10,Standard,,W210,2026-01-14
CC-2024-21265,Weybridge,2024-11-01,2024-12-31,Standard,High,W122,2026-01-14
CC-2024-90626,Northgate,2024-11-01,2024-11-25,Complex,High,W205,2026-01-14
CC-2024-10084,Weybridge,2024-05-22,2024-06-02,Expedited,Low,W136,2026-01-14
CC-2025-11906,Northgate,2025-03-15,2025-05-11,Appeal,Low,W120,2026-01-14
CC-2024-90227,Weybridge,2024-11-15,2025-01-28,Complex,High,W158,2026-01-14
CC-2025-11940,Calder Central,2025-06-12,2025-06-29,Standard,Medium,W114,2026-01-14
CC-2025-21613,Calder Central,2025-01-11,2025-02-12,Review,Medium,W108,2026-01-14
CC-2024-90507,Weybridge,2024-12-11,2025-04-21,Review,High,W223,2026-01-14
CC-2025-10685,Northgate,2025-12-22,,Standard,Low,W164,2026-01-14
CC-2024-10958,Weybridge,2024-03-23,2024-06-17,Complex,Medium,W193,2026-01-14
CC-2025-90290,Northgate,2025-01-27,2025-05-17,Review,Medium,W254,2026-01-14
CC-2024-12177,Calder Central,2024-12-29,2025-01-07,Expedited,Low,W146,2026-01-14
CC-2024-90106,Calder Central,2024-03-11,2024-03-23,Standard,High,W111,2026-01-14
CC-2024-14271,Calder Central,2024-09-15,2024-09-26,Expedited,Low,W216,2026-01-14
CC-2024-15607,Calder Central,2024-05-01,2024-05-22,Standard,High,W121,2026-01-14
CC-2025-17827,Weybridge,2025-02-15,2025-05-03,Standard,High,W175,2026-01-14
CC-2025-16146,Calder Central,2025-04-19,2025-05-09,Standard,Low,W190,2026-01-14
CC-2024-10584,Calder Central,2024-08-29,2024-09-29,Expedited,High,W102,2026-01-14
CC-2023-18063,Calder Central,2023-10-06,2024-01-29,Complex,,W224,2026-01-14
CC-2025-10014,Calder Central,2025-01-15,2025-02-11,Review,Medium,W136,2026-01-14
CC-2023-22137,Weybridge,2023-08-02,2023-11-30,Complex,,W158,2026-01-14
CC-2024-90327,Weybridge,2024-07-19,2024-08-24,Standard,Low,W143,2026-01-14
CC-2025-16097,Calder Central,2025-05-11,2025-07-20,Standard,Medium,W242,2026-01-14
CC-2023-17033,Northgate,2023-12-26,2024-01-31,Standard,,W147,2026-01-14
CC-2023-18952,Northgate,2023-07-17,2023-08-28,Review,,W129,2026-01-14
CC-2025-22259,Northgate,2025-08-28,2025-10-14,Complex,Low,W195,2026-01-14
CC-2025-23495,Northgate,2025-05-11,2025-05-30,Expedited,Low,W112,2026-01-14
CC-2025-19258,Northgate,2025-01-26,2025-03-20,Complex,High,W148,2026-01-14
CC-2025-14657,Northgate,2025-05-04,2024-11-30,Standard,Low,W136,2026-01-14
CC-2024-21445,Weybridge,2024-07-07,2024-07-14,Expedited,Low,W151,2026-01-14
CC-2025-12798,Northgate,2025-02-13,2025-08-22,Complex,Low,W200,2026-01-14
CC-2023-21470,Northgate,2023-09-24,2023-10-26,Standard,,W104,2026-01-14
CC-2024-18330,Weybridge,2024-05-12,2024-05-22,Expedited,Low,W204,2026-01-14
CC-2025-17914,Northgate,2025-05-08,2025-07-13,Standard,Medium,W140,2026-01-14
CC-2025-18899,Weybridge,2025-12-26,,Complex,Medium,W249,2026-01-14
CC-2024-22913,Weybridge,2024-01-18,2024-02-19,Standard,,W247,2026-01-14
CC-2023-12210,Northgate,2023-09-01,2023-09-18,Standard,,W109,2026-01-14
CC-2023-16105,Calder Central,2023-10-13,2023-11-25,Review,,W160,2026-01-14
CC-2025-17417,Northgate,2025-10-07,2025-10-13,Expedited,Medium,W230,2026-01-14
CC-2024-19011,Northgate,2024-06-22,2024-07-10,Expedited,Low,W249,2026-01-14
CC-2023-22362,Calder Central,2023-12-20,2024-02-07,Review,,W245,2026-01-14
CC-2024-90155,Northgate,2024-01-17,2024-05-27,Appeal,,W144,2026-01-14
CC-2025-21932,Northgate,2025-06-24,2025-07-16,Standard,Low,W148,2026-01-14
CC-2024-19239,Weybridge,2024-11-04,2024-03-19,Standard,Low,W167,2026-01-14
CC-2025-90230,Northgate,2025-03-20,2025-04-11,Standard,High,W131,2026-01-14
CC-2024-16601,Weybridge,2024-06-15,,Complex,High,W198,2026-01-14
CC-2025-22527,Calder Central,2025-04-11,,Appeal,High,W230,2026-01-14
CC-2025-23373,Weybridge,2025-08-30,,Appeal,Low,W198,2026-01-14
CC-2024-18820,Calder Central,2024-07-16,2024-08-14,Standard,Medium,W196,2026-01-14
CC-2025-13715,Calder Central,2025-10-19,2025-12-22,Review,High,W160,2026-01-14
CC-2024-16449,Calder Central,2024-12-06,2024-12-21,Standard,Low,W217,2026-01-14
CC-2024-16579,Northgate,2024-12-15,2025-02-07,Complex,Low,W145,2026-01-14
CC-2025-19728,Weybridge,2025-08-01,2025-10-21,Standard,Medium,W197,2026-01-14
CC-2024-90540,Northgate,2024-09-22,2024-11-30,Complex,Medium,W134,2026-01-14
CC-2024-90272,Northgate,2024-02-20,2024-03-09,Review,,W142,2026-01-14
CC-2024-20891,Northgate,2024-03-22,2024-04-21,Standard,Medium,W212,2026-01-14
CC-2025-13956,Weybridge,2025-08-25,2025-10-11,Standard,Low,W241,2026-01-14
CC-2024-90563,Northgate,2024-04-25,2024-05-07,Standard,Low,W189,2026-01-14
CC-2023-11492,Northgate,2023-11-15,2024-03-06,Complex,,W246,2026-01-14
CC-2025-14363,Calder Central,2025-11-30,2025-12-20,Standard,Medium,W206,2026-01-14
CC-2025-14393,Northgate,2025-06-03,2025-06-15,Expedited,Medium,W132,2026-01-14
CC-2024-15664,Calder Central,2024-12-10,2025-02-02,Complex,Low,W166,2026-01-14
CC-2025-19638,Calder Central,2025-10-19,2025-12-05,Complex,Medium,W241,2026-01-14
CC-2024-12262,Weybridge,2024-11-13,2024-12-03,Standard,Medium,W185,2026-01-14
CC-2023-14595,Calder Central,2023-10-03,2023-11-04,Standard,,W105,2026-01-14
CC-2024-16404,Weybridge,2024-07-17,2024-07-21,Expedited,Medium,W179,2026-01-14
CC-2024-18407,Calder Central,2024-04-02,2024-06-02,Review,Low,W257,2026-01-14
CC-2025-13944,Calder Central,2025-02-06,2025-06-27,Complex,Medium,W167,2026-01-14
CC-2023-21042,Weybridge,2023-12-26,2024-01-18,Standard,,W217,2026-01-14
CC-2025-90102,Calder Central,2025-08-14,2025-08-28,Standard,Medium,W180,2026-01-14
CC-2025-23819,Weybridge,2025-01-12,2025-02-28,Standard,Low,W230,2026-01-14
CC-2024-90412,Calder Central,2024-11-16,2024-11-28,Expedited,Medium,W124,2026-01-14
CC-2023-20760,Calder Central,2023-10-14,2023-10-29,Standard,,W247,2026-01-14
CC-2024-90448,Weybridge,2024-03-10,2024-05-19,Complex,Medium,W190,2026-01-14
CC-2024-90567,Calder Central,2024-11-25,2024-12-12,Standard,Low,W127,2026-01-14
CC-2024-24044,Northgate,2024-03-27,2024-05-06,Complex,Low,W114,2026-01-14
CC-2025-13464,Weybridge,2025-08-30,2025-11-12,Complex,Low,W238,2026-01-14
CC-2025-90730,Calder Central,2025-05-04,2025-07-06,Standard,Medium,W224,2026-01-14
CC-2024-12461,Weybridge,2024-11-30,2025-03-27,Appeal,Low,W216,2026-01-14
CC-2024-20797,Calder Central,2024-07-19,2024-08-21,Standard,Medium,W156,2026-01-14
CC-2023-18309,Calder Central,2023-11-04,2023-12-18,Appeal,,W165,2026-01-14
CC-2024-10377,Weybridge,2024-11-05,2024-12-09,Expedited,Low,W152,2026-01-14
CC-2023-10654,Calder Central,2023-11-05,2023-12-04,Standard,,W195,2026-01-14
CC-2024-18145,Weybridge,2024-04-05,2024-04-24,Expedited,Low,W231,2026-01-14
CC-2024-13740,Northgate,2024-12-11,2024-12-17,Expedited,Low,W112,2026-01-14
CC-2025-15744,Weybridge,2025-10-09,2025-12-19,Standard,High,W188,2026-01-14
CC-2024-90756,Calder Central,2024-12-03,2024-12-24,Standard,Low,W136,2026-01-14
CC-2025-19140,Calder Central,2025-02-13,2024-08-08,Standard,Medium,W191,2026-01-14
CC-2023-10414,Calder Central,2023-08-28,2023-09-08,Expedited,,W187,2026-01-14
CC-2024-19148,Calder Central,2024-11-06,2025-01-17,Complex,Low,W240,2026-01-14
CC-2025-17618,Weybridge,2025-05-17,2025-08-06,Standard,Low,W127,2026-01-14
CC-2024-23719,Calder Central,2024-06-29,2024-07-24,Complex,Medium,W111,2026-01-14
CC-2024-90252,Weybridge,2024-06-30,2024-11-03,Complex,Low,W226,2026-01-14
CC-2025-17965,Calder Central,2025-08-08,2025-09-09,Standard,Low,W184,2026-01-14
CC-2023-23304,Weybridge,2023-09-08,2023-11-11,Complex,,W237,2026-01-14
CC-2025-11781,Calder Central,2025-10-13,,Complex,Low,W108,2026-01-14
CC-2023-12535,Calder Central,2023-12-22,2024-02-22,Complex,,W161,2026-01-14
CC-2025-10073,Northgate,2025-12-15,,Standard,Low,W243,2026-01-14
CC-2024-90075,Weybridge,2024-10-18,2025-04-29,Complex,Low,W194,2026-01-14
CC-2024-20647,Northgate,2024-06-26,2024-09-23,Complex,Medium,W197,2026-01-14
CC-2025-90148,Northgate,2025-07-21,2025-07-31,Standard,High,W209,2026-01-14
CC-2025-11808,Calder Central,2025-02-21,2025-04-21,Standard,Low,W184,2026-01-14
CC-2024-19152,Calder Central,2024-01-04,2024-01-21,Standard,,W227,2026-01-14
CC-2024-19271,Northgate,2024-10-17,2024-11-19,Standard,High,W194,2026-01-14
CC-2023-21285,Weybridge,2023-10-20,2023-11-14,Standard,,W152,2026-01-14
CC-2025-12734,Northgate,2025-11-25,2025-12-26,Standard,Low,W161,2026-01-14
CC-2024-10971,Northgate,2024-01-19,2024-03-11,Complex,,W144,2026-01-14
CC-2023-16028,Northgate,2023-08-16,2023-08-27,Expedited,,W232,2026-01-14
CC-2025-16572,Calder Central,2025-07-29,2025-08-11,Expedited,Low,W135,2026-01-14
CC-2024-20166,Calder Central,2024-08-02,2024-08-29,Standard,Medium,W137,2026-01-14
CC-2025-90292,Weybridge,2025-11-29,,Complex,Low,W258,2026-01-14
CC-2024-23529,Calder Central,2024-04-27,2024-06-04,Standard,Low,W196,2026-01-14
CC-2024-23275,Northgate,2024-03-23,2024-04-02,Expedited,Low,W167,2026-01-14
CC-2024-21021,Weybridge,2024-10-10,2024-11-14,Standard,High,W203,2026-01-14
CC-2024-16733,Calder Central,2024-04-24,2024-06-22,Complex,Low,W188,2026-01-14
CC-2023-14440,Calder Central,2023-08-20,2023-10-05,Standard,,W222,2026-01-14
CC-2025-16907,Weybridge,2025-11-11,,Review,High,W215,2026-01-14
CC-2023-13654,Calder Central,2023-10-02,2023-10-24,Standard,,W168,2026-01-14
CC-2023-19053,Northgate,2023-07-07,2023-10-07,Complex,,W107,2026-01-14
CC-2025-18640,Northgate,2025-07-27,2025-08-16,Standard,Medium,W209,2026-01-14
CC-2024-23383,Weybridge,2024-05-22,,Review,Medium,W145,2026-01-14
CC-2023-20218,Calder Central,2023-07-16,2023-07-27,Expedited,,W205,2026-01-14
CC-2024-15596,Weybridge,2024-06-23,2024-08-04,Standard,Low,W255,2026-01-14
CC-2023-19853,Northgate,2023-12-14,2024-01-17,Standard,,W240,2026-01-14
CC-2025-13764,Calder Central,2025-10-18,2025-11-04,Standard,Medium,W164,2026-01-14
CC-2025-90520,Weybridge,2025-06-09,,Complex,Medium,W201,2026-01-14
CC-2024-12532,Weybridge,2024-01-19,2024-03-11,Standard,,W173,2026-01-14
CC-2024-15151,Northgate,2024-04-18,2024-05-07,Standard,Medium,W211,2026-01-14
CC-2024-12549,Weybridge,2024-06-23,2024-07-20,Standard,Medium,W151,2026-01-14
CC-2024-15568,Northgate,2024-01-20,2024-02-10,Standard,,W105,2026-01-14
CC-2025-90587,Northgate,2025-06-17,2025-11-13,Complex,Medium,W204,2026-01-14
CC-2023-19191,Northgate,2023-08-03,2023-11-24,Complex,,W198,2026-01-14
CC-2025-22881,Weybridge,2025-08-10,2025-12-10,Complex,Low,W249,2026-01-14
CC-2025-21626,Calder Central,2025-08-05,2025-12-03,Appeal,Medium,W151,2026-01-14
CC-2025-17170,Weybridge,2025-10-03,,Appeal,Medium,W251,2026-01-14
CC-2023-20470,Calder Central,2023-07-07,2023-07-21,Standard,,W103,2026-01-14
CC-2024-90401,Calder Central,2024-08-31,2024-10-27,Standard,Low,W202,2026-01-14
CC-2025-14887,Calder Central,2025-11-04,2025-12-12,Standard,Medium,W168,2026-01-14
CC-2024-10668,Calder Central,2024-03-09,2024-03-23,Expedited,Medium,W119,2026-01-14
CC-2025-20686,Calder Central,2025-04-27,2025-06-18,Complex,Medium,W133,2026-01-14
CC-2024-16500,Weybridge,2024-06-23,2024-10-26,Complex,Low,W200,2026-01-14
CC-2025-90571,Calder Central,2025-12-07,2025-12-19,Expedited,Low,W215,2026-01-14
CC-2024-90009,Weybridge,2024-10-31,2024-12-18,Standard,Medium,W108,2026-01-14
CC-2023-22018,Weybridge,2023-09-19,2023-10-07,Standard,,W102,2026-01-14
CC-2025-21830,Calder Central,2025-11-09,,Review,Low,W142,2026-01-14
CC-2025-21353,Calder Central,2025-01-05,2025-02-17,Standard,Low,W180,2026-01-14
CC-2024-10179,Weybridge,2024-10-25,2025-04-10,Complex,High,W116,2026-01-14
CC-2024-23002,Northgate,2024-04-18,2024-05-12,Appeal,Medium,W227,2026-01-14
CC-2024-18261,Weybridge,2024-11-05,2025-01-07,Standard,Low,W218,2026-01-14
CC-2024-22066,Weybridge,2024-02-17,2024-04-24,Standard,,W233,2026-01-14
CC-2024-11140,Calder Central,2024-01-05,2024-01-26,Standard,,W121,2026-01-14
CC-2025-90190,Northgate,2025-04-11,2025-04-18,Expedited,Low,W153,2026-01-14
CC-2024-21156,Calder Central,2024-08-24,2024-10-23,Complex,Medium,W229,2026-01-14
CC-2025-19868,Weybridge,2025-06-23,2025-07-29,Expedited,Low,W155,2026-01-14
CC-2025-23173,Northgate,2025-03-15,2025-04-22,Standard,Low,W203,2026-01-14
CC-2025-15235,Weybridge,2025-11-03,,Complex,Low,W260,2026-01-14
CC-2025-10829,Northgate,2025-02-15,2025-06-14,Complex,Low,W237,2026-01-14
CC-2024-22222,Weybridge,2024-01-01,2024-01-09,Expedited,,W177,2026-01-14
CC-2025-23160,Northgate,2025-08-28,2025-10-25,Standard,Low,W260,2026-01-14
CC-2025-14463,Calder Central,2025-01-30,2025-03-26,Complex,Medium,W219,2026-01-14
CC-2023-19516,Calder Central,2023-07-28,2023-09-24,Standard,,W181,2026-01-14
CC-2023-20105,Northgate,2023-11-02,2023-12-13,Standard,,W255,2026-01-14
CC-2023-12733,Calder Central,2023-11-05,2024-01-09,Appeal,,W175,2026-01-14
CC-2025-22323,Weybridge,2025-07-02,2025-08-20,Standard,Medium,W213,2026-01-14
CC-2025-90619,Weybridge,2025-05-24,2025-11-26,Complex,High,W161,2026-01-14
CC-2025-13135,Weybridge,2025-08-23,2025-09-09,Appeal,High,W202,2026-01-14
CC-2023-20871,Calder Central,2023-09-08,2023-10-21,Standard,,W175,2026-01-14
CC-2024-12697,Calder Central,2024-08-04,2024-08-18,Expedited,High,W134,2026-01-14
CC-2025-13388,Northgate,2025-07-05,2025-07-31,Standard,Low,W253,2026-01-14
CC-2025-15530,Northgate,2025-08-14,2025-09-03,Standard,Low,W253,2026-01-14
CC-2025-14081,Northgate,2025-08-13,2025-10-07,Standard,Medium,W107,2026-01-14
CC-2024-21704,Calder Central,2024-06-13,2024-06-29,Standard,Medium,W202,2026-01-14
CC-2025-90268,Weybridge,2025-08-06,2025-09-08,Standard,Low,W176,2026-01-14
CC-2024-19471,Calder Central,2024-07-20,2025-01-19,Appeal,Medium,W228,2026-01-14
CC-2025-90513,Calder Central,2025-08-02,2025-08-22,Standard,Medium,W133,2026-01-14
CC-2024-16380,Northgate,2024-05-01,2024-07-12,Appeal,Low,W109,2026-01-14
CC-2024-90233,Calder Central,2024-04-13,2024-06-21,Standard,Medium,W183,2026-01-14
CC-2025-14485,Calder Central,2025-10-24,2025-11-05,Expedited,Medium,W111,2026-01-14
CC-2024-22150,Northgate,2024-10-09,2024-12-13,Standard,High,W236,2026-01-14
CC-2024-23947,Northgate,2024-10-11,2024-11-14,Review,Low,W180,2026-01-14
CC-2025-16192,Northgate,2025-01-29,2025-04-27,Expedited,Medium,W132,2026-01-14
CC-2025-18092,Calder Central,2025-08-16,2025-09-09,Standard,High,W113,2026-01-14
CC-2025-90313,Northgate,2025-06-16,2025-07-24,Complex,Low,W121,2026-01-14
CC-2024-20014,Northgate,2024-11-26,2024-12-28,Standard,Low,W152,2026-01-14
CC-2025-13399,Northgate,2025-12-07,,Standard,Low,W124,2026-01-14
CC-2025-17346,Weybridge,2025-10-15,2025-12-05,Standard,Low,W157,2026-01-14
CC-2023-20308,Weybridge,2023-10-11,2023-12-06,Appeal,,W126,2026-01-14
CC-2023-12087,Calder Central,2023-07-02,2023-09-06,Appeal,,W141,2026-01-14
CC-2024-19836,Weybridge,2024-06-29,2024-07-28,Review,Medium,W111,2026-01-14
CC-2024-16707,Northgate,2024-12-04,2024-12-25,Standard,Medium,W200,2026-01-14
CC-2025-90514,Northgate,2025-01-23,2025-05-17,Complex,Medium,W223,2026-01-14
CC-2024-10706,Calder Central,2024-06-05,2024-07-01,Standard,Medium,W119,2026-01-14
CC-2024-15087,Calder Central,2024-10-18,2025-02-13,Complex,Low,W194,2026-01-14
CC-2023-15967,Weybridge,2023-09-07,2023-10-22,Review,,W109,2026-01-14
CC-2023-18404,Calder Central,2023-11-15,2023-12-22,Standard,,W129,2026-01-14
CC-2023-15100,Northgate,2023-11-20,2023-12-24,Review,,W145,2026-01-14
CC-2025-19028,Calder Central,2025-10-12,2025-11-21,Appeal,High,W170,2026-01-14
CC-2023-22435,Weybridge,2023-09-13,2023-11-15,Standard,,W219,2026-01-14
CC-2025-22184,Calder Central,2025-10-28,,Complex,Medium,W214,2026-01-14
CC-2023-14633,Calder Central,2023-12-17,2024-02-26,Complex,,W120,2026-01-14
CC-2025-21368,Calder Central,2025-02-11,2025-02-23,Expedited,Medium,W154,2026-01-14
CC-2023-18431,Weybridge,2023-07-12,2023-08-29,Standard,,W148,2026-01-14
CC-2024-19878,Calder Central,2024-08-19,2024-09-27,Review,High,W214,2026-01-14
CC-2024-90759,Calder Central,2024-01-27,2024-02-19,Standard,,W167,2026-01-14
CC-2025-18415,Calder Central,2025-12-16,,Standard,Medium,W162,2026-01-14
CC-2024-14659,Weybridge,2024-05-01,2024-06-03,Review,Medium,W118,2026-01-14
CC-2024-15617,Calder Central,2024-05-03,2024-05-30,Standard,Low,W151,2026-01-14
CC-2025-20093,Calder Central,2025-01-05,2025-01-11,Expedited,Medium,W158,2026-01-14
CC-2024-90554,Northgate,2024-09-27,2024-11-12,Expedited,High,W198,2026-01-14
CC-2025-16638,Calder Central,2025-02-07,2025-03-04,Standard,Medium,W192,2026-01-14
CC-2025-19466,Northgate,2025-02-15,2025-04-13,Standard,High,W103,2026-01-14
CC-2025-19325,Northgate,2025-11-22,2025-12-14,Review,Medium,W236,2026-01-14
CC-2025-15067,Calder Central,2025-03-09,2025-04-25,Complex,Medium,W177,2026-01-14
CC-2025-16212,Northgate,2025-01-01,2025-02-01,Standard,Low,W191,2026-01-14
CC-2025-90385,Calder Central,2025-06-20,2025-08-27,Complex,Medium,W160,2026-01-14
CC-2024-14886,Northgate,2024-05-24,2024-07-01,Complex,Medium,W166,2026-01-14
CC-2025-11397,Northgate,2025-05-23,2025-06-24,Standard,Medium,W205,2026-01-14
CC-2024-14932,Northgate,2024-11-12,2025-01-01,Complex,High,W247,2026-01-14
CC-2023-18738,Northgate,2023-11-14,2023-12-10,Standard,,W198,2026-01-14
CC-2024-23800,Northgate,2024-06-01,2024-06-04,Expedited,Low,W232,2026-01-14
CC-2024-14092,Calder Central,2024-10-27,2024-11-26,Standard,Medium,W114,2026-01-14
CC-2024-90672,Northgate,2024-08-30,2024-09-14,Expedited,Medium,W235,2026-01-14
CC-2025-13591,Weybridge,2025-03-08,2025-03-27,Expedited,Medium,W218,2026-01-14
CC-2024-18706,Weybridge,2024-07-20,2024-08-20,Standard,Medium,W180,2026-01-14
CC-2024-11021,Weybridge,2024-01-20,2024-03-03,Appeal,,W196,2026-01-14
CC-2024-14891,Weybridge,2024-05-31,2024-07-19,Standard,Low,W212,2026-01-14
CC-2024-18770,Calder Central,2024-11-16,2024-12-02,Standard,Low,W174,2026-01-14
CC-2024-24183,Weybridge,2024-08-03,2024-10-24,Complex,Medium,W131,2026-01-14
CC-2024-17582,Weybridge,2024-10-06,2025-01-27,Standard,Low,W250,2026-01-14
CC-2023-11615,Calder Central,2023-11-18,2024-01-03,Complex,,W142,2026-01-14
CC-2024-19591,Weybridge,2024-10-13,2024-12-22,Expedited,High,W175,2026-01-14
CC-2023-23364,Northgate,2023-08-10,2023-08-25,Expedited,,W236,2026-01-14
CC-2024-15925,Calder Central,2024-05-14,2024-09-09,Complex,Low,W131,2026-01-14
CC-2025-90772,Calder Central,2025-08-02,2025-09-15,Complex,Low,W166,2026-01-14
CC-2023-15351,Weybridge,2023-09-09,2023-10-11,Standard,,W168,2026-01-14
CC-2024-22875,Calder Central,2024-08-08,2024-11-06,Complex,Low,W240,2026-01-14
CC-2025-90580,Calder Central,2025-06-27,2025-08-10,Review,Low,W239,2026-01-14
CC-2024-90275,Weybridge,2024-12-18,2025-05-02,Standard,Low,W255,2026-01-14
CC-2023-21722,Northgate,2023-12-14,2024-01-09,Standard,,W110,2026-01-14
CC-2025-22331,Weybridge,2025-08-28,,Complex,Medium,W125,2026-01-14
CC-2024-22033,Calder Central,2024-10-18,2025-05-18,Complex,Medium,W247,2026-01-14
CC-2024-11763,Calder Central,2024-10-28,2024-12-31,Complex,Low,W114,2026-01-14
CC-2025-13398,Calder Central,2025-01-27,2025-03-05,Review,Medium,W252,2026-01-14
CC-2025-22179,Calder Central,2025-06-04,2025-07-23,Standard,Low,W243,2026-01-14
CC-2025-10622,Calder Central,2025-11-07,2025-12-29,Standard,Medium,W202,2026-01-14
CC-2025-23047,Calder Central,2025-02-21,2025-03-14,Review,Low,W206,2026-01-14
CC-2025-19530,Calder Central,2025-02-02,2025-03-18,Standard,Low,W104,2026-01-14
CC-2025-90397,Northgate,2025-02-19,2025-04-16,Review,Medium,W142,2026-01-14
CC-2024-20937,Northgate,2024-12-07,2025-01-15,Standard,Low,W142,2026-01-14
CC-2023-16996,Weybridge,2023-12-25,2024-02-11,Standard,,W173,2026-01-14
CC-2024-12126,Calder Central,2024-02-26,2024-04-03,Standard,,W148,2026-01-14
CC-2025-19136,Northgate,2025-07-24,2025-08-24,Appeal,High,W190,2026-01-14
CC-2023-23963,Calder Central,2023-08-12,2023-09-27,Standard,,W245,2026-01-14
CC-2024-23004,Calder Central,2024-05-27,2024-06-08,Expedited,Medium,W139,2026-01-14
CC-2023-21982,Calder Central,2023-07-15,2023-08-26,Review,,W239,2026-01-14
CC-2024-12730,Northgate,2024-08-27,2024-09-28,Standard,Medium,W146,2026-01-14
CC-2025-15158,Northgate,2025-11-07,2025-11-30,Complex,Low,W120,2026-01-14
CC-2024-17450,Northgate,2024-10-07,2025-02-08,Complex,Medium,W198,2026-01-14
CC-2025-90207,Calder Central,2025-10-11,2025-11-08,Standard,Low,W192,2026-01-14
CC-2024-22424,Calder Central,2024-09-13,2024-09-22,Expedited,Medium,W100,2026-01-14
CC-2024-17925,Weybridge,2024-04-29,2024-07-19,Complex,Medium,W155,2026-01-14
CC-2024-13121,Northgate,2024-11-06,2024-11-29,Standard,Medium,W168,2026-01-14
CC-2025-14988,Weybridge,2025-10-30,,Standard,High,W221,2026-01-14
CC-2024-11170,Northgate,2024-10-26,2025-02-01,Complex,Medium,W110,2026-01-14
CC-2024-90546,Calder Central,2024-07-03,2024-07-22,Standard,Low,W244,2026-01-14
CC-2024-12293,Northgate,2024-07-05,2024-08-26,Standard,Medium,W260,2026-01-14
CC-2025-22912,Northgate,2025-12-31,,Standard,Low,W238,2026-01-14
CC-2024-17212,Calder Central,2024-07-12,2024-08-16,Review,Low,W243,2026-01-14
CC-2023-12324,Northgate,2023-09-23,2023-10-07,Standard,,W139,2026-01-14
CC-2024-23951,Calder Central,2024-04-26,2024-05-22,Standard,Medium,W239,2026-01-14
CC-2023-14269,Calder Central,2023-08-13,2023-09-16,Standard,,W127,2026-01-14
CC-2024-17233,Northgate,2024-09-13,2024-10-10,Standard,Low,W213,2026-01-14
CC-2024-17726,Calder Central,2024-08-02,2024-08-20,Expedited,Low,W166,2026-01-14
CC-2025-90260,Calder Central,2025-01-17,2025-02-16,Standard,Low,W153,2026-01-14
CC-2023-17140,Northgate,2023-11-28,2023-12-22,Expedited,,W219,2026-01-14
CC-2024-11360,Northgate,2024-11-15,2024-11-23,Expedited,Low,W191,2026-01-14
CC-2025-15356,Weybridge,2025-10-04,2025-11-19,Standard,Low,W102,2026-01-14
CC-2024-19145,Calder Central,2024-09-05,2024-10-10,Standard,Medium,W252,2026-01-14
CC-2025-11371,Weybridge,2025-12-29,,Standard,Medium,W162,2026-01-14
CC-2023-16303,Calder Central,2023-08-11,2023-09-05,Standard,,W121,2026-01-14
CC-2023-19528,Calder Central,2023-09-03,2023-09-30,Standard,,W125,2026-01-14
CC-2025-90440,Weybridge,2025-11-02,,Complex,Medium,W254,2026-01-14
CC-2025-21010,Calder Central,2025-04-08,2025-08-23,Complex,High,W124,2026-01-14
CC-2024-17705,Calder Central,2024-09-23,2024-10-07,Expedited,High,W220,2026-01-14
CC-2024-10748,Weybridge,2024-10-25,2025-01-13,Expedited,Low,W242,2026-01-14
CC-2025-19192,Calder Central,2025-06-09,2025-07-02,Complex,High,W240,2026-01-14
CC-2024-21729,Weybridge,2024-03-27,2024-04-08,Expedited,Medium,W207,2026-01-14
CC-2025-10178,Northgate,2025-01-06,2025-02-01,Standard,Medium,W250,2026-01-14
CC-2024-16322,Calder Central,2024-04-05,2024-06-04,Complex,Low,W253,2026-01-14
CC-2024-16904,Calder Central,2024-12-27,2025-02-19,Standard,Low,W204,2026-01-14
CC-2025-90659,Northgate,2025-03-09,2025-04-26,Appeal,Low,W222,2026-01-14
CC-2024-90121,Calder Central,2024-06-30,2024-08-15,Standard,Low,W212,2026-01-14
CC-2025-21536,Northgate,2025-10-23,2025-11-19,Complex,Low,W222,2026-01-14
CC-2025-90526,Calder Central,2025-09-20,2025-11-28,Review,Low,W114,2026-01-14
CC-2024-21256,Northgate,2024-02-13,2024-07-17,Complex,,W182,2026-01-14
CC-2024-90434,Calder Central,2024-04-27,2024-06-19,Standard,High,W227,2026-01-14
CC-2025-20416,Northgate,2025-06-06,2025-08-29,Complex,Low,W120,2026-01-14
CC-2024-10966,Calder Central,2024-07-31,2024-09-17,Review,Low,W206,2026-01-14
CC-2024-11942,Weybridge,2024-07-28,2024-09-09,Standard,Low,W136,2026-01-14
CC-2025-12330,Northgate,2025-02-02,2025-05-21,Appeal,Medium,W110,2026-01-14
CC-2024-18585,Weybridge,2024-05-07,2024-07-01,Complex,Low,W210,2026-01-14
CC-2025-21975,Weybridge,2025-03-28,,Appeal,Medium,W176,2026-01-14
CC-2025-90406,Weybridge,2025-05-25,2025-08-15,Appeal,Medium,W251,2026-01-14
CC-2024-12377,Northgate,2024-02-23,2024-04-18,Review,,W157,2026-01-14
CC-2024-13718,Northgate,2024-04-23,2024-05-23,Standard,Low,W250,2026-01-14
CC-2024-22740,Northgate,2024-12-01,2025-01-04,Appeal,Low,W196,2026-01-14
CC-2025-23623,Weybridge,2025-03-09,2025-05-17,Standard,High,W125,2026-01-14
CC-2025-13609,Calder Central,2025-09-30,2025-10-29,Standard,Medium,W172,2026-01-14
CC-2025-21338,Weybridge,2025-01-29,2025-03-30,Standard,Medium,W132,2026-01-14
CC-2024-90095,Calder Central,2024-01-10,2024-02-05,Standard,,W169,2026-01-14
CC-2023-23398,Northgate,2023-11-05,2023-12-12,Standard,,W243,2026-01-14
CC-2025-23709,Calder Central,2025-08-18,,Complex,High,W160,2026-01-14
CC-2024-90141,Northgate,2024-10-14,2024-10-24,Expedited,Medium,W225,2026-01-14
CC-2024-19219,Calder Central,2024-12-27,2025-04-14,Complex,Low,W133,2026-01-14
CC-2023-14091,Calder Central,2023-07-07,2023-08-01,Review,,W105,2026-01-14
CC-2024-13173,Northgate,2024-08-19,2024-09-03,Standard,Low,W250,2026-01-14
CC-2024-12485,Calder Central,2024-08-16,2024-09-29,Standard,Medium,W249,2026-01-14
CC-2025-10938,Calder Central,2025-07-02,2025-09-21,Appeal,Low,W214,2026-01-14
CC-2025-10181,Weybridge,2025-12-13,,Review,Low,W111,2026-01-14
CC-2024-18399,Weybridge,2024-07-26,2024-08-21,Standard,Low,W239,2026-01-14
CC-2024-13431,Northgate,2024-01-31,2024-03-11,Appeal,,W232,2026-01-14
CC-2024-12854,Weybridge,2024-11-30,2025-02-19,Standard,Low,W209,2026-01-14
CC-2025-18170,Weybridge,2025-12-24,,Standard,High,W109,2026-01-14
CC-2024-18367,Calder Central,2024-07-05,2024-08-08,Standard,Low,W214,2026-01-14
CC-2024-16401,Weybridge,2024-03-12,2024-07-01,Complex,Low,W192,2026-01-14
CC-2025-12637,Calder Central,2025-05-31,2025-07-02,Standard,Low,W173,2026-01-14
CC-2025-21449,Calder Central,2025-08-09,2025-09-28,Complex,Medium,W260,2026-01-14
CC-2024-90421,Weybridge,2024-02-27,2024-03-25,Standard,,W183,2026-01-14
CC-2025-16044,Weybridge,2025-08-04,2025-11-10,Complex,Low,W195,2026-01-14
CC-2024-18772,Weybridge,2024-12-31,2024-03-06,Standard,Low,W194,2026-01-14
CC-2024-90299,Weybridge,2024-07-06,2024-07-21,Expedited,Medium,W221,2026-01-14
CC-2025-90398,Northgate,2025-07-26,2025-09-15,Standard,Medium,W214,2026-01-14
CC-2024-90277,Northgate,2024-11-23,2025-01-01,Review,Low,W205,2026-01-14
CC-2024-10844,Northgate,2024-12-02,2025-01-16,Standard,Low,W256,2026-01-14
CC-2025-18029,Northgate,2025-04-11,2025-05-08,Standard,Medium,W224,2026-01-14
CC-2024-21716,Calder Central,2024-01-17,2024-04-01,Standard,,W204,2026-01-14
CC-2024-18034,Calder Central,2024-08-24,2024-10-17,Appeal,Low,W100,2026-01-14
CC-2024-20288,Calder Central,2024-10-01,2024-11-26,Standard,Medium,W193,2026-01-14
CC-2024-90007,Calder Central,2024-03-31,2024-04-23,Standard,Medium,W144,2026-01-14
CC-2023-20592,Calder Central,2023-09-29,2023-12-30,Complex,,W204,2026-01-14
CC-2025-17126,Northgate,2025-11-14,2025-12-27,Review,Medium,W200,2026-01-14
CC-2023-17559,Weybridge,2023-12-01,2024-02-29,Complex,,W182,2026-01-14
CC-2024-22060,Northgate,2024-04-12,2024-06-26,Complex,Medium,W228,2026-01-14
CC-2024-11810,Weybridge,2024-04-02,2024-05-14,Standard,Low,W125,2026-01-14
CC-2023-13735,Northgate,2023-11-19,2024-01-05,Complex,,W181,2026-01-14
CC-2025-10955,Northgate,2025-01-01,2025-01-09,Expedited,Low,W171,2026-01-14
CC-2023-20634,Weybridge,2023-09-26,2023-10-26,Standard,,W100,2026-01-14
CC-2023-17614,Weybridge,2023-09-22,2023-10-15,Standard,,W225,2026-01-14
CC-2024-14454,Northgate,2024-09-30,2024-12-14,Expedited,Medium,W217,2026-01-14
CC-2025-10197,Calder Central,2025-09-06,2025-12-05,Complex,Low,W166,2026-01-14
CC-2024-14263,Weybridge,2024-01-04,2024-01-17,Standard,,W160,2026-01-14
CC-2025-22426,Weybridge,2025-02-02,2025-05-09,Standard,Low,W148,2026-01-14
CC-2025-20606,Calder Central,2025-06-09,2025-07-03,Standard,High,W249,2026-01-14
CC-2024-19261,Northgate,2024-02-01,2024-02-26,Expedited,,W152,2026-01-14
CC-2025-10777,Weybridge,2025-06-18,2025-07-22,Standard,High,W239,2026-01-14
CC-2024-19407,Calder Central,2024-03-07,2024-05-27,Complex,Medium,W147,2026-01-14
CC-2023-21433,Northgate,2023-08-29,2023-11-25,Appeal,,W103,2026-01-14
CC-2024-16012,Northgate,2024-02-29,2024-04-11,Standard,,W111,2026-01-14
CC-2025-90250,Calder Central,2025-06-03,2025-07-28,Complex,Low,W228,2026-01-14
CC-2023-20940,Calder Central,2023-07-01,2023-08-08,Standard,,W204,2026-01-14
CC-2024-12574,Calder Central,2024-10-16,2024-11-06,Standard,Medium,W180,2026-01-14
CC-2025-19158,Northgate,2025-09-11,2025-11-03,Standard,Low,W123,2026-01-14
CC-2025-90084,Northgate,2025-08-27,2025-10-24,Appeal,Medium,W251,2026-01-14
CC-2024-90267,Northgate,2024-02-11,2024-02-16,Expedited,,W160,2026-01-14
CC-2024-20925,Weybridge,2024-08-25,2024-10-30,Standard,Low,W240,2026-01-14
CC-2024-24161,Weybridge,2024-09-11,2024-12-31,Standard,Medium,W250,2026-01-14
CC-2025-21599,Weybridge,2025-05-22,2025-06-26,Standard,Medium,W117,2026-01-14
CC-2024-18679,Northgate,2024-10-15,2024-11-27,Review,Medium,W130,2026-01-14
CC-2025-90368,Weybridge,2025-07-01,2025-11-02,Complex,Medium,W213,2026-01-14
CC-2023-21226,Northgate,2023-10-04,2023-11-01,Complex,,W187,2026-01-14
CC-2025-10739,Calder Central,2025-05-15,2025-06-27,Standard,Low,W138,2026-01-14
CC-2024-11891,Weybridge,2024-08-21,2025-01-29,Appeal,Low,W154,2026-01-14
CC-2023-22675,Calder Central,2023-07-18,2023-08-27,Standard,,W241,2026-01-14
CC-2024-23769,Calder Central,2024-04-10,2024-04-29,Standard,Medium,W200,2026-01-14
CC-2024-12526,Calder Central,2024-03-28,2024-05-28,Standard,Low,W252,2026-01-14
CC-2025-16369,Calder Central,2025-03-19,2025-06-10,Review,Low,W107,2026-01-14
CC-2025-11088,Calder Central,2025-11-04,,Standard,Medium,W211,2026-01-14
CC-2025-11720,Calder Central,2025-07-07,2025-08-11,Appeal,Medium,W114,2026-01-14
CC-2024-10945,Calder Central,2024-01-26,2024-03-22,Complex,,W143,2026-01-14
CC-2023-20516,Calder Central,2023-08-12,2023-11-10,Standard,,W213,2026-01-14
CC-2023-16393,Northgate,2023-07-20,2023-08-22,Standard,,W151,2026-01-14
CC-2024-15350,Weybridge,2024-06-15,2024-07-25,Review,Low,W249,2026-01-14
CC-2025-20252,Calder Central,2025-03-24,,Complex,Medium,W257,2026-01-14
CC-2024-15743,Northgate,2024-08-22,2024-09-08,Standard,Medium,W244,2026-01-14
CC-2025-90067,Northgate,2025-12-06,,Expedited,Medium,W246,2026-01-14
CC-2024-21707,Northgate,2024-01-27,2024-02-21,Standard,,W167,2026-01-14
CC-2023-15115,Northgate,2023-10-03,2023-11-03,Standard,,W197,2026-01-14
CC-2025-90770,Weybridge,2025-06-30,2025-08-29,Standard,Low,W129,2026-01-14
CC-2025-23707,Weybridge,2025-07-10,2025-09-02,Standard,Low,W189,2026-01-14
CC-2024-10489,Weybridge,2024-01-28,2024-02-13,Expedited,,W196,2026-01-14
CC-2025-18206,Northgate,2025-12-21,,Complex,Low,W247,2026-01-14
CC-2025-22760,Weybridge,2025-08-03,2025-08-14,Standard,Low,W225,2026-01-14
CC-2025-21547,Weybridge,2025-02-12,2025-03-28,Expedited,Medium,W131,2026-01-14
CC-2023-12049,Calder Central,2023-11-07,2023-11-14,Expedited,,W204,2026-01-14
CC-2025-23604,Northgate,2025-10-13,2025-10-30,Review,Medium,W148,2026-01-14
CC-2025-10093,Weybridge,2025-11-10,,Appeal,Low,W198,2026-01-14
CC-2025-13586,Weybridge,2025-04-28,,Appeal,Low,W221,2026-01-14
CC-2023-11320,Northgate,2023-08-20,2023-10-09,Complex,,W148,2026-01-14
CC-2024-16142,Weybridge,2024-09-07,2024-10-21,Review,Low,W233,2026-01-14
CC-2025-16026,Northgate,2025-10-01,2025-11-26,Standard,Medium,W164,2026-01-14
CC-2024-90175,Calder Central,2024-08-05,2024-10-10,Standard,Medium,W166,2026-01-14
CC-2025-23313,Calder Central,2025-05-27,2025-08-27,Complex,High,W190,2026-01-14
CC-2025-20394,Northgate,2025-03-31,2025-04-24,Standard,Medium,W134,2026-01-14
CC-2025-14688,Calder Central,2025-12-26,,Complex,Low,W225,2026-01-14
CC-2023-20364,Weybridge,2023-08-29,2023-09-11,Expedited,,W212,2026-01-14
CC-2024-11858,Calder Central,2024-02-22,2024-03-03,Expedited,,W240,2026-01-14
CC-2025-19453,Northgate,2025-04-17,2025-05-24,Standard,Low,W235,2026-01-14
CC-2024-90558,Northgate,2024-07-21,2024-08-05,Standard,Medium,W124,2026-01-14
CC-2023-12011,Calder Central,2023-10-08,2023-10-23,Standard,,W136,2026-01-14
CC-2024-11865,Northgate,2024-02-23,2024-03-30,Standard,,W164,2026-01-14
CC-2025-19042,Weybridge,2025-09-14,2025-10-14,Standard,Medium,W211,2026-01-14
CC-2024-22581,Weybridge,2024-03-23,2024-04-15,Expedited,Low,W172,2026-01-14
CC-2025-16130,Calder Central,2025-11-06,,Complex,Medium,W120,2026-01-14
CC-2023-13769,Northgate,2023-12-22,2024-01-26,Standard,,W255,2026-01-14
CC-2025-14782,Calder Central,2025-01-24,2025-03-01,Review,Low,W135,2026-01-14
CC-2024-11025,Northgate,2024-09-07,2024-11-02,Standard,Low,W238,2026-01-14
CC-2025-14949,Calder Central,2025-08-01,2025-09-10,Standard,Medium,W137,2026-01-14
CC-2025-21262,Weybridge,2025-05-14,2025-11-24,Complex,Low,W157,2026-01-14
CC-2023-11415,Calder Central,2023-09-24,2023-10-15,Standard,,W121,2026-01-14
CC-2025-11178,Weybridge,2025-07-13,2025-08-04,Complex,Low,W170,2026-01-14
CC-2024-21053,Calder Central,2024-02-07,2024-02-22,Review,,W155,2026-01-14
CC-2023-15027,Weybridge,2023-08-05,2023-09-21,Standard,,W252,2026-01-14
CC-2025-23744,Northgate,2025-05-31,2025-06-24,Review,Low,W197,2026-01-14
CC-2025-20048,Calder Central,2025-03-06,2025-04-06,Expedited,Low,W224,2026-01-14
CC-2025-11242,Weybridge,2025-05-09,2025-08-04,Standard,Low,W151,2026-01-14
CC-2025-90411,Northgate,2025-09-19,,Complex,High,W111,2026-01-14
CC-2024-22236,Northgate,2024-05-26,2024-06-17,Complex,Low,W211,2026-01-14
CC-2025-20244,Calder Central,2025-10-03,2025-10-12,Expedited,Low,W214,2026-01-14
CC-2024-12594,Calder Central,2024-11-14,2024-12-19,Standard,Medium,W225,2026-01-14
CC-2024-13787,Weybridge,2024-08-21,2024-11-04,Standard,Medium,W152,2026-01-14
CC-2023-16159,Calder Central,2023-11-04,2023-12-01,Standard,,W196,2026-01-14
CC-2025-90354,Calder Central,2025-08-30,2025-11-08,Complex,Medium,W257,2026-01-14
CC-2025-11932,Weybridge,2025-11-20,,Standard,High,W130,2026-01-14
CC-2023-11464,Weybridge,2023-07-21,2023-09-16,Complex,,W185,2026-01-14
CC-2025-18219,Northgate,2025-03-23,2025-03-28,Expedited,Medium,W214,2026-01-14
CC-2023-23675,Weybridge,2023-11-29,2024-03-05,Complex,,W148,2026-01-14
CC-2025-12134,Calder Central,2025-08-08,2025-09-06,Review,Low,W183,2026-01-14
CC-2024-11286,Northgate,2024-12-29,2025-04-07,Complex,Medium,W254,2026-01-14
CC-2023-23091,Northgate,2023-07-31,2023-08-18,Standard,,W144,2026-01-14
CC-2025-90454,Northgate,2025-01-20,2025-04-01,Complex,High,W235,2026-01-14
CC-2025-90293,Calder Central,2025-10-27,2025-12-05,Standard,Medium,W100,2026-01-14
CC-2024-13110,Weybridge,2024-03-24,2024-05-05,Standard,Low,W253,2026-01-14
CC-2025-13731,Weybridge,2025-12-15,,Expedited,Low,W164,2026-01-14
CC-2025-11854,Calder Central,2025-06-30,2025-09-19,Complex,Medium,W170,2026-01-14
CC-2025-90622,Calder Central,2025-10-06,,Complex,Low,W200,2026-01-14
CC-2024-18708,Calder Central,2024-03-03,2024-04-08,Expedited,High,W137,2026-01-14
CC-2024-15205,Weybridge,2024-11-10,2024-12-22,Standard,Low,W165,2026-01-14
CC-2024-90556,Calder Central,2024-11-14,2025-08-10,Complex,Medium,W112,2026-01-14
CC-2025-90076,Weybridge,2025-10-07,2025-10-22,Expedited,Medium,W177,2026-01-14
CC-2024-90249,Weybridge,2024-03-31,2024-04-12,Expedited,Medium,W153,2026-01-14
CC-2024-18045,Weybridge,2024-12-02,2025-01-06,Review,Medium,W234,2026-01-14
CC-2024-21418,Calder Central,2024-02-02,2024-04-19,Appeal,,W189,2026-01-14
CC-2025-16362,Weybridge,2025-03-13,2025-05-08,Standard,Medium,W244,2026-01-14
CC-2024-13176,Northgate,2024-08-06,2024-08-24,Standard,Medium,W126,2026-01-14
CC-2024-19184,Calder Central,2024-02-02,2024-02-29,Standard,,W218,2026-01-14
CC-2023-21311,Calder Central,2023-11-05,2024-01-28,Complex,,W191,2026-01-14
CC-2025-90204,Weybridge,2025-03-13,2025-06-05,Standard,Low,W224,2026-01-14
CC-2025-23408,Calder Central,2025-08-09,2025-08-28,Expedited,Medium,W256,2026-01-14
CC-2025-24055,Weybridge,2025-05-12,2025-08-31,Standard,Low,W194,2026-01-14
CC-2025-90646,Calder Central,2025-06-13,2025-07-24,Standard,Low,W135,2026-01-14
CC-2025-11213,Calder Central,2025-09-06,2025-10-13,Standard,High,W217,2026-01-14
CC-2024-21117,Weybridge,2024-08-18,2024-10-08,Standard,Low,W150,2026-01-14
CC-2025-19629,Weybridge,2025-06-30,2025-09-12,Review,Medium,W202,2026-01-14
CC-2025-14077,Calder Central,2025-03-10,2025-03-28,Expedited,Low,W197,2026-01-14
CC-2025-13219,Northgate,2025-11-04,2025-11-22,Expedited,Medium,W142,2026-01-14
CC-2024-90709,Northgate,2024-12-01,2024-12-19,Standard,Medium,W182,2026-01-14
CC-2024-21399,Northgate,2024-09-14,2024-11-21,Complex,Medium,W213,2026-01-14
CC-2025-19831,Weybridge,2025-11-27,,Complex,Medium,W191,2026-01-14
CC-2025-90613,Weybridge,2025-11-28,,Standard,Low,W213,2026-01-14
CC-2025-23545,Weybridge,2025-12-13,,Standard,Low,W205,2026-01-14
CC-2025-90059,Calder Central,2025-12-09,,Standard,Medium,W242,2026-01-14
CC-2025-16564,Calder Central,2025-01-10,2025-03-29,Standard,Medium,W185,2026-01-14
CC-2025-19803,Calder Central,2025-04-28,2025-06-26,Standard,Medium,W228,2026-01-14
CC-2025-10352,Calder Central,2025-11-09,2025-11-29,Complex,Medium,W219,2026-01-14
CC-2025-18453,Weybridge,2025-12-10,,Standard,High,W130,2026-01-14
CC-2024-90547,Weybridge,2024-03-13,2024-04-04,Standard,Medium,W182,2026-01-14
CC-2024-90243,Weybridge,2024-10-01,2024-12-15,Review,Medium,W246,2026-01-14
CC-2023-22354,Weybridge,2023-12-12,2023-12-30,Expedited,,W161,2026-01-14
CC-2025-23077,Weybridge,2025-09-10,,Complex,Medium,W196,2026-01-14
CC-2024-16108,Weybridge,2024-05-28,2024-06-12,Standard,High,W185,2026-01-14
CC-2025-90522,Northgate,2025-09-22,2025-10-17,Review,Medium,W107,2026-01-14
CC-2025-90201,Calder Central,2025-05-26,2025-06-05,Expedited,Medium,W136,2026-01-14
CC-2024-11900,Calder Central,2024-03-04,2024-03-14,Expedited,Medium,W259,2026-01-14
CC-2025-11420,Calder Central,2025-04-03,2025-05-03,Standard,Medium,W124,2026-01-14
CC-2025-22434,Calder Central,2025-05-02,2024-09-11,Complex,Medium,W131,2026-01-14
CC-2024-13415,Calder Central,2024-11-27,2025-02-08,Complex,Medium,W139,2026-01-14
CC-2024-14053,Weybridge,2024-11-24,2025-01-23,Complex,Medium,W109,2026-01-14
CC-2025-14640,Northgate,2025-05-16,2025-07-17,Complex,Medium,W212,2026-01-14
CC-2024-90758,Calder Central,2024-11-18,2025-01-05,Review,Low,W204,2026-01-14
CC-2023-15729,Weybridge,2023-12-31,2024-01-22,Standard,,W135,2026-01-14
CC-2024-14983,Calder Central,2024-01-11,2024-03-18,Complex,,W218,2026-01-14
CC-2025-11023,Weybridge,2025-02-22,2025-05-16,Review,High,W104,2026-01-14
CC-2024-19731,Calder Central,2024-08-27,2024-09-15,Expedited,Medium,W219,2026-01-14
CC-2023-17161,Weybridge,2023-08-22,2023-09-05,Expedited,,W166,2026-01-14
CC-2025-19454,Weybridge,2025-11-27,2025-12-26,Expedited,Medium,W173,2026-01-14
CC-2025-15128,Weybridge,2025-10-11,,Appeal,Low,W146,2026-01-14
CC-2025-90120,Weybridge,2025-10-09,2025-12-01,Standard,Medium,W168,2026-01-14
CC-2024-11827,Calder Central,2024-10-20,2024-12-03,Review,Low,W258,2026-01-14
CC-2025-20111,Calder Central,2025-08-29,2025-11-09,Complex,Medium,W156,2026-01-14
CC-2025-90607,Weybridge,2025-09-01,2025-12-30,Standard,Low,W129,2026-01-14
CC-2024-15531,Northgate,2024-10-29,2025-01-23,Complex,Low,W109,2026-01-14
CC-2025-20853,Calder Central,2025-07-15,2025-08-27,Standard,High,W120,2026-01-14
CC-2025-90300,Northgate,2025-04-11,2025-04-19,Expedited,Low,W186,2026-01-14
CC-2024-11813,Weybridge,2024-07-31,2024-09-05,Complex,Low,W143,2026-01-14
CC-2025-16965,Northgate,2025-09-21,2025-10-05,Expedited,Medium,W228,2026-01-14
CC-2025-22391,Weybridge,2025-05-01,2025-05-26,Expedited,High,W257,2026-01-14
CC-2024-90212,Weybridge,2024-07-01,2024-08-31,Appeal,Medium,W139,2026-01-14
CC-2024-13771,Weybridge,2024-09-25,2024-10-25,Appeal,Low,W239,2026-01-14
CC-2025-11690,Northgate,2025-10-06,2025-10-28,Standard,Medium,W239,2026-01-14
CC-2024-15606,Weybridge,2024-07-28,2024-08-24,Review,Medium,W244,2026-01-14
CC-2023-20768,Weybridge,2023-08-29,2023-09-21,Standard,,W101,2026-01-14
CC-2024-21851,Northgate,2024-08-03,2024-02-11,Standard,Low,W163,2026-01-14
CC-2024-16959,Calder Central,2024-07-26,2024-09-04,Standard,High,W168,2026-01-14
CC-2024-15236,Northgate,2024-04-20,2024-05-04,Expedited,High,W233,2026-01-14
CC-2025-10637,Northgate,2025-03-27,2025-04-23,Standard,Low,W252,2026-01-14
CC-2025-23180,Calder Central,2025-11-04,,Complex,Medium,W186,2026-01-14
CC-2024-13126,Weybridge,2024-11-06,2025-03-06,Complex,Medium,W121,2026-01-14
CC-2024-12238,Calder Central,2024-10-22,2024-12-31,Complex,Low,W138,2026-01-14
CC-2025-21918,Weybridge,2025-07-19,2025-08-09,Review,Medium,W167,2026-01-14
CC-2025-18656,Weybridge,2025-04-20,2025-07-02,Appeal,Low,W254,2026-01-14
CC-2023-12071,Calder Central,2023-12-18,2024-02-23,Complex,,W250,2026-01-14
CC-2024-19782,Calder Central,2024-05-24,2024-06-12,Standard,Low,W209,2026-01-14
CC-2025-19979,Weybridge,2025-07-11,2025-08-01,Standard,Medium,W128,2026-01-14
CC-2025-90000,Northgate,2025-05-03,2025-05-27,Review,High,W144,2026-01-14
CC-2024-23109,Calder Central,2024-05-21,2024-06-05,Expedited,High,W124,2026-01-14
CC-2025-15676,Calder Central,2025-12-03,,Standard,Low,W120,2026-01-14
CC-2024-17846,Calder Central,2024-12-22,2025-01-08,Expedited,High,W240,2026-01-14
CC-2024-22429,Northgate,2024-12-07,2025-01-23,Review,Low,W260,2026-01-14
CC-2023-12325,Northgate,2023-08-13,2023-10-07,Complex,,W258,2026-01-14
CC-2024-90251,Calder Central,2024-02-18,2024-03-31,Complex,,W235,2026-01-14
CC-2023-10990,Calder Central,2023-11-03,2023-11-26,Standard,,W162,2026-01-14
CC-2024-90185,Northgate,2024-12-27,2025-02-07,Standard,Medium,W177,2026-01-14
CC-2025-14872,Weybridge,2025-02-09,2025-03-24,Standard,Low,W182,2026-01-14
CC-2024-13008,Weybridge,2024-12-11,2025-02-01,Review,Medium,W220,2026-01-14
CC-2024-14107,Calder Central,2024-07-14,2024-09-03,Appeal,Medium,W105,2026-01-14
CC-2024-15832,Calder Central,2024-08-12,2024-08-17,Expedited,Medium,W231,2026-01-14
CC-2025-90442,Weybridge,2025-12-13,,Standard,Low,W154,2026-01-14
CC-2024-12932,Calder Central,2024-11-16,2025-01-10,Standard,Medium,W138,2026-01-14
CC-2024-22458,Northgate,2024-09-26,2024-11-22,Review,Medium,W141,2026-01-14
CC-2025-13499,Weybridge,2025-03-10,2025-04-07,Review,Medium,W126,2026-01-14
CC-2025-22008,Calder Central,2025-07-03,2025-07-24,Review,Low,W204,2026-01-14
CC-2023-12509,Weybridge,2023-07-09,2023-07-13,Expedited,,W185,2026-01-14
CC-2024-13702,Calder Central,2024-01-20,2024-04-08,Complex,,W200,2026-01-14
CC-2025-16678,Calder Central,2025-03-03,2025-03-27,Standard,Medium,W132,2026-01-14
CC-2024-18002,Northgate,2024-05-04,2024-07-15,Complex,Low,W183,2026-01-14
CC-2025-90670,Calder Central,2025-12-07,,Complex,High,W157,2026-01-14
CC-2024-19745,Calder Central,2024-03-27,2024-05-17,Complex,Medium,W117,2026-01-14
CC-2025-18635,Weybridge,2025-03-27,2025-06-04,Standard,Medium,W171,2026-01-14
CC-2025-90355,Northgate,2025-07-23,2025-08-26,Complex,Medium,W145,2026-01-14
CC-2023-22038,Northgate,2023-08-04,2023-08-18,Standard,,W209,2026-01-14
CC-2024-13326,Weybridge,2024-12-13,2025-10-21,Complex,Medium,W135,2026-01-14
CC-2025-19687,Weybridge,2025-06-02,2024-08-31,Standard,Low,W126,2026-01-14
CC-2024-23048,Northgate,2024-05-30,2024-06-22,Standard,High,W221,2026-01-14
CC-2025-90663,Northgate,2025-07-21,2025-07-30,Expedited,Medium,W253,2026-01-14
CC-2025-21181,Calder Central,2025-10-11,2025-12-26,Complex,High,W257,2026-01-14
CC-2023-19173,Weybridge,2023-11-12,2023-12-24,Standard,,W228,2026-01-14
CC-2024-16827,Weybridge,2024-11-10,2025-03-06,Standard,Low,W192,2026-01-14
CC-2025-18121,Calder Central,2025-07-15,2025-08-12,Standard,Medium,W246,2026-01-14
CC-2025-13650,Weybridge,2025-05-01,2025-07-06,Standard,Low,W150,2026-01-14
CC-2025-11547,Weybridge,2025-11-28,,Standard,Medium,W202,2026-01-14
CC-2024-19037,Northgate,2024-08-10,2024-09-19,Complex,Medium,W180,2026-01-14
CC-2024-14588,Calder Central,2024-05-07,2024-05-26,Expedited,High,W199,2026-01-14
CC-2024-15985,Weybridge,2024-02-09,2024-03-27,Review,,W153,2026-01-14
CC-2025-17465,Calder Central,2025-02-07,2025-03-09,Standard,Low,W256,2026-01-14
CC-2024-90128,Calder Central,2024-09-22,2024-12-02,Complex,Low,W253,2026-01-14
CC-2024-21572,Calder Central,2024-07-30,2024-10-29,Complex,High,W113,2026-01-14
CC-2024-21657,Northgate,2024-12-02,2025-01-03,Standard,Medium,W221,2026-01-14
CC-2023-15161,Calder Central,2023-11-12,2023-01-25,Appeal,,W219,2026-01-14
CC-2025-15675,Calder Central,2025-07-16,2025-08-27,Complex,Low,W109,2026-01-14
CC-2024-90664,Northgate,2024-03-18,2024-05-17,Complex,Medium,W254,2026-01-14
CC-2025-21525,Northgate,2025-12-13,,Complex,Medium,W239,2026-01-14
CC-2024-19450,Calder Central,2024-06-08,2024-06-29,Standard,Low,W207,2026-01-14
CC-2025-24192,Weybridge,2025-07-31,,Complex,Medium,W250,2026-01-14
CC-2023-12575,Northgate,2023-11-01,2023-11-27,Standard,,W225,2026-01-14
CC-2023-12910,Weybridge,2023-11-24,2023-03-25,Standard,,W152,2026-01-14
CC-2024-90577,Calder Central,2024-02-04,2024-06-26,Standard,,W243,2026-01-14
CC-2023-16141,Northgate,2023-10-04,2023-12-17,Complex,,W157,2026-01-14
CC-2024-90490,Weybridge,2024-01-05,2024-02-08,Expedited,,W257,2026-01-14
CC-2024-90462,Weybridge,2024-08-30,2024-12-26,Standard,High,W160,2026-01-14
CC-2024-10204,Weybridge,2024-03-31,2024-05-06,Review,Low,W196,2026-01-14
CC-2025-90402,Weybridge,2025-07-15,2025-09-04,Standard,Low,W127,2026-01-14
CC-2024-11334,Weybridge,2024-07-22,,Standard,Medium,W247,2026-01-14
CC-2024-17761,Weybridge,2024-06-08,2024-06-25,Expedited,Medium,W219,2026-01-14
CC-2025-22680,Calder Central,2025-11-23,,Complex,High,W199,2026-01-14
CC-2024-90034,Calder Central,2024-03-04,2024-06-14,Complex,Medium,W116,2026-01-14
CC-2024-13478,Weybridge,2024-08-06,2024-10-08,Review,Low,W179,2026-01-14
CC-2025-11316,Calder Central,2025-11-15,,Complex,Medium,W196,2026-01-14
CC-2025-90089,Calder Central,2025-12-05,,Complex,Low,W227,2026-01-14
CC-2025-20081,Northgate,2025-07-01,2025-07-28,Expedited,Medium,W197,2026-01-14
CC-2024-20530,Weybridge,2024-03-01,2024-03-14,Standard,Low,W169,2026-01-14
CC-2025-20366,Northgate,2025-05-24,2025-07-07,Standard,Low,W130,2026-01-14
CC-2024-13016,Northgate,2024-10-19,2024-08-31,Complex,Low,W120,2026-01-14
CC-2023-22133,Calder Central,2023-11-11,2023-12-09,Standard,,W190,2026-01-14
CC-2025-14032,Weybridge,2025-09-04,2025-12-28,Review,Low,W170,2026-01-14
CC-2025-18873,Northgate,2025-05-11,2025-07-17,Appeal,Low,W187,2026-01-14
CC-2025-20950,Weybridge,2025-11-22,,Standard,Medium,W121,2026-01-14
CC-2024-11646,Northgate,2024-09-22,2024-12-09,Appeal,Medium,W240,2026-01-14
CC-2023-11421,Weybridge,2023-11-12,2023-11-24,Standard,,W180,2026-01-14
CC-2023-22439,Calder Central,2023-07-19,2023-08-11,Standard,,W259,2026-01-14
CC-2025-18444,Northgate,2025-07-10,2025-08-16,Standard,Medium,W106,2026-01-14
CC-2023-22639,Calder Central,2023-10-15,2023-11-26,Appeal,,W223,2026-01-14
CC-2024-11473,Calder Central,2024-04-26,2024-05-20,Standard,Low,W156,2026-01-14
CC-2024-23737,Weybridge,2024-11-09,2024-12-20,Review,Low,W180,2026-01-14
CC-2025-23314,Northgate,2025-06-17,2025-09-05,Standard,Low,W198,2026-01-14
CC-2025-14395,Northgate,2025-02-01,2025-02-22,Standard,Medium,W241,2026-01-14
CC-2025-90381,Weybridge,2025-12-12,,Standard,Low,W140,2026-01-14
CC-2024-20257,Northgate,2024-02-05,2024-03-07,Standard,,W145,2026-01-14
CC-2024-11778,Calder Central,2024-12-04,2025-01-04,Standard,Low,W188,2026-01-14
CC-2024-90566,Weybridge,2024-04-16,2024-05-25,Complex,Low,W224,2026-01-14
CC-2024-14705,Weybridge,2024-08-06,2024-10-08,Review,Medium,W201,2026-01-14
CC-2024-90553,Northgate,2024-12-27,2025-01-11,Expedited,Medium,W225,2026-01-14
CC-2024-24123,Calder Central,2024-11-27,2025-01-27,Standard,Low,W192,2026-01-14
CC-2025-10231,Northgate,2025-06-13,2025-07-22,Complex,Medium,W140,2026-01-14
CC-2024-10003,Weybridge,2024-06-20,2024-07-23,Standard,High,W129,2026-01-14
CC-2024-10025,Calder Central,2024-01-18,2024-02-16,Standard,,W152,2026-01-14
CC-2025-23563,Weybridge,2025-07-19,2025-12-23,Review,Low,W250,2026-01-14
CC-2025-13952,Weybridge,2025-06-27,2025-08-19,Standard,Medium,W209,2026-01-14
CC-2025-90174,Northgate,2025-01-14,2025-02-11,Standard,High,W100,2026-01-14
CC-2024-13336,Calder Central,2024-03-16,2024-04-02,Standard,High,W260,2026-01-14
CC-2025-21250,Weybridge,2025-10-18,2025-12-25,Standard,Low,W146,2026-01-14
CC-2024-17172,Northgate,2024-06-28,2024-07-26,Standard,Low,W207,2026-01-14
CC-2023-17326,Weybridge,2023-10-01,2023-11-06,Standard,,W251,2026-01-14
CC-2025-10533,Northgate,2025-11-02,2025-11-09,Expedited,Medium,W124,2026-01-14
CC-2024-15291,Northgate,2024-10-26,2024-11-17,Standard,Medium,W156,2026-01-14
CC-2024-11174,Calder Central,2024-09-13,2024-10-18,Standard,Low,W247,2026-01-14
CC-2025-90291,Calder Central,2025-03-25,2025-04-07,Standard,Low,W180,2026-01-14
CC-2024-20494,Northgate,2024-10-26,2024-11-25,Standard,High,W172,2026-01-14
CC-2024-90200,Calder Central,2024-09-23,2024-11-18,Standard,Medium,W199,2026-01-14
CC-2024-23788,Calder Central,2024-04-25,2024-06-05,Complex,Low,W127,2026-01-14
CC-2023-11983,Calder Central,2023-12-06,2024-01-17,Standard,,W151,2026-01-14
CC-2025-90107,Calder Central,2025-04-18,2025-05-17,Standard,Low,W144,2026-01-14
CC-2025-11190,Weybridge,2025-07-31,2025-10-16,Review,Low,W155,2026-01-14
CC-2025-90241,Northgate,2025-04-09,2025-05-05,Standard,Low,W119,2026-01-14
CC-2024-90543,Calder Central,2024-07-08,2024-08-04,Standard,Low,W206,2026-01-14
CC-2025-16922,Calder Central,2025-05-11,2025-06-19,Standard,Low,W255,2026-01-14
CC-2024-13630,Calder Central,2024-08-20,2024-09-17,Appeal,Medium,W152,2026-01-14
CC-2023-17363,Calder Central,2023-12-24,2024-02-12,Review,,W156,2026-01-14
CC-2025-12884,Northgate,2025-03-10,2025-04-26,Complex,Low,W137,2026-01-14
CC-2024-23991,Weybridge,2024-12-24,2025-07-03,Complex,Low,W173,2026-01-14
CC-2024-10028,Calder Central,2024-01-19,2024-02-03,Standard,,W214,2026-01-14
CC-2024-12668,Weybridge,2024-08-19,2025-01-15,Complex,Low,W222,2026-01-14
CC-2025-18295,Northgate,2025-09-08,2025-09-29,Standard,Medium,W245,2026-01-14
CC-2024-11328,Calder Central,2024-02-25,2024-04-22,Standard,,W202,2026-01-14
CC-2023-11526,Calder Central,2023-12-28,,Standard,,W175,2026-01-14
CC-2024-13141,Northgate,2024-11-04,2024-12-04,Complex,Low,W106,2026-01-14
CC-2024-20922,Calder Central,2024-09-02,2024-10-30,Complex,Medium,W156,2026-01-14
CC-2024-11374,Weybridge,2024-02-25,2024-03-04,Expedited,,W240,2026-01-14
CC-2025-10102,Calder Central,2025-04-29,2025-05-15,Standard,Medium,W157,2026-01-14
CC-2023-16804,Northgate,2023-08-22,2023-10-11,Standard,,W216,2026-01-14
CC-2023-20655,Calder Central,2023-08-13,2023-08-31,Standard,,W133,2026-01-14
CC-2024-14730,Calder Central,2024-08-28,2024-09-20,Standard,High,W217,2026-01-14
CC-2025-90066,Weybridge,2025-12-13,,Standard,Low,W151,2026-01-14
CC-2024-21829,Northgate,2024-12-13,2025-02-04,Complex,High,W242,2026-01-14
CC-2023-18989,Weybridge,2023-07-26,2023-09-06,Complex,,W137,2026-01-14
CC-2025-13631,Weybridge,2025-07-27,2025-11-22,Expedited,Low,W248,2026-01-14
CC-2023-23729,Calder Central,2023-08-08,2023-09-18,Appeal,,W167,2026-01-14
CC-2025-21751,Calder Central,2025-03-14,2025-04-02,Standard,Medium,W204,2026-01-14
CC-2025-23838,Northgate,2025-01-12,2025-02-09,Review,Low,W134,2026-01-14
CC-2024-20983,Calder Central,2024-09-20,2024-12-13,Appeal,Low,W224,2026-01-14
CC-2025-14170,Weybridge,2025-01-01,2025-03-27,Standard,Medium,W229,2026-01-14
CC-2025-90269,Calder Central,2025-06-07,2025-07-09,Standard,Low,W139,2026-01-14
CC-2025-12968,Northgate,2025-07-18,2025-09-08,Standard,High,W187,2026-01-14
CC-2025-20597,Calder Central,2025-11-15,,Complex,Medium,W229,2026-01-14
CC-2024-22230,Weybridge,2024-08-21,2024-11-15,Standard,Medium,W142,2026-01-14
CC-2024-90343,Weybridge,2024-01-22,2024-04-02,Complex,,W240,2026-01-14
CC-2024-12830,Weybridge,2024-03-22,2024-03-31,Expedited,Medium,W255,2026-01-14
CC-2023-10997,Northgate,2023-07-29,2023-09-29,Standard,,W162,2026-01-14
CC-2025-90191,Northgate,2025-01-09,2025-01-26,Expedited,Medium,W253,2026-01-14
CC-2023-22091,Calder Central,2023-10-14,2023-10-30,Expedited,,W200,2026-01-14
CC-2023-11500,Northgate,2023-09-11,2023-10-25,Standard,,W244,2026-01-14
CC-2025-90648,Calder Central,2025-06-02,2025-06-13,Expedited,Low,W242,2026-01-14
CC-2025-10061,Calder Central,2025-07-31,2025-08-25,Standard,Low,W115,2026-01-14
CC-2024-17405,Calder Central,2024-02-08,2024-03-04,Standard,,W127,2026-01-14
CC-2023-13859,Northgate,2023-07-01,2023-08-18,Review,,W254,2026-01-14
CC-2025-90771,Northgate,2025-06-28,2025-08-04,Standard,Low,W228,2026-01-14
CC-2025-21011,Weybridge,2025-11-23,,Review,Low,W240,2026-01-14
CC-2025-22550,Weybridge,2025-10-20,,Complex,Low,W209,2026-01-14
CC-2025-24140,Weybridge,2025-04-27,,Appeal,Low,W171,2026-01-14
CC-2024-19813,Weybridge,2024-02-04,2024-04-29,Complex,,W122,2026-01-14
CC-2023-10308,Calder Central,2023-07-08,2023-08-29,Review,,W225,2026-01-14
CC-2025-90739,Northgate,2025-11-15,2025-12-30,Appeal,Low,W144,2026-01-14
CC-2025-16306,Weybridge,2025-06-26,2025-07-14,Review,Medium,W190,2026-01-14
CC-2025-15565,Calder Central,2025-08-04,2025-08-31,Expedited,Low,W109,2026-01-14
CC-2024-15040,Northgate,2024-06-06,2024-06-28,Standard,Low,W121,2026-01-14
CC-2025-20297,Weybridge,2025-05-18,2025-07-24,Standard,Medium,W222,2026-01-14
CC-2024-90358,Northgate,2024-02-22,2024-04-14,Complex,,W259,2026-01-14
CC-2024-12322,Weybridge,2024-10-22,2024-07-24,Standard,Medium,W160,2026-01-14
CC-2025-20152,Northgate,2025-01-22,2025-02-12,Standard,Low,W116,2026-01-14
CC-2024-12000,Weybridge,2024-07-27,2024-08-29,Standard,Medium,W219,2026-01-14
CC-2025-90506,Weybridge,2025-11-23,,Review,Low,W140,2026-01-14
CC-2025-16704,Calder Central,2025-11-06,2025-12-21,Review,Medium,W228,2026-01-14
CC-2025-90010,Northgate,2025-12-30,,Standard,Low,W231,2026-01-14
CC-2024-17167,Calder Central,2024-05-14,2024-10-15,Complex,Medium,W144,2026-01-14
CC-2024-90585,Northgate,2024-07-21,2024-08-26,Standard,Medium,W251,2026-01-14
CC-2025-10981,Calder Central,2025-07-03,2025-07-11,Expedited,Low,W172,2026-01-14
CC-2025-14781,Weybridge,2025-11-19,,Standard,Low,W133,2026-01-14
CC-2024-90053,Weybridge,2024-01-26,2024-03-05,Standard,,W134,2026-01-14
CC-2024-18936,Calder Central,2024-10-25,2024-11-18,Expedited,Low,W128,2026-01-14
CC-2023-18337,Calder Central,2023-08-20,2023-10-19,Appeal,,W147,2026-01-14
CC-2025-18819,Northgate,2025-09-12,2025-12-13,Standard,Medium,W116,2026-01-14
CC-2023-22368,Calder Central,2023-12-18,2024-01-11,Review,,W186,2026-01-14
CC-2024-90641,Weybridge,2024-01-03,2024-01-13,Expedited,,W146,2026-01-14
CC-2024-22873,Weybridge,2024-10-31,2025-02-02,Appeal,Low,W165,2026-01-14
CC-2024-22312,Weybridge,2024-07-16,2024-02-28,Review,Medium,W207,2026-01-14
CC-2024-12810,Northgate,2024-02-24,2024-04-04,Standard,,W236,2026-01-14
CC-2024-11111,Northgate,2024-02-25,2024-03-03,Expedited,,W154,2026-01-14
CC-2025-90681,Calder Central,2025-10-01,2025-11-03,Standard,Low,W118,2026-01-14
CC-2024-23829,Northgate,2024-03-04,2024-04-03,Standard,Low,W239,2026-01-14
CC-2024-90629,Weybridge,2024-12-18,2025-05-13,Standard,Medium,W174,2026-01-14
CC-2024-12724,Weybridge,2024-08-20,2024-10-21,Standard,Low,W245,2026-01-14
CC-2023-20405,Weybridge,2023-12-18,,Standard,,W217,2026-01-14
CC-2024-13993,Northgate,2024-04-10,2024-06-13,Complex,Low,W139,2026-01-14
CC-2025-20720,Northgate,2025-07-18,2025-07-27,Expedited,Low,W123,2026-01-14
CC-2023-18582,Calder Central,2023-09-28,2023-10-21,Standard,,W242,2026-01-14
CC-2023-11142,Weybridge,2023-09-07,2023-10-07,Appeal,,W206,2026-01-14
CC-2024-13888,Calder Central,2024-02-04,2024-03-25,Standard,,W249,2026-01-14
CC-2024-23927,Northgate,2024-10-11,2024-11-16,Complex,Low,W105,2026-01-14
CC-2024-90693,Northgate,2024-07-20,2024-08-28,Complex,Low,W198,2026-01-14
CC-2024-19340,Weybridge,2024-12-05,,Standard,Low,W161,2026-01-14
CC-2024-11822,Calder Central,2024-12-01,2025-02-13,Complex,Medium,W188,2026-01-14
CC-2025-22178,Weybridge,2025-11-20,,Review,Medium,W255,2026-01-14
CC-2023-10846,Northgate,2023-11-20,,Review,,W118,2026-01-14
CC-2024-90689,Northgate,2024-09-23,2024-10-21,Standard,Low,W110,2026-01-14
CC-2023-10965,Calder Central,2023-09-02,2023-09-21,Standard,,W213,2026-01-14
CC-2024-90218,Weybridge,2024-07-30,2024-08-30,Review,Low,W105,2026-01-14
CC-2024-16371,Weybridge,2024-03-11,2024-06-24,Complex,Medium,W233,2026-01-14
CC-2024-10279,Calder Central,2024-10-15,2024-12-09,Complex,Medium,W247,2026-01-14
CC-2023-18464,Northgate,2023-08-26,2023-09-23,Standard,,W114,2026-01-14
CC-2024-13758,Calder Central,2024-01-10,2024-02-11,Standard,,W185,2026-01-14
CC-2024-23090,Northgate,2024-02-26,2024-03-13,Standard,,W249,2026-01-14
CC-2025-90182,Northgate,2025-09-17,2025-10-07,Review,Medium,W251,2026-01-14
CC-2023-19334,Northgate,2023-12-20,2024-02-13,Standard,,W103,2026-01-14
CC-2024-18494,Northgate,2024-02-15,2024-03-30,Complex,,W243,2026-01-14
CC-2024-90678,Calder Central,2024-01-12,2024-03-17,Complex,,W248,2026-01-14
CC-2024-14506,Weybridge,2024-10-30,2024-12-24,Standard,High,W146,2026-01-14
CC-2024-11550,Calder Central,2024-03-25,2024-04-02,Standard,Low,W104,2026-01-14
CC-2025-21793,Northgate,2025-07-15,2025-07-30,Review,Low,W180,2026-01-14
CC-2024-22926,Northgate,2024-01-23,2024-03-02,Complex,,W211,2026-01-14
CC-2024-11339,Northgate,2024-05-26,2024-07-13,Appeal,Low,W170,2026-01-14
CC-2024-90133,Calder Central,2024-08-11,2024-09-11,Standard,High,W195,2026-01-14
CC-2024-90366,Northgate,2024-09-18,2024-10-10,Standard,Low,W215,2026-01-14
CC-2025-12282,Weybridge,2025-03-02,2025-03-22,Expedited,Low,W147,2026-01-14
CC-2024-90166,Weybridge,2024-01-04,2024-02-02,Standard,,W193,2026-01-14
CC-2024-20411,Calder Central,2024-11-01,2024-12-10,Complex,High,W183,2026-01-14
CC-2025-23131,Calder Central,2025-05-09,2025-08-01,Complex,Medium,W166,2026-01-14
CC-2025-18537,Calder Central,2025-08-02,2025-10-21,Complex,High,W150,2026-01-14
CC-2025-22390,Weybridge,2025-01-10,2025-02-21,Expedited,Medium,W200,2026-01-14
CC-2024-90686,Weybridge,2024-09-23,2024-12-28,Review,Low,W245,2026-01-14
CC-2025-19805,Northgate,2025-09-28,2025-10-15,Standard,High,W130,2026-01-14
CC-2025-13268,Weybridge,2025-12-09,,Standard,Medium,W199,2026-01-14
CC-2024-90666,Northgate,2024-04-28,2024-07-19,Complex,Medium,W144,2026-01-14
CC-2025-11618,Weybridge,2025-07-08,2025-11-12,Review,High,W148,2026-01-14
CC-2024-90097,Calder Central,2024-02-06,2024-07-02,Complex,,W188,2026-01-14
CC-2023-22605,Northgate,2023-07-08,2023-08-13,Standard,,W122,2026-01-14
CC-2024-17863,Calder Central,2024-05-10,2024-08-03,Complex,Low,W240,2026-01-14
CC-2023-15092,Calder Central,2023-08-22,2023-10-13,Review,,W183,2026-01-14
CC-2024-90753,Northgate,2024-04-16,2024-05-15,Review,Medium,W208,2026-01-14
CC-2024-18865,Calder Central,2024-12-30,2025-01-29,Standard,Low,W203,2026-01-14
CC-2025-18056,Northgate,2025-09-26,2025-10-17,Standard,Low,W194,2026-01-14
CC-2024-13076,Calder Central,2024-06-30,2024-07-19,Standard,Low,W153,2026-01-14
CC-2024-21666,Calder Central,2024-02-20,2024-03-03,Standard,,W111,2026-01-14
CC-2023-17881,Calder Central,2023-11-28,2024-03-25,Complex,,W250,2026-01-14
CC-2024-16211,Calder Central,2024-01-06,2024-02-02,Review,,W160,2026-01-14
CC-2024-90335,Calder Central,2024-05-02,2024-05-18,Expedited,Medium,W148,2026-01-14
CC-2024-15735,Calder Central,2024-11-28,2024-12-19,Standard,Medium,W165,2026-01-14
CC-2025-11352,Calder Central,2025-03-20,2025-03-29,Standard,Medium,W251,2026-01-14
CC-2025-11611,Calder Central,2025-06-13,,Standard,Low,W230,2026-01-14
CC-2024-15566,Northgate,2024-04-01,2024-04-18,Standard,Medium,W144,2026-01-14
CC-2025-16708,Calder Central,2025-09-16,2025-11-14,Standard,Medium,W248,2026-01-14
CC-2023-20092,Weybridge,2023-12-20,2024-01-05,Review,,W176,2026-01-14
CC-2024-90198,Weybridge,2024-09-01,2024-11-22,Standard,Medium,W225,2026-01-14
CC-2025-18345,Northgate,2025-12-02,2025-12-22,Standard,Low,W233,2026-01-14
CC-2025-11590,Northgate,2025-05-13,2025-05-26,Expedited,Medium,W106,2026-01-14
CC-2025-22063,Weybridge,2025-03-16,2025-06-16,Appeal,Low,W149,2026-01-14
CC-2024-90280,Calder Central,2024-03-12,2024-03-31,Standard,Low,W179,2026-01-14
CC-2024-17769,Calder Central,2024-04-22,2024-05-21,Standard,Low,W246,2026-01-14
CC-2024-14180,Northgate,2024-08-22,2024-09-19,Review,Low,W225,2026-01-14
CC-2023-10672,Northgate,2023-08-17,2023-09-09,Expedited,,W205,2026-01-14
CC-2024-16815,Weybridge,2024-04-24,2024-06-30,Complex,Medium,W256,2026-01-14
CC-2025-90323,Northgate,2025-12-05,,Standard,Low,W255,2026-01-14
CC-2025-16221,Weybridge,2025-03-23,,Complex,High,W178,2026-01-14
CC-2024-18413,Northgate,2024-03-27,2024-05-20,Complex,Medium,W180,2026-01-14
CC-2025-90745,Northgate,2025-07-01,2025-07-17,Review,Low,W142,2026-01-14
CC-2024-12634,Northgate,2024-05-20,,Appeal,Medium,W192,2026-01-14
CC-2024-14010,Weybridge,2024-01-14,2024-04-12,Complex,,W248,2026-01-14
CC-2024-12266,Weybridge,2024-07-26,2024-10-07,Complex,Low,W107,2026-01-14
CC-2023-23350,Calder Central,2023-11-16,2023-12-16,Standard,,W143,2026-01-14
CC-2024-19043,Weybridge,2024-07-06,2024-07-31,Expedited,High,W207,2026-01-14
CC-2025-90322,Weybridge,2025-02-24,2025-07-28,Complex,Low,W125,2026-01-14
CC-2025-17781,Calder Central,2025-01-30,2025-03-04,Standard,Low,W114,2026-01-14
CC-2024-23617,Calder Central,2024-12-03,2024-12-22,Expedited,Low,W139,2026-01-14
CC-2024-90054,Weybridge,2024-09-07,2024-11-09,Standard,Medium,W202,2026-01-14
CC-2025-21990,Northgate,2025-01-13,2025-03-02,Review,Low,W104,2026-01-14
CC-2023-18400,Calder Central,2023-07-02,2023-08-02,Standard,,W258,2026-01-14
CC-2025-15160,Weybridge,2025-12-27,,Complex,High,W131,2026-01-14
CC-2025-18554,Calder Central,2025-02-22,2025-03-09,Standard,High,W259,2026-01-14
CC-2023-14893,Northgate,2023-07-10,2023-08-04,Standard,,W143,2026-01-14
CC-2024-16283,Weybridge,2024-11-21,2025-03-18,Complex,Low,W120,2026-01-14
CC-2025-20896,Northgate,2025-06-10,2025-06-24,Standard,Low,W131,2026-01-14
CC-2025-12540,Northgate,2025-08-25,2025-09-22,Standard,Medium,W160,2026-01-14
CC-2024-23410,Northgate,2024-11-23,2024-12-15,Standard,High,W178,2026-01-14
CC-2025-22251,Calder Central,2025-03-04,2025-03-18,Standard,Medium,W151,2026-01-14
CC-2024-12013,Calder Central,2024-03-19,2024-04-10,Standard,Low,W259,2026-01-14
CC-2024-22586,Weybridge,2024-10-23,2025-04-18,Complex,Medium,W209,2026-01-14
CC-2025-11522,Weybridge,2025-01-05,2025-10-31,Complex,Low,W245,2026-01-14
CC-2024-22448,Calder Central,2024-07-14,2024-08-28,Standard,Low,W189,2026-01-14
CC-2024-11311,Weybridge,2024-03-08,2024-03-27,Standard,Low,W160,2026-01-14
CC-2025-10423,Calder Central,2025-07-04,2025-08-24,Complex,Medium,W213,2026-01-14
CC-2025-17529,Northgate,2025-04-28,2025-08-12,Complex,High,W176,2026-01-14
CC-2024-19463,Northgate,2024-10-05,2024-10-24,Appeal,Low,W185,2026-01-14
CC-2024-13216,Weybridge,2024-03-08,2024-05-13,Complex,High,W107,2026-01-14
CC-2025-19739,Calder Central,2025-03-12,2025-05-14,Appeal,Medium,W114,2026-01-14
CC-2025-90525,Weybridge,2025-09-16,,Complex,High,W179,2026-01-14
CC-2025-23315,Weybridge,2025-02-10,2025-03-31,Standard,Low,W145,2026-01-14
CC-2025-13894,Weybridge,2025-10-23,2025-12-13,Appeal,Medium,W175,2026-01-14
CC-2024-90338,Weybridge,2024-09-10,2025-03-27,Complex,Medium,W137,2026-01-14
CC-2025-15373,Calder Central,2025-05-02,2025-05-13,Standard,Medium,W248,2026-01-14
CC-2024-22200,Calder Central,2024-10-28,2024-12-16,Appeal,Medium,W234,2026-01-14
CC-2023-16389,Weybridge,2023-07-01,2023-08-25,Standard,,W171,2026-01-14
CC-2024-21227,Northgate,2024-09-25,2025-01-05,Complex,High,W172,2026-01-14
CC-2025-90778,Northgate,2025-05-12,2025-08-08,Complex,Medium,W120,2026-01-14
CC-2025-22139,Weybridge,2025-12-05,,Complex,Medium,W190,2026-01-14
CC-2025-12720,Northgate,2025-02-04,2025-06-13,Complex,Low,W196,2026-01-14
CC-2025-12960,Northgate,2025-08-08,,Complex,High,W152,2026-01-14
CC-2024-23843,Northgate,2024-09-27,2024-11-14,Standard,Low,W255,2026-01-14
CC-2025-16339,Calder Central,2025-10-02,2025-12-06,Appeal,Low,W110,2026-01-14
CC-2023-17247,Calder Central,2023-08-19,2023-10-05,Standard,,W160,2026-01-14
CC-2023-12512,Northgate,2023-10-10,2023-03-19,Standard,,W156,2026-01-14
CC-2024-90143,Northgate,2024-03-12,2024-05-23,Complex,Low,W244,2026-01-14
CC-2025-22757,Northgate,2025-11-02,2025-12-03,Standard,High,W185,2026-01-14
CC-2025-15222,Northgate,2025-11-23,,Review,Low,W168,2026-01-14
CC-2025-90167,Weybridge,2025-12-13,,Standard,Low,W113,2026-01-14
CC-2024-21431,Calder Central,2024-09-24,2024-11-02,Standard,Low,W206,2026-01-14
CC-2023-11560,Northgate,2023-11-27,2024-01-25,Complex,,W170,2026-01-14
CC-2024-23089,Northgate,2024-08-24,2024-10-22,Complex,Low,W222,2026-01-14
CC-2025-11329,Northgate,2025-09-16,2025-10-11,Standard,Low,W195,2026-01-14
CC-2025-90712,Northgate,2025-06-02,2025-07-01,Standard,Low,W246,2026-01-14
CC-2024-23918,Northgate,2024-09-13,2024-10-13,Standard,Low,W206,2026-01-14
CC-2025-21192,Weybridge,2025-09-29,2025-12-18,Standard,High,W192,2026-01-14
CC-2024-21655,Northgate,2024-02-04,2024-02-14,Expedited,,W107,2026-01-14
CC-2025-18756,Calder Central,2025-12-20,,Standard,Low,W219,2026-01-14
CC-2025-13926,Calder Central,2025-02-05,2025-03-11,Standard,High,W158,2026-01-14
CC-2025-17684,Weybridge,2025-05-31,2025-09-09,Complex,Medium,W169,2026-01-14
CC-2024-18186,Northgate,2024-12-07,2025-01-05,Standard,Low,W242,2026-01-14
CC-2025-17119,Weybridge,2025-01-21,2025-02-14,Expedited,Low,W253,2026-01-14
CC-2024-90350,Northgate,2024-05-07,2024-05-26,Standard,Medium,W112,2026-01-14
CC-2025-90521,Calder Central,2025-05-21,2025-06-19,Review,Low,W152,2026-01-14
CC-2025-20873,Northgate,2025-05-13,2025-06-23,Review,Low,W150,2026-01-14
CC-2025-90279,Calder Central,2025-03-02,2025-03-23,Standard,Medium,W234,2026-01-14
CC-2024-10773,Northgate,2024-09-18,2024-10-10,Standard,Low,W239,2026-01-14
CC-2024-90296,Calder Central,2024-08-23,2024-10-26,Standard,Medium,W156,2026-01-14
CC-2024-16742,Northgate,2024-04-10,2024-05-06,Standard,Medium,W108,2026-01-14
CC-2024-90074,Calder Central,2024-01-01,2024-01-25,Standard,,W120,2026-01-14
CC-2024-23143,Calder Central,2024-01-05,2024-02-08,Complex,,W245,2026-01-14
CC-2025-12108,Calder Central,2025-12-15,,Review,Low,W107,2026-01-14
CC-2024-17704,Northgate,2024-04-27,2024-05-29,Standard,Low,W248,2026-01-14
CC-2025-90019,Weybridge,2025-03-13,2025-04-28,Standard,Medium,W162,2026-01-14
CC-2025-11701,Northgate,2025-06-19,2025-07-03,Expedited,Low,W127,2026-01-14
CC-2024-12850,Calder Central,2024-07-19,2024-07-25,Expedited,Low,W202,2026-01-14
CC-2023-11610,Calder Central,2023-09-01,2023-10-01,Review,,W217,2026-01-14
CC-2024-13903,Weybridge,2024-02-29,2024-03-22,Standard,,W174,2026-01-14
CC-2025-12403,Northgate,2025-09-03,2025-09-13,Standard,Low,W176,2026-01-14
CC-2025-18231,Northgate,2025-01-05,2025-02-08,Complex,Low,W101,2026-01-14
CC-2025-19228,Calder Central,2025-11-09,,Complex,Medium,W200,2026-01-14
CC-2024-19848,Weybridge,2024-02-22,2024-03-26,Standard,,W214,2026-01-14
CC-2025-19229,Weybridge,2025-11-03,,Review,Medium,W157,2026-01-14
CC-2024-90765,Calder Central,2024-06-20,2024-07-17,Standard,Low,W230,2026-01-14
CC-2023-21188,Calder Central,2023-10-18,2023-10-29,Expedited,,W166,2026-01-14
CC-2024-90336,Calder Central,2024-07-02,2024-09-15,Standard,Medium,W178,2026-01-14
CC-2024-13574,Calder Central,2024-04-16,2024-04-30,Standard,High,W161,2026-01-14
CC-2023-15973,Calder Central,2023-08-04,2022-10-30,Appeal,,W252,2026-01-14
CC-2024-16436,Calder Central,2024-01-16,2024-03-10,Complex,,W193,2026-01-14
CC-2024-22669,Northgate,2024-03-30,2024-05-04,Complex,Medium,W138,2026-01-14
CC-2023-16045,Calder Central,2023-08-28,2023-10-13,Review,,W179,2026-01-14
CC-2024-18371,Calder Central,2024-09-29,2024-04-29,Standard,Medium,W108,2026-01-14
CC-2025-12511,Weybridge,2025-04-13,2025-05-19,Standard,Low,W225,2026-01-14
CC-2024-12785,Calder Central,2024-06-12,2024-09-11,Complex,Medium,W122,2026-01-14
CC-2024-20436,Weybridge,2024-10-25,2025-02-02,Standard,Low,W114,2026-01-14
CC-2025-13003,Weybridge,2025-08-25,,Standard,Low,W164,2026-01-14
CC-2023-14961,Calder Central,2023-07-14,2023-09-10,Complex,,W221,2026-01-14
CC-2024-90078,Weybridge,2024-10-15,2025-01-30,Complex,Medium,W237,2026-01-14
CC-2025-17720,Northgate,2025-08-23,2025-09-19,Standard,Medium,W148,2026-01-14
CC-2023-10406,Calder Central,2023-12-28,2024-02-19,Review,,W126,2026-01-14
CC-2025-90665,Calder Central,2025-07-12,2025-08-27,Complex,Medium,W246,2026-01-14
CC-2024-90205,Northgate,2024-10-19,2025-02-18,Complex,High,W110,2026-01-14
CC-2025-22357,Weybridge,2025-08-16,2025-09-25,Standard,Low,W221,2026-01-14
CC-2025-18076,Northgate,2025-03-09,2025-03-30,Complex,High,W212,2026-01-14
CC-2024-11183,Calder Central,2024-12-03,2025-01-14,Standard,Medium,W102,2026-01-14
CC-2023-13840,Weybridge,2023-12-09,2024-02-27,Complex,,W239,2026-01-14
CC-2025-20976,Calder Central,2025-03-09,2025-04-16,Standard,High,W156,2026-01-14
CC-2025-90347,Calder Central,2025-07-16,2025-09-05,Appeal,Low,W111,2026-01-14
CC-2025-17710,Northgate,2025-08-24,2025-09-25,Standard,Low,W129,2026-01-14
CC-2025-16604,Northgate,2025-05-22,2025-06-19,Complex,Medium,W240,2026-01-14
CC-2025-90536,Weybridge,2025-11-13,,Standard,Medium,W194,2026-01-14
CC-2025-23186,Northgate,2025-08-22,2025-09-11,Appeal,Low,W113,2026-01-14
CC-2025-90048,Calder Central,2025-01-17,2025-02-14,Standard,Medium,W143,2026-01-14
CC-2024-17240,Calder Central,2024-07-04,2024-08-01,Standard,Medium,W180,2026-01-14
CC-2025-21372,Weybridge,2025-05-12,2025-06-27,Appeal,Low,W259,2026-01-14
CC-2024-90581,Northgate,2024-12-03,2025-01-27,Complex,Low,W197,2026-01-14
CC-2024-23980,Calder Central,2024-12-07,2025-05-15,Appeal,Medium,W209,2026-01-14
CC-2025-18547,Northgate,2025-05-01,2025-06-15,Standard,Medium,W253,2026-01-14
CC-2024-23464,Northgate,2024-07-05,2024-08-18,Standard,High,W181,2026-01-14
CC-2024-90040,Calder Central,2024-08-22,2024-11-08,Appeal,Medium,W153,2026-01-14
CC-2024-15338,Calder Central,2024-02-12,2024-03-31,Complex,,W178,2026-01-14
CC-2025-15281,Weybridge,2025-05-03,2025-06-20,Standard,Low,W219,2026-01-14
CC-2023-19747,Northgate,2023-12-07,2024-02-08,Appeal,,W157,2026-01-14
CC-2024-90145,Northgate,2024-06-11,2024-07-26,Appeal,Low,W160,2026-01-14
CC-2025-11735,Calder Central,2025-10-20,2025-11-06,Standard,High,W188,2026-01-14
CC-2025-19102,Weybridge,2025-10-24,,Standard,Medium,W138,2026-01-14
CC-2025-90512,Calder Central,2025-03-25,2025-04-22,Standard,Low,W240,2026-01-14
CC-2025-90601,Calder Central,2025-11-30,,Appeal,Low,W200,2026-01-14
CC-2023-20220,Weybridge,2023-09-29,2023-11-22,Appeal,,W170,2026-01-14
CC-2024-18893,Northgate,2024-10-07,2024-11-05,Standard,Low,W100,2026-01-14
CC-2024-14980,Weybridge,2024-11-30,2025-02-13,Appeal,Low,W202,2026-01-14
CC-2025-90364,Weybridge,2025-06-08,2025-06-27,Expedited,Medium,W161,2026-01-14
CC-2024-20939,Northgate,2024-12-26,2025-02-05,Standard,High,W255,2026-01-14
CC-2024-90226,Weybridge,2024-12-29,2025-04-09,Standard,High,W230,2026-01-14
CC-2024-20396,Weybridge,2024-08-23,2024-10-25,Standard,Low,W191,2026-01-14
CC-2025-23076,Weybridge,2025-06-01,2025-09-07,Standard,Medium,W102,2026-01-14
CC-2024-18388,Northgate,2024-06-11,2024-06-22,Standard,Low,W174,2026-01-14
CC-2024-90744,Calder Central,2024-08-03,2024-10-06,Standard,Medium,W224,2026-01-14
CC-2024-19079,Weybridge,2024-04-07,2024-05-01,Standard,Low,W228,2026-01-14
CC-2024-19872,Weybridge,2024-01-11,2024-02-22,Expedited,,W100,2026-01-14
CC-2023-14279,Calder Central,2023-12-08,2023-12-30,Standard,,W143,2026-01-14
CC-2024-90684,Calder Central,2024-12-27,2025-01-30,Standard,Low,W128,2026-01-14
CC-2025-22868,Northgate,2025-10-30,2025-12-25,Standard,Medium,W180,2026-01-14
CC-2024-21078,Calder Central,2024-06-23,2024-09-20,Complex,Medium,W126,2026-01-14
CC-2023-20282,Calder Central,2023-12-17,2024-02-07,Standard,,W253,2026-01-14
CC-2024-11719,Calder Central,2024-10-24,2024-11-01,Expedited,Medium,W147,2026-01-14
CC-2024-20341,Calder Central,2024-09-07,2024-10-21,Complex,Medium,W134,2026-01-14
CC-2024-23510,Calder Central,2024-04-09,2024-08-28,Complex,Low,W151,2026-01-14
CC-2024-20353,Northgate,2024-10-28,2025-02-18,Complex,Low,W128,2026-01-14
CC-2024-17306,Weybridge,2024-04-30,2024-05-24,Complex,Low,W156,2026-01-14
CC-2025-23628,Northgate,2025-02-18,2025-06-04,Complex,High,W180,2026-01-14
CC-2025-21099,Calder Central,2025-01-22,2025-05-29,Appeal,Low,W230,2026-01-14
CC-2025-90729,Weybridge,2025-10-12,,Standard,Low,W170,2026-01-14
CC-2025-10860,Calder Central,2025-07-17,2025-08-17,Review,Low,W177,2026-01-14
CC-2023-13310,Northgate,2023-11-25,2023-12-29,Review,,W175,2026-01-14
CC-2025-17433,Weybridge,2025-10-24,,Review,High,W121,2026-01-14
CC-2024-15513,Calder Central,2024-11-02,2025-03-09,Complex,Low,W155,2026-01-14
CC-2024-10762,Calder Central,2024-11-20,2025-01-21,Complex,Medium,W186,2026-01-14
CC-2025-19491,Northgate,2025-04-01,2025-05-17,Standard,Low,W238,2026-01-14
CC-2023-15742,Calder Central,2023-07-29,2023-08-24,Review,,W258,2026-01-14
CC-2023-16539,Northgate,2023-12-24,2024-01-29,Standard,,W137,2026-01-14
CC-2023-12069,Weybridge,2023-09-16,2023-11-07,Review,,W209,2026-01-14
CC-2024-11751,Calder Central,2024-07-11,2024-12-17,Complex,Medium,W197,2026-01-14
CC-2024-19106,Northgate,2024-01-15,2024-03-06,Complex,,W155,2026-01-14
CC-2024-10940,Calder Central,2024-09-05,2024-11-01,Review,Medium,W217,2026-01-14
CC-2024-21750,Northgate,2024-12-27,2024-05-22,Review,Low,W136,2026-01-14
CC-2023-23269,Weybridge,2023-08-21,,Standard,,W235,2026-01-14
CC-2024-24056,Calder Central,2024-09-09,2024-09-19,Expedited,Medium,W216,2026-01-14
CC-2025-11472,Calder Central,2025-01-19,2025-02-15,Standard,Low,W132,2026-01-14
CC-2025-20898,Northgate,2025-05-23,2025-06-09,Standard,Low,W132,2026-01-14
CC-2024-18360,Northgate,2024-03-29,2024-05-17,Complex,Medium,W209,2026-01-14
CC-2024-22048,Weybridge,2024-10-13,2024-10-29,Expedited,Low,W104,2026-01-14
CC-2025-13694,Weybridge,2025-05-02,2025-05-27,Expedited,Low,W254,2026-01-14
CC-2025-13768,Northgate,2025-04-08,2025-06-08,Review,High,W145,2026-01-14
CC-2025-14667,Northgate,2025-03-05,2025-04-14,Review,Medium,W148,2026-01-14
CC-2024-19758,Weybridge,2024-06-23,2024-07-27,Standard,High,W198,2026-01-14
CC-2024-11999,Northgate,2024-05-06,2024-06-10,Standard,Low,W249,2026-01-14
CC-2025-23469,Weybridge,2025-02-12,2025-03-18,Standard,Medium,W255,2026-01-14
CC-2025-19753,Northgate,2025-11-25,,Appeal,Medium,W239,2026-01-14
CC-2024-22342,Weybridge,2024-09-10,2024-12-01,Standard,Low,W141,2026-01-14
CC-2023-21189,Weybridge,2023-11-29,2023-12-26,Standard,,W104,2026-01-14
CC-2024-10252,Northgate,2024-08-24,2024-10-04,Standard,Low,W174,2026-01-14
CC-2025-90518,Northgate,2025-09-05,2025-09-23,Review,Low,W204,2026-01-14
CC-2025-13146,Weybridge,2025-04-21,2025-07-04,Review,Medium,W122,2026-01-14
CC-2025-10458,Weybridge,2025-09-24,2025-11-04,Expedited,High,W139,2026-01-14
CC-2024-13335,Weybridge,2024-10-03,2024-11-23,Standard,Medium,W237,2026-01-14
CC-2025-21068,Calder Central,2025-11-08,,Complex,Low,W237,2026-01-14
CC-2024-16682,Northgate,2024-04-06,2024-05-14,Standard,Medium,W173,2026-01-14
CC-2025-19169,Calder Central,2025-05-20,2025-07-21,Complex,Medium,W162,2026-01-14
CC-2024-20988,Weybridge,2024-11-09,2024-12-11,Expedited,Low,W109,2026-01-14
CC-2024-90598,Calder Central,2024-10-25,2024-12-20,Complex,High,W202,2026-01-14
CC-2025-14557,Northgate,2025-10-28,2025-11-22,Standard,Low,W104,2026-01-14
CC-2023-18051,Calder Central,2023-08-16,2023-08-24,Expedited,,W226,2026-01-14
CC-2024-16565,Calder Central,2024-08-19,,Standard,Low,W242,2026-01-14
CC-2023-11643,Weybridge,2023-07-01,2023-08-13,Appeal,,W211,2026-01-14
CC-2025-21309,Weybridge,2025-08-07,2025-11-29,Complex,Medium,W172,2026-01-14
CC-2025-90565,Calder Central,2025-01-02,2025-02-26,Review,Medium,W176,2026-01-14
CC-2024-21910,Calder Central,2024-08-19,2024-10-10,Review,Low,W241,2026-01-14
CC-2024-16991,Calder Central,2024-07-25,2024-08-13,Standard,Low,W157,2026-01-14
CC-2025-16124,Northgate,2025-08-16,2025-11-07,Complex,Medium,W182,2026-01-14
CC-2025-20520,Weybridge,2025-08-06,2025-08-12,Expedited,High,W198,2026-01-14
CC-2024-17065,Weybridge,2024-11-30,2025-01-20,Standard,Medium,W198,2026-01-14
CC-2024-10046,Northgate,2024-02-03,2024-03-11,Appeal,,W133,2026-01-14
CC-2025-22703,Northgate,2025-07-30,2025-10-16,Complex,Medium,W163,2026-01-14
CC-2025-90008,Weybridge,2025-12-14,,Complex,Medium,W234,2026-01-14
CC-2023-23257,Northgate,2023-12-12,2024-02-13,Standard,,W158,2026-01-14
CC-2025-14289,Calder Central,2025-01-25,2025-02-22,Standard,Medium,W100,2026-01-14
CC-2024-23222,Weybridge,2024-11-15,2025-01-25,Standard,Low,W256,2026-01-14
CC-2025-11451,Calder Central,2025-03-07,2025-07-15,Complex,Low,W127,2026-01-14
CC-2024-11541,Weybridge,2024-06-02,2024-10-17,Complex,Medium,W164,2026-01-14
CC-2023-12954,Northgate,2023-11-25,2024-03-06,Complex,,W253,2026-01-14
CC-2024-20469,Northgate,2024-10-23,2024-11-21,Standard,Medium,W236,2026-01-14
CC-2025-20829,Northgate,2025-07-03,2025-08-04,Standard,Low,W125,2026-01-14
CC-2025-90608,Northgate,2025-01-08,2025-02-06,Appeal,Medium,W149,2026-01-14
CC-2023-23689,Weybridge,2023-08-30,2023-09-14,Expedited,,W208,2026-01-14
CC-2025-11001,Calder Central,2025-06-28,2025-07-29,Standard,High,W233,2026-01-14
CC-2024-17496,Northgate,2024-09-29,2024-11-01,Standard,High,W258,2026-01-14
CC-2024-90109,Northgate,2024-11-16,2024-12-30,Standard,Medium,W204,2026-01-14
CC-2023-11262,Calder Central,2023-07-16,2023-07-24,Expedited,,W204,2026-01-14
CC-2025-19628,Calder Central,2025-06-16,2025-11-04,Standard,High,W229,2026-01-14
CC-2025-90699,Calder Central,2025-03-01,2025-03-18,Expedited,Medium,W110,2026-01-14
CC-2025-90640,Northgate,2025-01-19,2025-03-28,Complex,Low,W171,2026-01-14
CC-2023-23638,Calder Central,2023-08-09,2023-10-24,Complex,,W180,2026-01-14
CC-2024-13907,Northgate,2024-09-14,2024-10-06,Standard,High,W132,2026-01-14
CC-2025-16647,Calder Central,2025-06-06,2025-08-24,Complex,High,W200,2026-01-14
CC-2025-22947,Calder Central,2025-11-15,2025-12-15,Standard,Low,W139,2026-01-14
CC-2024-21817,Northgate,2024-09-16,2024-10-02,Expedited,Low,W242,2026-01-14
CC-2023-15496,Calder Central,2023-11-04,2023-12-08,Standard,,W205,2026-01-14
CC-2024-90180,Weybridge,2024-12-14,2025-03-16,Complex,Medium,W219,2026-01-14
CC-2024-23733,Calder Central,2024-03-20,2024-04-18,Standard,Low,W146,2026-01-14
CC-2025-13254,Calder Central,2025-09-28,2025-10-11,Expedited,Medium,W170,2026-01-14
CC-2024-90064,Northgate,2024-06-11,2024-07-27,Review,Medium,W188,2026-01-14
CC-2023-11400,Calder Central,2023-10-19,2024-03-09,Appeal,,W204,2026-01-14
CC-2025-17385,Calder Central,2025-07-10,2025-10-25,Complex,Low,W101,2026-01-14
CC-2024-23691,Northgate,2024-06-19,2024-07-23,Standard,Medium,W219,2026-01-14
CC-2024-21652,Northgate,2024-08-10,2024-09-01,Standard,Low,W192,2026-01-14
CC-2024-22414,Weybridge,2024-05-25,2024-07-07,Standard,Low,W188,2026-01-14
CC-2025-10232,Northgate,2025-12-16,,Standard,Low,W131,2026-01-14
CC-2024-90134,Northgate,2024-05-11,2024-06-27,Standard,Medium,W198,2026-01-14
CC-2024-12372,Northgate,2024-11-26,2024-12-15,Standard,Medium,W129,2026-01-14
CC-2025-22158,Northgate,2025-05-14,2025-06-21,Review,Medium,W164,2026-01-14
CC-2023-22023,Weybridge,2023-08-01,2023-10-26,Review,,W171,2026-01-14
CC-2025-90767,Weybridge,2025-02-13,2025-05-11,Standard,Low,W146,2026-01-14
CC-2025-17795,Northgate,2025-07-13,2025-09-07,Review,Low,W128,2026-01-14
CC-2024-90140,Calder Central,2024-02-21,2024-06-08,Complex,,W146,2026-01-14
CC-2023-22053,Calder Central,2023-07-21,2023-09-30,Appeal,,W237,2026-01-14
CC-2025-17143,Weybridge,2025-12-31,,Standard,Low,W171,2026-01-14
CC-2024-12423,Calder Central,2024-07-12,2024-10-21,Complex,Medium,W113,2026-01-14
CC-2024-90472,Calder Central,2024-05-07,2024-06-04,Standard,Low,W242,2026-01-14
CC-2025-90314,Calder Central,2025-06-19,2025-08-03,Standard,Low,W187,2026-01-14
CC-2025-90332,Calder Central,2025-03-31,2025-05-21,Standard,High,W139,2026-01-14
CC-2025-14226,Calder Central,2025-11-21,2025-12-20,Review,Low,W203,2026-01-14
CC-2025-19600,Calder Central,2025-07-31,2025-09-11,Standard,Medium,W116,2026-01-14
CC-2023-17764,Northgate,2023-12-02,2023-12-31,Standard,,W114,2026-01-14
CC-2023-14621,Northgate,2023-10-27,2023-11-10,Standard,,W161,2026-01-14
CC-2024-15276,Calder Central,2024-09-19,2024-10-12,Standard,Low,W186,2026-01-14
CC-2024-18730,Weybridge,2024-02-17,2024-03-21,Standard,,W162,2026-01-14
CC-2025-14236,Weybridge,2025-10-02,2025-12-16,Complex,Medium,W160,2026-01-14
CC-2025-22652,Weybridge,2025-04-12,2025-05-16,Standard,Medium,W257,2026-01-14
CC-2024-14109,Calder Central,2024-12-26,2025-02-01,Standard,High,W134,2026-01-14
CC-2024-90642,Northgate,2024-02-02,2024-02-17,Standard,,W148,2026-01-14
CC-2025-11056,Weybridge,2025-02-19,2025-05-13,Complex,Low,W176,2026-01-14
CC-2025-19677,Weybridge,2025-05-27,2025-07-18,Review,Low,W182,2026-01-14
CC-2024-22590,Northgate,2024-09-19,2024-09-25,Expedited,Medium,W164,2026-01-14
CC-2025-13801,Northgate,2025-10-23,2025-11-02,Expedited,Medium,W186,2026-01-14
CC-2024-90748,Northgate,2024-03-29,2024-05-22,Standard,Medium,W131,2026-01-14
CC-2024-20047,Calder Central,2024-07-30,2024-08-21,Standard,Low,W197,2026-01-14
CC-2025-12018,Northgate,2025-12-17,,Review,High,W229,2026-01-14
CC-2025-21759,Calder Central,2025-10-15,,Complex,Low,W248,2026-01-14
CC-2025-23940,Weybridge,2025-09-20,2025-11-02,Standard,Medium,W125,2026-01-14
CC-2025-17376,Weybridge,2025-05-27,2025-07-22,Standard,Low,W144,2026-01-14
CC-2024-19503,Calder Central,2024-07-31,2024-08-21,Standard,Low,W150,2026-01-14
CC-2023-14337,Calder Central,2023-11-21,2024-03-07,Complex,,W217,2026-01-14
CC-2023-23112,Calder Central,2023-10-17,2023-11-05,Standard,,W232,2026-01-14
CC-2025-23279,Weybridge,2025-03-23,2025-09-02,Appeal,Medium,W153,2026-01-14
CC-2023-10239,Calder Central,2023-12-26,2024-01-18,Expedited,,W203,2026-01-14
CC-2024-23536,Northgate,2024-06-20,2024-09-11,Review,Low,W120,2026-01-14
CC-2023-13760,Northgate,2023-12-29,2024-03-03,Complex,,W203,2026-01-14
CC-2025-18878,Calder Central,2025-11-27,,Standard,High,W111,2026-01-14
CC-2025-16056,Northgate,2025-01-28,2025-04-04,Complex,Low,W221,2026-01-14
CC-2025-14760,Northgate,2025-12-13,2025-12-24,Expedited,Low,W235,2026-01-14
CC-2024-90114,Weybridge,2024-07-21,2024-08-19,Expedited,Low,W237,2026-01-14
CC-2024-12964,Calder Central,2024-08-23,2024-09-13,Expedited,Low,W201,2026-01-14
CC-2025-23029,Northgate,2025-12-15,,Complex,Low,W108,2026-01-14
CC-2024-11341,Northgate,2024-08-10,2024-10-05,Appeal,Low,W233,2026-01-14
CC-2024-13042,Calder Central,2024-08-13,2024-09-15,Appeal,Low,W116,2026-01-14
CC-2025-16086,Calder Central,2025-01-31,2025-03-28,Review,Low,W103,2026-01-14
CC-2023-10043,Calder Central,2023-09-27,2023-10-14,Standard,,W195,2026-01-14
CC-2025-19297,Calder Central,2025-04-16,,Review,Medium,W260,2026-01-14
CC-2023-18418,Calder Central,2023-10-16,2023-11-23,Standard,,W152,2026-01-14
CC-2025-90310,Calder Central,2025-07-28,2025-08-08,Expedited,Medium,W154,2026-01-14
CC-2023-15786,Northgate,2023-07-03,2023-08-03,Standard,,W183,2026-01-14
CC-2025-13632,Weybridge,2025-08-09,2025-12-13,Standard,Low,W178,2026-01-14
CC-2025-17228,Weybridge,2025-10-10,2025-12-30,Review,Low,W212,2026-01-14
CC-2024-90022,Weybridge,2024-01-15,2024-03-07,Complex,,W184,2026-01-14
CC-2025-90658,Calder Central,2025-11-27,2025-12-12,Standard,Medium,W165,2026-01-14
CC-2025-10015,Weybridge,2025-05-06,2025-06-12,Complex,High,W243,2026-01-14
CC-2025-14169,Calder Central,2025-02-22,2024-06-07,Standard,Medium,W130,2026-01-14
CC-2025-11833,Weybridge,2025-09-24,,Complex,Medium,W223,2026-01-14
CC-2023-18703,Calder Central,2023-09-20,2023-11-15,Appeal,,W208,2026-01-14
CC-2024-21269,Calder Central,2024-08-31,2024-09-26,Review,Medium,W237,2026-01-14
CC-2025-15537,Weybridge,2025-05-16,2025-09-25,Review,Low,W180,2026-01-14
CC-2024-90270,Weybridge,2024-01-17,2024-02-17,Standard,,W162,2026-01-14
CC-2025-21778,Calder Central,2025-11-22,,Standard,Medium,W225,2026-01-14
CC-2024-23640,Northgate,2024-08-06,2024-12-30,Review,Low,W215,2026-01-14
CC-2024-12323,Northgate,2024-12-06,2025-02-15,Complex,Medium,W142,2026-01-14
CC-2025-19641,Northgate,2025-08-24,2025-10-24,Complex,High,W159,2026-01-14
CC-2025-11766,Calder Central,2025-12-22,,Standard,Low,W111,2026-01-14
CC-2025-12070,Weybridge,2025-04-21,2025-06-03,Standard,Medium,W126,2026-01-14
CC-2024-21500,Northgate,2024-07-27,2024-09-12,Complex,High,W119,2026-01-14
CC-2024-19182,Calder Central,2024-10-04,2024-11-17,Standard,Low,W165,2026-01-14
CC-2023-23491,Northgate,2023-12-29,2024-03-29,Appeal,,W227,2026-01-14
CC-2024-10110,Northgate,2024-05-28,2024-06-16,Standard,High,W182,2026-01-14
CC-2023-19356,Calder Central,2023-09-10,2023-11-25,Complex,,W231,2026-01-14
CC-2024-20045,Weybridge,2024-12-29,2025-02-16,Standard,Medium,W209,2026-01-14
CC-2025-20090,Northgate,2025-09-06,2025-09-19,Expedited,Medium,W124,2026-01-14
CC-2023-23770,Calder Central,2023-12-02,2024-02-26,Standard,,W166,2026-01-14
CC-2025-24039,Calder Central,2025-05-21,,Complex,Medium,W166,2026-01-14
CC-2024-10436,Weybridge,2024-01-13,2024-02-10,Standard,,W256,2026-01-14
CC-2023-17083,Northgate,2023-08-19,2023-10-03,Appeal,,W102,2026-01-14
CC-2023-22012,Northgate,2023-08-04,2023-09-04,Standard,,W146,2026-01-14
CC-2024-90150,Weybridge,2024-03-13,2024-04-18,Standard,Low,W184,2026-01-14
CC-2024-16169,Calder Central,2024-11-24,2024-12-11,Expedited,Medium,W219,2026-01-14
CC-2024-90750,Calder Central,2024-08-14,2024-09-12,Standard,Medium,W224,2026-01-14
CC-2025-19604,Weybridge,2025-09-29,2025-12-27,Complex,Medium,W119,2026-01-14
CC-2024-10764,Calder Central,2024-11-12,2025-01-17,Complex,Medium,W245,2026-01-14
CC-2024-10068,Calder Central,2024-04-30,2024-06-04,Standard,Medium,W175,2026-01-14
CC-2025-18191,Northgate,2025-03-03,2025-04-01,Expedited,Medium,W149,2026-01-14
CC-2024-16982,Northgate,2024-03-31,2024-05-23,Standard,Low,W139,2026-01-14
CC-2024-90403,Weybridge,2024-05-17,2024-07-27,Standard,Medium,W212,2026-01-14
CC-2024-21614,Northgate,2024-10-16,2024-11-10,Standard,Medium,W198,2026-01-14
CC-2025-10289,Calder Central,2025-04-11,2025-05-02,Review,Low,W108,2026-01-14
CC-2025-14979,Calder Central,2025-09-20,2025-11-14,Standard,Medium,W166,2026-01-14
CC-2023-10693,Calder Central,2023-09-11,2023-02-24,Standard,,W260,2026-01-14
CC-2023-17042,Northgate,2023-07-05,2023-08-09,Standard,,W229,2026-01-14
CC-2023-22155,Calder Central,2023-10-11,2023-12-07,Review,,W256,2026-01-14
CC-2023-22865,Calder Central,2023-11-22,2024-01-21,Appeal,,W126,2026-01-14
CC-2024-18814,Northgate,2024-10-08,2024-10-28,Standard,High,W147,2026-01-14
CC-2023-11595,Weybridge,2023-08-02,2023-09-23,Appeal,,W205,2026-01-14
CC-2024-11135,Weybridge,2024-02-24,2024-03-21,Standard,,W126,2026-01-14
CC-2025-22403,Weybridge,2025-08-10,2025-10-06,Standard,High,W138,2026-01-14
CC-2024-17057,Northgate,2024-11-07,2024-11-14,Expedited,Low,W122,2026-01-14
CC-2025-90072,Weybridge,2025-02-24,2025-05-11,Complex,Low,W259,2026-01-14
CC-2025-13196,Northgate,2025-09-30,2025-10-18,Standard,Low,W137,2026-01-14
CC-2025-20022,Weybridge,2025-08-07,2025-08-28,Expedited,Medium,W120,2026-01-14
CC-2025-11728,Northgate,2025-08-14,2025-09-14,Review,Low,W103,2026-01-14
CC-2024-10553,Weybridge,2024-08-25,2024-12-12,Standard,High,W105,2026-01-14
CC-2025-90606,Weybridge,2025-08-09,,Complex,Low,W170,2026-01-14
CC-2025-11052,Weybridge,2025-07-22,2025-10-09,Review,Medium,W217,2026-01-14
CC-2025-90001,Northgate,2025-02-27,2025-04-14,Review,Medium,W125,2026-01-14
CC-2024-16900,Weybridge,2024-06-19,2024-08-26,Complex,Low,W252,2026-01-14
CC-2024-19436,Calder Central,2024-09-20,2024-09-28,Expedited,High,W246,2026-01-14
CC-2025-14431,Calder Central,2025-11-23,2025-12-25,Standard,High,W161,2026-01-14
CC-2025-24060,Northgate,2025-02-19,2025-03-11,Expedited,Low,W174,2026-01-14
CC-2025-23359,Weybridge,2025-05-19,2025-10-11,Review,Medium,W238,2026-01-14
CC-2024-21348,Calder Central,2024-06-27,2024-08-10,Complex,Medium,W155,2026-01-14
CC-2025-10670,Northgate,2025-11-23,2025-12-25,Appeal,Low,W207,2026-01-14
CC-2025-14672,Calder Central,2025-01-28,2025-10-20,Complex,Medium,W248,2026-01-14
CC-2024-11943,Calder Central,2024-06-24,2024-09-07,Complex,Low,W152,2026-01-14
CC-2025-23832,Weybridge,2025-02-12,2025-08-01,Complex,Medium,W195,2026-01-14
CC-2025-18011,Northgate,2025-01-10,2025-03-01,Complex,Medium,W221,2026-01-14
CC-2025-10183,Calder Central,2025-11-20,2025-11-30,Complex,Low,W151,2026-01-14
CC-2024-11232,Northgate,2024-10-11,2024-11-06,Standard,Medium,W163,2026-01-14
CC-2025-10801,Northgate,2025-08-29,2025-11-18,Complex,Medium,W199,2026-01-14
CC-2024-16253,Calder Central,2024-10-26,2024-11-15,Standard,Medium,W133,2026-01-14
CC-2025-90618,Calder Central,2025-05-03,2025-05-24,Standard,Medium,W121,2026-01-14
CC-2025-90737,Weybridge,2025-03-25,2025-05-11,Standard,Low,W202,2026-01-14
CC-2025-21554,Northgate,2025-11-08,,Complex,Low,W220,2026-01-14
CC-2024-19400,Weybridge,2024-04-28,2024-06-03,Standard,Medium,W196,2026-01-14
CC-2025-90214,Northgate,2025-04-10,2025-06-04,Complex,Low,W130,2026-01-14
CC-2024-19890,Northgate,2024-06-06,2024-06-25,Complex,High,W145,2026-01-14
CC-2024-16639,Calder Central,2024-07-18,2024-09-30,Appeal,Low,W223,2026-01-14
CC-2024-90062,Northgate,2024-01-16,2024-02-25,Standard,,W169,2026-01-14
CC-2023-10486,Northgate,2023-10-13,2023-10-29,Standard,,W112,2026-01-14
CC-2025-16214,Northgate,2025-01-24,2025-03-13,Review,High,W253,2026-01-14
CC-2025-21405,Northgate,2025-12-15,,Standard,Low,W143,2026-01-14
CC-2024-17976,Calder Central,2024-06-08,2024-08-07,Review,Low,W180,2026-01-14
CC-2023-21899,Northgate,2023-08-20,2023-08-26,Expedited,,W244,2026-01-14
CC-2025-90176,Weybridge,2025-07-09,2025-09-14,Standard,Medium,W216,2026-01-14
CC-2025-20753,Calder Central,2025-04-21,2025-06-24,Appeal,Medium,W118,2026-01-14
CC-2023-14410,Weybridge,2023-07-07,2023-07-29,Expedited,,W151,2026-01-14
CC-2024-90111,Northgate,2024-12-27,2025-02-01,Review,Low,W134,2026-01-14
CC-2025-16093,Calder Central,2025-12-22,,Standard,Low,W252,2026-01-14
CC-2025-13636,Calder Central,2025-07-28,2025-08-23,Standard,Medium,W112,2026-01-14
CC-2023-13394,Calder Central,2023-12-05,2024-02-21,Complex,,W223,2026-01-14
CC-2024-90408,Weybridge,2024-02-09,2024-03-03,Standard,,W139,2026-01-14
CC-2025-90265,Weybridge,2025-07-23,,Complex,Low,W113,2026-01-14
CC-2024-13703,Northgate,2024-08-12,2024-09-04,Standard,High,W118,2026-01-14
CC-2025-10794,Calder Central,2025-10-11,2025-11-02,Standard,Medium,W208,2026-01-14
CC-2023-20229,Calder Central,2023-10-31,2023-11-28,Review,,W145,2026-01-14
CC-2023-15141,Calder Central,2023-09-26,2022-12-26,Review,,W120,2026-01-14
CC-2025-17765,Calder Central,2025-04-01,2025-05-06,Standard,Low,W184,2026-01-14
CC-2024-19438,Calder Central,2024-12-20,2025-02-19,Complex,High,W258,2026-01-14
CC-2025-21330,Calder Central,2025-09-02,2025-10-07,Standard,Low,W125,2026-01-14
CC-2023-22587,Northgate,2023-12-18,2024-01-18,Standard,,W254,2026-01-14
CC-2025-90213,Weybridge,2025-12-08,,Complex,High,W133,2026-01-14
CC-2025-16920,Northgate,2025-01-29,2025-05-20,Complex,Low,W191,2026-01-14
CC-2024-12999,Northgate,2024-08-18,2024-10-11,Review,Low,W238,2026-01-14
CC-2024-16657,Calder Central,2024-05-10,2024-05-29,Standard,Low,W108,2026-01-14
CC-2024-12064,Weybridge,2024-09-06,2025-03-27,Complex,Low,W202,2026-01-14
CC-2025-13096,Weybridge,2025-08-28,2025-12-05,Review,Low,W199,2026-01-14
CC-2025-90431,Weybridge,2025-06-23,2025-07-09,Expedited,Medium,W175,2026-01-14
CC-2025-90754,Calder Central,2025-02-03,2025-02-15,Standard,Medium,W121,2026-01-14
CC-2023-18802,Calder Central,2023-08-14,2023-08-23,Expedited,,W152,2026-01-14
CC-2024-14862,Weybridge,2024-12-31,2025-02-24,Standard,High,W106,2026-01-14
CC-2025-15400,Calder Central,2025-10-15,2025-10-28,Expedited,Medium,W194,2026-01-14
CC-2025-13067,Northgate,2025-08-31,2025-11-13,Review,Low,W193,2026-01-14
CC-2025-19783,Weybridge,2025-03-11,2025-08-14,Review,Low,W105,2026-01-14
CC-2024-15909,Calder Central,2024-09-30,2024-10-10,Expedited,Medium,W234,2026-01-14
CC-2025-10098,Weybridge,2025-08-30,,Complex,High,W247,2026-01-14
CC-2025-15492,Calder Central,2025-03-16,2025-04-02,Review,Medium,W235,2026-01-14
CC-2025-18713,Calder Central,2025-12-03,,Standard,Medium,W235,2026-01-14
CC-2025-90079,Northgate,2025-09-16,2025-10-29,Review,Medium,W149,2026-01-14
CC-2023-13155,Calder Central,2023-12-24,2024-01-25,Standard,,W233,2026-01-14
CC-2025-21056,Calder Central,2025-02-09,2025-03-22,Standard,Low,W184,2026-01-14
CC-2025-90727,Northgate,2025-05-26,2025-08-12,Appeal,High,W118,2026-01-14
CC-2024-10869,Calder Central,2024-06-23,2024-07-26,Standard,Low,W136,2026-01-14
CC-2024-10437,Calder Central,2024-01-23,2024-01-31,Expedited,,W245,2026-01-14
CC-2025-21517,Weybridge,2025-02-18,2025-05-29,Standard,High,W182,2026-01-14
CC-2023-21124,Calder Central,2023-07-02,2023-08-17,Standard,,W123,2026-01-14
CC-2024-20566,Calder Central,2024-03-27,2024-05-09,Review,High,W212,2026-01-14
CC-2025-17499,Calder Central,2025-03-14,2025-03-28,Review,Low,W124,2026-01-14
CC-2025-16557,Weybridge,2025-12-23,,Complex,Low,W127,2026-01-14
CC-2024-15034,Weybridge,2024-07-14,2024-07-27,Expedited,Low,W116,2026-01-14
CC-2024-90400,Weybridge,2024-10-03,2024-12-22,Standard,Low,W154,2026-01-14
CC-2024-17453,Northgate,2024-11-23,2025-01-08,Standard,Medium,W159,2026-01-14
CC-2024-90024,Calder Central,2024-06-26,2024-08-04,Complex,Medium,W175,2026-01-14
CC-2024-13588,Weybridge,2024-08-25,2024-10-18,Complex,Low,W244,2026-01-14
CC-2023-15775,Weybridge,2023-10-02,2023-10-12,Review,,W102,2026-01-14
CC-2024-15140,Northgate,2024-07-14,2024-08-05,Complex,Medium,W199,2026-01-14
CC-2023-11313,Calder Central,2023-08-24,2023-09-14,Expedited,,W127,2026-01-14
CC-2025-90137,Northgate,2025-10-22,2025-12-13,Standard,High,W202,2026-01-14
CC-2025-17013,Weybridge,2025-12-07,,Expedited,Low,W223,2026-01-14
CC-2024-90158,Calder Central,2024-03-01,2024-04-04,Standard,Medium,W171,2026-01-14
CC-2025-13287,Calder Central,2025-06-07,2025-08-29,Standard,Medium,W259,2026-01-14
CC-2024-23674,Northgate,2024-01-11,2024-03-08,Complex,,W249,2026-01-14
CC-2025-90614,Northgate,2025-01-06,2025-02-11,Appeal,Low,W105,2026-01-14
CC-2025-10676,Weybridge,2025-11-24,,Standard,Medium,W239,2026-01-14
CC-2024-90331,Northgate,2024-07-14,2024-09-13,Standard,Medium,W121,2026-01-14
CC-2024-17723,Calder Central,2024-10-04,2024-12-09,Standard,High,W212,2026-01-14
CC-2025-19009,Weybridge,2025-01-19,2025-08-25,Complex,Medium,W217,2026-01-14
CC-2024-90757,Calder Central,2024-06-23,2024-07-11,Review,Medium,W157,2026-01-14
CC-2023-10303,Northgate,2023-11-20,2024-01-17,Standard,,W246,2026-01-14
CC-2025-90423,Calder Central,2025-01-03,2025-05-07,Complex,Medium,W182,2026-01-14
CC-2024-16822,Northgate,2024-03-16,2024-04-05,Standard,Medium,W139,2026-01-14
CC-2025-13983,Northgate,2025-12-20,,Standard,Medium,W200,2026-01-14
CC-2025-90324,Calder Central,2025-12-02,,Standard,Low,W169,2026-01-14
CC-2023-13124,Northgate,2023-09-18,2023-11-06,Standard,,W154,2026-01-14
CC-2025-12538,Northgate,2025-05-31,2025-06-07,Expedited,Medium,W252,2026-01-14
CC-2024-18771,Northgate,2024-04-28,2024-06-01,Standard,Low,W104,2026-01-14
CC-2025-11948,Weybridge,2025-07-12,2025-07-31,Expedited,Medium,W134,2026-01-14
CC-2024-90395,Northgate,2024-02-06,2024-02-22,Standard,,W237,2026-01-14
CC-2024-22457,Calder Central,2024-01-11,2024-02-18,Standard,,W131,2026-01-14
CC-2025-90708,Weybridge,2025-09-22,2025-11-15,Standard,Low,W204,2026-01-14
CC-2025-22844,Weybridge,2025-06-24,2025-08-24,Standard,Medium,W195,2026-01-14
CC-2025-14026,Calder Central,2025-06-04,2025-07-30,Standard,Low,W146,2026-01-14
CC-2025-19285,Northgate,2025-07-26,2025-08-04,Expedited,Medium,W108,2026-01-14
CC-2024-90706,Northgate,2024-08-17,2024-09-11,Expedited,High,W186,2026-01-14
CC-2024-21287,Northgate,2024-01-30,2024-02-12,Standard,,W218,2026-01-14
CC-2023-18060,Northgate,2023-11-25,2023-12-25,Standard,,W237,2026-01-14
CC-2024-90244,Weybridge,2024-11-12,2025-01-14,Standard,Medium,W149,2026-01-14
CC-2024-17602,Weybridge,2024-02-15,2024-02-22,Expedited,,W117,2026-01-14
CC-2025-16933,Northgate,2025-07-08,2025-07-19,Expedited,Medium,W104,2026-01-14
CC-2024-20346,Northgate,2024-01-22,2024-03-18,Review,,W155,2026-01-14
CC-2024-21398,Northgate,2024-08-02,2024-08-19,Standard,Low,W210,2026-01-14
CC-2024-90042,Northgate,2024-09-13,2024-10-06,Standard,Low,W249,2026-01-14
CC-2025-22688,Weybridge,2025-11-16,,Review,Low,W250,2026-01-14
CC-2024-90144,Weybridge,2024-11-23,2025-10-05,Complex,Medium,W172,2026-01-14
CC-2023-23302,Calder Central,2023-08-17,2023-10-10,Appeal,,W165,2026-01-14
CC-2024-18864,Weybridge,2024-06-07,2024-07-02,Complex,High,W254,2026-01-14
CC-2023-20072,Northgate,2023-12-14,2024-02-14,Review,,W238,2026-01-14
CC-2024-12408,Weybridge,2024-02-12,2024-03-17,Standard,,W104,2026-01-14
CC-2024-13613,Calder Central,2024-06-10,2024-07-27,Standard,Medium,W165,2026-01-14
CC-2023-20550,Calder Central,2023-10-25,2023-12-04,Standard,,W254,2026-01-14
CC-2024-18258,Weybridge,2024-07-30,2024-09-15,Standard,High,W195,2026-01-14
CC-2024-13429,Weybridge,2024-01-09,2024-02-23,Standard,,W189,2026-01-14
CC-2024-22338,Calder Central,2024-04-05,2024-05-06,Standard,Medium,W155,2026-01-14
CC-2025-13865,Weybridge,2025-09-23,2025-11-27,Standard,Low,W166,2026-01-14
CC-2025-10998,Calder Central,2025-12-18,,Complex,Low,W139,2026-01-14
CC-2025-23598,Calder Central,2025-04-25,2025-06-22,Complex,Medium,W229,2026-01-14
CC-2024-10213,Northgate,2024-09-10,2024-10-21,Standard,High,W143,2026-01-14
CC-2025-12554,Weybridge,2025-05-14,2025-06-22,Expedited,Medium,W187,2026-01-14
CC-2024-90186,Weybridge,2024-11-02,2025-01-16,Standard,High,W250,2026-01-14
CC-2023-19651,Weybridge,2023-11-13,2024-01-31,Complex,,W257,2026-01-14
CC-2025-16850,Calder Central,2025-12-04,2025-12-18,Expedited,Medium,W128,2026-01-14
CC-2024-20702,Weybridge,2024-01-08,2024-02-06,Standard,,W116,2026-01-14
CC-2025-21447,Northgate,2025-04-23,2025-05-01,Complex,Low,W158,2026-01-14
CC-2023-13615,Weybridge,2023-10-29,2023-11-21,Review,,W224,2026-01-14
CC-2024-90245,Weybridge,2024-12-10,2025-05-17,Standard,Medium,W226,2026-01-14
CC-2024-17077,Calder Central,2024-12-02,2024-06-18,Standard,High,W200,2026-01-14
CC-2025-90702,Northgate,2025-08-15,2025-09-05,Expedited,Low,W237,2026-01-14
CC-2024-19967,Calder Central,2024-02-25,2024-03-19,Review,,W188,2026-01-14
CC-2023-21091,Weybridge,2023-12-15,2024-02-25,Complex,,W249,2026-01-14
CC-2025-12294,Weybridge,2025-08-05,2025-08-15,Expedited,Medium,W157,2026-01-14
CC-2025-22474,Northgate,2025-04-16,2025-06-24,Complex,Low,W210,2026-01-14
CC-2024-13152,Northgate,2024-01-26,2024-02-15,Standard,,W196,2026-01-14
CC-2024-14699,Weybridge,2024-09-24,2025-03-28,Complex,Low,W116,2026-01-14
CC-2025-22966,Calder Central,2025-04-08,2025-05-06,Standard,Low,W253,2026-01-14
CC-2024-17964,Weybridge,2024-03-06,2024-04-03,Review,Medium,W163,2026-01-14
CC-2025-17877,Calder Central,2025-10-03,2025-10-18,Expedited,Medium,W161,2026-01-14
CC-2025-24100,Weybridge,2025-07-11,,Complex,Low,W152,2026-01-14
CC-2025-90103,Calder Central,2025-05-22,2025-06-24,Standard,Low,W252,2026-01-14
CC-2023-18089,Calder Central,2023-10-10,2023-12-06,Standard,,W142,2026-01-14
CC-2024-90058,Calder Central,2024-11-07,2024-12-05,Standard,Low,W112,2026-01-14
CC-2024-10052,Calder Central,2024-10-15,2024-11-03,Standard,Medium,W249,2026-01-14
CC-2024-23721,Weybridge,2024-06-11,2024-08-27,Appeal,Medium,W136,2026-01-14
CC-2025-90645,Calder Central,2025-09-12,2025-10-17,Expedited,Medium,W183,2026-01-14
CC-2024-23420,Weybridge,2024-10-11,2024-11-26,Complex,Low,W241,2026-01-14
CC-2024-20350,Weybridge,2024-12-04,2025-03-09,Complex,Low,W141,2026-01-14
CC-2023-17886,Northgate,2023-07-13,2023-08-08,Review,,W103,2026-01-14
CC-2025-90169,Calder Central,2025-09-19,2025-12-01,Standard,Low,W147,2026-01-14
CC-2025-17701,Weybridge,2025-04-08,2025-08-13,Complex,High,W174,2026-01-14
CC-2024-22563,Calder Central,2024-03-11,2024-03-26,Expedited,Low,W144,2026-01-14
CC-2025-13297,Weybridge,2025-08-25,2025-12-04,Complex,Medium,W175,2026-01-14
CC-2025-19022,Weybridge,2025-08-05,2025-08-22,Expedited,High,W152,2026-01-14
CC-2025-90263,Calder Central,2025-02-07,2025-03-10,Standard,Low,W135,2026-01-14
CC-2025-11309,Calder Central,2025-03-28,2025-04-10,Expedited,Low,W247,2026-01-14
CC-2024-24081,Calder Central,2024-07-28,2024-08-21,Review,High,W194,2026-01-14
CC-2025-15206,Calder Central,2025-04-21,2025-05-14,Review,Medium,W244,2026-01-14
CC-2025-21984,Weybridge,2025-07-02,2025-12-01,Complex,Low,W234,2026-01-14
CC-2025-20435,Calder Central,2025-06-13,2025-08-05,Standard,Low,W188,2026-01-14
CC-2025-15071,Calder Central,2025-05-23,2025-08-10,Complex,Low,W241,2026-01-14
CC-2025-23723,Calder Central,2025-07-05,2025-10-15,Complex,Medium,W142,2026-01-14
CC-2024-12414,Northgate,2024-11-06,,Standard,Low,W240,2026-01-14
CC-2024-17980,Calder Central,2024-12-08,2024-12-15,Expedited,Low,W234,2026-01-14
CC-2024-90747,Northgate,2024-10-18,2024-12-07,Standard,Low,W164,2026-01-14
CC-2025-90435,Northgate,2025-05-08,2025-08-10,Complex,Low,W226,2026-01-14
CC-2025-11272,Calder Central,2025-08-16,2025-09-27,Standard,High,W225,2026-01-14
CC-2025-16830,Northgate,2025-12-12,,Standard,Medium,W227,2026-01-14
CC-2025-90018,Calder Central,2025-03-23,2025-04-08,Expedited,Low,W146,2026-01-14
CC-2023-14416,Northgate,2023-07-04,2023-09-22,Appeal,,W160,2026-01-14
CC-2024-22967,Calder Central,2024-03-14,2024-05-02,Standard,Low,W132,2026-01-14
CC-2024-19021,Northgate,2024-03-18,2024-04-02,Review,Medium,W222,2026-01-14
CC-2024-18976,Northgate,2024-10-13,2024-12-02,Complex,Low,W119,2026-01-14
CC-2023-11224,Calder Central,2023-09-16,2023-12-15,Complex,,W202,2026-01-14
CC-2025-17486,Northgate,2025-05-23,2025-09-24,Complex,Medium,W177,2026-01-14
CC-2024-90359,Calder Central,2024-12-02,2025-01-25,Standard,High,W143,2026-01-14
CC-2023-19900,Weybridge,2023-07-17,2023-10-02,Complex,,W164,2026-01-14
CC-2024-17144,Calder Central,2024-09-18,2025-02-16,Complex,Low,W124,2026-01-14
CC-2025-16978,Calder Central,2025-05-02,2025-05-21,Standard,Medium,W154,2026-01-14
CC-2023-17370,Weybridge,2023-08-16,2023-09-28,Standard,,W223,2026-01-14
CC-2025-10652,Calder Central,2025-12-10,,Complex,Low,W113,2026-01-14
CC-2024-90005,Weybridge,2024-09-30,2024-11-04,Standard,Medium,W242,2026-01-14
CC-2025-12074,Calder Central,2025-07-15,2025-08-31,Standard,Medium,W149,2026-01-14
CC-2023-22068,Weybridge,2023-07-08,2023-07-19,Expedited,,W191,2026-01-14
CC-2023-13761,Northgate,2023-12-13,2023-12-22,Expedited,,W171,2026-01-14
CC-2024-11136,Northgate,2024-06-26,2024-07-17,Standard,Medium,W130,2026-01-14
CC-2025-13354,Weybridge,2025-01-21,2025-10-03,Complex,Medium,W173,2026-01-14
CC-2024-90724,Calder Central,2024-03-08,2024-04-15,Standard,Low,W117,2026-01-14
CC-2024-23457,Weybridge,2024-11-25,2025-01-11,Standard,Medium,W133,2026-01-14
CC-2024-90006,Weybridge,2024-01-26,2024-02-18,Standard,,W257,2026-01-14
CC-2025-20421,Weybridge,2025-08-04,2025-09-29,Review,Medium,W205,2026-01-14
CC-2025-90337,Northgate,2025-01-22,2025-02-04,Standard,Medium,W121,2026-01-14
CC-2024-90049,Weybridge,2024-02-28,2024-04-19,Standard,,W103,2026-01-14
CC-2025-10695,Calder Central,2025-11-01,2025-12-11,Appeal,Medium,W250,2026-01-14
CC-2023-20253,Calder Central,2023-11-18,2023-12-28,Review,,W127,2026-01-14
CC-2023-17801,Northgate,2023-12-01,2023-12-24,Standard,,W207,2026-01-14
CC-2025-90530,Northgate,2025-12-29,,Standard,Low,W126,2026-01-14
CC-2024-18659,Calder Central,2024-10-07,2024-11-25,Expedited,Medium,W150,2026-01-14
CC-2024-10359,Calder Central,2024-07-03,2024-09-10,Standard,Low,W119,2026-01-14
CC-2024-17225,Calder Central,2024-08-04,2024-09-04,Standard,Low,W250,2026-01-14
CC-2025-90723,Northgate,2025-01-05,2025-01-25,Review,Low,W214,2026-01-14
CC-2025-14016,Weybridge,2025-11-21,2025-08-24,Standard,Medium,W211,2026-01-14
CC-2025-90023,Northgate,2025-07-27,2025-09-20,Complex,Low,W142,2026-01-14
CC-2023-15284,Calder Central,2023-11-06,2024-01-01,Complex,,W224,2026-01-14
CC-2025-18655,Calder Central,2025-06-18,2025-07-05,Expedited,Low,W127,2026-01-14
CC-2025-18331,Calder Central,2025-02-13,2025-04-03,Standard,Medium,W234,2026-01-14
CC-2024-15274,Weybridge,2024-11-10,2024-12-25,Standard,Low,W130,2026-01-14
CC-2024-10520,Weybridge,2024-12-03,2024-12-30,Expedited,Low,W213,2026-01-14
CC-2025-13849,Weybridge,2025-09-19,,Complex,Medium,W140,2026-01-14
CC-2024-12929,Northgate,2024-05-07,2024-05-25,Standard,Medium,W236,2026-01-14
CC-2025-20795,Weybridge,2025-08-03,2025-08-17,Expedited,High,W158,2026-01-14
CC-2024-21908,Calder Central,2024-10-31,2024-12-10,Appeal,Medium,W246,2026-01-14
CC-2025-90266,Weybridge,2025-02-28,2025-07-18,Appeal,High,W130,2026-01-14
CC-2025-23281,Weybridge,2025-11-15,,Standard,Medium,W119,2026-01-14
CC-2023-19929,Northgate,2023-09-04,2023-10-02,Standard,,W138,2026-01-14
CC-2025-16257,Weybridge,2025-07-08,2025-08-15,Standard,Medium,W182,2026-01-14
CC-2025-22774,Weybridge,2025-09-17,2025-12-06,Standard,Medium,W107,2026-01-14
CC-2024-21356,Calder Central,2024-09-16,2024-10-11,Review,Medium,W112,2026-01-14
CC-2025-11346,Calder Central,2025-04-07,,Standard,High,W121,2026-01-14
CC-2024-11435,Calder Central,2024-04-02,2024-05-02,Standard,Medium,W170,2026-01-14
CC-2025-90179,Weybridge,2025-01-04,2025-05-02,Review,Low,W175,2026-01-14
CC-2024-90533,Weybridge,2024-09-14,2024-12-06,Standard,Medium,W246,2026-01-14
CC-2023-21892,Northgate,2023-10-04,2023-12-31,Complex,,W156,2026-01-14
CC-2023-16336,Calder Central,2023-09-22,2023-10-16,Standard,,W175,2026-01-14
CC-2024-22921,Calder Central,2024-07-26,2024-11-02,Appeal,Medium,W161,2026-01-14
CC-2024-14578,Weybridge,2024-09-21,2024-12-03,Appeal,Medium,W180,2026-01-14
CC-2025-90501,Northgate,2025-07-30,2025-09-04,Review,Low,W246,2026-01-14
CC-2023-11171,Calder Central,2023-11-09,2023-12-05,Standard,,W164,2026-01-14
CC-2024-17310,Northgate,2024-09-24,2024-11-13,Standard,Low,W147,2026-01-14
CC-2024-23574,Weybridge,2024-05-09,2024-06-04,Standard,Medium,W187,2026-01-14
CC-2024-23938,Calder Central,2024-11-04,2024-12-26,Review,Low,W235,2026-01-14
CC-2024-22804,Northgate,2024-04-05,2024-05-04,Standard,Low,W227,2026-01-14
CC-2024-20091,Northgate,2024-12-09,2025-02-04,Complex,Medium,W117,2026-01-14
CC-2024-15716,Calder Central,2024-12-06,,Appeal,High,W241,2026-01-14
CC-2024-21282,Calder Central,2024-02-21,2024-04-22,Complex,,W209,2026-01-14
CC-2023-10991,Northgate,2023-08-22,2023-09-13,Standard,,W246,2026-01-14
CC-2024-18799,Calder Central,2024-04-15,2024-05-20,Standard,Low,W240,2026-01-14
CC-2024-90644,Weybridge,2024-09-03,2024-10-26,Standard,Low,W184,2026-01-14
CC-2025-22750,Weybridge,2025-11-09,2025-12-31,Standard,Low,W188,2026-01-14
CC-2024-90363,Northgate,2024-04-06,2024-04-29,Review,Low,W177,2026-01-14
CC-2024-90549,Weybridge,2024-05-19,2024-07-12,Complex,Medium,W104,2026-01-14
CC-2025-22328,Calder Central,2025-08-16,2025-08-27,Expedited,Medium,W144,2026-01-14
CC-2025-12398,Weybridge,2025-04-23,2025-09-01,Review,Low,W164,2026-01-14
CC-2025-90297,Calder Central,2025-07-24,2025-09-05,Standard,Medium,W100,2026-01-14
CC-2023-16611,Calder Central,2023-07-04,2023-08-10,Standard,,W133,2026-01-14
CC-2025-12290,Calder Central,2025-05-17,2025-08-29,Appeal,Medium,W183,2026-01-14
CC-2024-10290,Weybridge,2024-07-07,2024-07-29,Standard,Medium,W216,2026-01-14
CC-2024-16765,Weybridge,2024-05-22,2024-10-18,Complex,Low,W145,2026-01-14
CC-2024-21853,Weybridge,2024-03-05,2024-04-19,Standard,Low,W120,2026-01-14
CC-2024-23451,Calder Central,2024-12-08,2025-04-02,Expedited,Low,W257,2026-01-14
CC-2023-13560,Northgate,2023-11-22,2023-12-08,Expedited,,W210,2026-01-14
CC-2024-18471,Weybridge,2024-08-07,2024-09-13,Standard,Medium,W234,2026-01-14
CC-2024-23195,Weybridge,2024-04-26,2024-05-09,Expedited,Medium,W155,2026-01-14
CC-2024-20221,Northgate,2024-07-23,2024-05-20,Standard,Medium,W100,2026-01-14
CC-2025-90484,Calder Central,2025-06-01,2025-06-21,Standard,Low,W146,2026-01-14
CC-2024-11600,Calder Central,2024-12-09,2025-01-15,Standard,Low,W231,2026-01-14
CC-2024-90164,Northgate,2024-05-15,2024-07-10,Standard,Medium,W119,2026-01-14
CC-2025-23311,Weybridge,2025-06-28,2025-08-03,Standard,High,W159,2026-01-14
CC-2025-21866,Calder Central,2025-06-28,,Appeal,Medium,W233,2026-01-14
CC-2025-12869,Calder Central,2025-02-17,2025-04-19,Complex,Low,W188,2026-01-14
CC-2023-20382,Calder Central,2023-08-05,2023-10-01,Standard,,W197,2026-01-14
CC-2023-10008,Weybridge,2023-11-16,2023-12-29,Complex,,W230,2026-01-14
CC-2024-19627,Weybridge,2024-09-13,2024-12-04,Standard,Low,W139,2026-01-14
CC-2025-15113,Calder Central,2025-11-01,,Complex,Medium,W173,2026-01-14
CC-2024-90131,Northgate,2024-06-14,2024-09-03,Complex,Low,W228,2026-01-14
CC-2024-14024,Northgate,2024-03-04,2024-04-08,Standard,Medium,W144,2026-01-14
CC-2024-15624,Weybridge,2024-06-14,2024-06-21,Expedited,Medium,W245,2026-01-14
CC-2025-13806,Calder Central,2025-09-30,2025-12-02,Complex,High,W145,2026-01-14
CC-2023-13763,Weybridge,2023-08-10,2023-08-28,Expedited,,W105,2026-01-14
CC-2023-19816,Calder Central,2023-12-27,2024-01-21,Standard,,W243,2026-01-14
CC-2024-11976,Weybridge,2024-10-04,2024-12-13,Standard,Low,W129,2026-01-14
CC-2025-17137,Calder Central,2025-09-11,2025-10-19,Complex,Medium,W244,2026-01-14
CC-2023-10393,Weybridge,2023-10-29,2023-12-04,Standard,,W191,2026-01-14
CC-2025-15533,Calder Central,2025-03-10,2025-05-17,Standard,Medium,W232,2026-01-14
CC-2025-16334,Calder Central,2025-04-20,2025-05-22,Standard,Medium,W198,2026-01-14
CC-2023-10002,Northgate,2023-10-24,2024-01-28,Complex,,W117,2026-01-14
CC-2023-24049,Weybridge,2023-09-15,2023-09-26,Expedited,,W230,2026-01-14
CC-2025-14649,Calder Central,2025-02-18,2025-06-30,Appeal,Medium,W145,2026-01-14
CC-2024-15294,Calder Central,2024-10-28,2025-01-28,Complex,Low,W184,2026-01-14
CC-2024-14327,Calder Central,2024-09-18,2024-10-11,Expedited,Medium,W207,2026-01-14
CC-2025-11714,Weybridge,2025-06-20,2025-10-20,Standard,Medium,W119,2026-01-14
CC-2023-17540,Weybridge,2023-11-09,2023-12-07,Standard,,W191,2026-01-14
CC-2025-11815,Northgate,2025-05-19,2025-06-09,Standard,Medium,W224,2026-01-14
CC-2024-14877,Weybridge,2024-05-14,2024-06-29,Complex,Low,W194,2026-01-14
CC-2025-19256,Calder Central,2025-04-03,2025-04-26,Review,Medium,W221,2026-01-14
CC-2024-17384,Weybridge,2024-09-20,2025-01-09,Complex,Low,W162,2026-01-14
CC-2024-21558,Weybridge,2024-12-11,2025-06-18,Appeal,High,W151,2026-01-14
CC-2024-10788,Weybridge,2024-03-22,2024-06-18,Complex,Medium,W214,2026-01-14
CC-2024-90264,Calder Central,2024-11-10,2025-01-08,Complex,Medium,W104,2026-01-14
CC-2024-90508,Calder Central,2024-10-20,2024-11-23,Standard,Medium,W227,2026-01-14
CC-2025-22593,Weybridge,2025-03-15,2025-04-15,Expedited,Low,W221,2026-01-14
CC-2024-15216,Weybridge,2024-11-17,2025-02-13,Review,Low,W226,2026-01-14
CC-2025-19701,Calder Central,2025-08-10,2025-09-23,Complex,Low,W212,2026-01-14
CC-2024-11962,Weybridge,2024-06-16,2024-07-18,Standard,Medium,W120,2026-01-14
CC-2025-17644,Calder Central,2025-09-28,2025-11-22,Review,Low,W199,2026-01-14
CC-2025-15861,Calder Central,2025-06-26,2025-07-11,Expedited,Low,W260,2026-01-14
CC-2023-14518,Weybridge,2023-07-02,2023-07-15,Standard,,W146,2026-01-14
CC-2024-22319,Northgate,2024-10-30,2024-11-27,Standard,Low,W228,2026-01-14
CC-2024-22851,Weybridge,2024-09-18,2024-12-25,Standard,High,W165,2026-01-14
CC-2023-22428,Calder Central,2023-10-27,,Review,,W239,2026-01-14
CC-2025-16824,Weybridge,2025-02-14,,Expedited,Medium,W243,2026-01-14
CC-2025-12870,Northgate,2025-12-04,2025-12-14,Expedited,Medium,W210,2026-01-14
CC-2024-21783,Northgate,2024-03-31,2024-04-08,Expedited,Low,W111,2026-01-14
CC-2023-12009,Weybridge,2023-11-07,2023-12-12,Standard,,W177,2026-01-14
CC-2025-90482,Calder Central,2025-08-06,2025-09-04,Standard,Medium,W110,2026-01-14
CC-2023-23238,Calder Central,2023-07-08,2023-07-29,Review,,W178,2026-01-14
CC-2025-90419,Northgate,2025-07-31,2025-08-10,Expedited,Low,W182,2026-01-14
CC-2024-90229,Calder Central,2024-11-21,2024-11-30,Standard,High,W135,2026-01-14
CC-2025-10862,Northgate,2025-03-04,2025-03-23,Review,Low,W181,2026-01-14
CC-2023-22512,Weybridge,2023-09-14,2023-11-28,Standard,,W148,2026-01-14
CC-2023-10583,Calder Central,2023-09-02,2023-10-02,Standard,,W175,2026-01-14
CC-2024-90240,Weybridge,2024-11-24,2025-02-17,Appeal,Medium,W159,2026-01-14
CC-2024-90430,Northgate,2024-07-26,2024-09-11,Appeal,Medium,W231,2026-01-14
CC-2023-17733,Calder Central,2023-09-28,2023-12-29,Complex,,W110,2026-01-14
CC-2024-16817,Calder Central,2024-04-20,2024-06-18,Review,Medium,W193,2026-01-14
CC-2023-23110,Weybridge,2023-09-14,2023-10-07,Expedited,,W113,2026-01-14
CC-2024-90449,Weybridge,2024-09-12,2024-12-31,Complex,High,W217,2026-01-14
CC-2024-13948,Weybridge,2024-02-12,2024-04-07,Complex,,W159,2026-01-14
CC-2024-15855,Northgate,2024-04-29,2024-05-25,Review,High,W163,2026-01-14
CC-2025-22274,Northgate,2025-07-09,2025-08-08,Standard,Medium,W223,2026-01-14
CC-2025-13161,Weybridge,2025-05-08,2025-06-15,Standard,Medium,W188,2026-01-14
CC-2024-22046,Calder Central,2024-11-13,2025-01-11,Standard,High,W256,2026-01-14
CC-2024-90714,Weybridge,2024-06-18,2024-07-30,Standard,Low,W138,2026-01-14
CC-2024-23442,Calder Central,2024-03-01,2024-08-28,Complex,Low,W247,2026-01-14
CC-2023-11233,Weybridge,2023-10-17,2023-11-14,Standard,,W139,2026-01-14
CC-2024-15426,Weybridge,2024-09-09,2024-10-15,Standard,High,W239,2026-01-14
CC-2023-10482,Northgate,2023-11-19,2023-12-15,Standard,,W124,2026-01-14
CC-2024-18046,Weybridge,2024-03-26,2024-05-06,Appeal,High,W131,2026-01-14
CC-2024-11965,Weybridge,2024-01-21,2024-03-15,Appeal,,W157,2026-01-14
CC-2024-10544,Calder Central,2024-01-23,2024-03-10,Standard,,W101,2026-01-14
CC-2025-21506,Northgate,2025-05-14,2025-06-23,Standard,High,W245,2026-01-14
CC-2023-16916,Northgate,2023-12-04,2024-01-31,Complex,,W113,2026-01-14
CC-2024-11973,Calder Central,2024-05-12,2024-06-27,Review,Medium,W142,2026-01-14
CC-2024-18114,Calder Central,2024-06-19,2024-06-24,Expedited,Low,W179,2026-01-14
CC-2025-90152,Calder Central,2025-07-17,2025-08-29,Standard,Low,W120,2026-01-14
CC-2024-90231,Northgate,2024-04-09,2024-04-25,Expedited,Low,W256,2026-01-14
CC-2025-14481,Calder Central,2025-11-30,2025-12-29,Standard,Medium,W137,2026-01-14
CC-2025-16761,Northgate,2025-06-10,2025-06-20,Review,Medium,W170,2026-01-14
CC-2025-90142,Calder Central,2025-02-05,2025-03-09,Standard,Low,W233,2026-01-14
CC-2025-90259,Calder Central,2025-04-22,2025-05-22,Review,Low,W185,2026-01-14
CC-2025-12657,Northgate,2025-04-23,2025-05-15,Standard,Low,W236,2026-01-14
CC-2023-12176,Calder Central,2023-07-01,2023-07-31,Standard,,W126,2026-01-14
CC-2025-90602,Calder Central,2025-05-22,2025-07-02,Standard,Low,W210,2026-01-14
CC-2025-90026,Northgate,2025-05-06,2025-06-14,Standard,Medium,W193,2026-01-14
CC-2023-13418,Calder Central,2023-11-13,2023-12-20,Complex,,W154,2026-01-14
CC-2024-90438,Northgate,2024-04-24,2024-06-15,Appeal,Medium,W200,2026-01-14
CC-2024-23895,Weybridge,2024-11-09,2024-11-21,Expedited,Low,W152,2026-01-14
CC-2024-15945,Northgate,2024-02-04,2024-04-08,Standard,,W236,2026-01-14
CC-2025-13232,Weybridge,2025-05-09,2025-07-27,Review,Medium,W217,2026-01-14
CC-2025-90257,Calder Central,2025-04-15,2025-08-23,Complex,High,W109,2026-01-14
CC-2024-16876,Weybridge,2024-06-26,2024-08-01,Standard,Medium,W158,2026-01-14
CC-2024-19786,Calder Central,2024-07-29,2024-08-16,Standard,Medium,W259,2026-01-14
CC-2025-19608,Calder Central,2025-01-21,2025-05-18,Complex,Medium,W169,2026-01-14
CC-2025-19411,Calder Central,2025-05-10,2025-06-11,Standard,Low,W240,2026-01-14
CC-2025-20538,Calder Central,2025-02-12,2025-04-06,Complex,Medium,W143,2026-01-14
CC-2024-12061,Calder Central,2024-12-13,2025-01-22,Review,High,W110,2026-01-14
CC-2024-17282,Calder Central,2024-09-18,2024-10-26,Appeal,Low,W174,2026-01-14
CC-2025-18519,Calder Central,2025-10-20,2025-11-15,Standard,Low,W229,2026-01-14
CC-2025-22534,Calder Central,2025-05-07,2025-08-12,Complex,Medium,W254,2026-01-14
CC-2025-20668,Northgate,2025-11-11,,Review,Low,W225,2026-01-14
CC-2024-11385,Weybridge,2024-11-27,2024-12-21,Complex,Low,W173,2026-01-14
CC-2025-90627,Weybridge,2025-10-27,,Standard,Low,W161,2026-01-14
CC-2025-90486,Calder Central,2025-02-09,2025-04-13,Standard,Low,W131,2026-01-14
CC-2025-90524,Northgate,2025-02-06,2025-03-29,Complex,Medium,W199,2026-01-14
CC-2025-14970,Calder Central,2025-02-07,2025-03-24,Standard,High,W222,2026-01-14
CC-2025-23602,Calder Central,2025-03-11,2025-04-19,Standard,Medium,W237,2026-01-14
CC-2023-15567,Weybridge,2023-12-01,2023-12-17,Standard,,W163,2026-01-14
CC-2024-21174,Calder Central,2024-10-22,2024-12-12,Complex,Medium,W174,2026-01-14
CC-2024-18324,Weybridge,2024-12-10,2025-03-05,Complex,High,W183,2026-01-14
CC-2024-90445,Calder Central,2024-09-23,2024-11-14,Complex,Medium,W173,2026-01-14
CC-2024-90334,Northgate,2024-04-11,2024-05-01,Standard,Low,W163,2026-01-14
CC-2025-16479,Calder Central,2025-02-26,2025-03-23,Expedited,High,W182,2026-01-14
CC-2025-13175,Calder Central,2025-02-06,2025-03-01,Review,Medium,W175,2026-01-14
CC-2024-13674,Calder Central,2024-01-12,2024-03-01,Complex,,W241,2026-01-14
CC-2025-13508,Northgate,2025-01-21,2025-04-06,Complex,Low,W154,2026-01-14
CC-2024-20778,Northgate,2024-05-10,2024-06-17,Review,High,W192,2026-01-14
CC-2024-12679,Calder Central,2024-08-21,2024-12-01,Standard,Low,W237,2026-01-14
CC-2024-23910,Northgate,2024-12-02,2024-12-15,Standard,Low,W256,2026-01-14
CC-2023-17012,Northgate,2023-07-11,2023-09-12,Standard,,W179,2026-01-14
CC-2025-18891,Calder Central,2025-01-01,2025-01-22,Standard,Medium,W157,2026-01-14
CC-2024-23530,Northgate,2024-07-01,2024-07-28,Standard,Low,W189,2026-01-14
CC-2025-12660,Northgate,2025-11-18,2025-12-19,Standard,Medium,W123,2026-01-14
CC-2024-15752,Calder Central,2024-07-09,2024-07-23,Standard,Medium,W238,2026-01-14
CC-2025-13974,Calder Central,2025-08-14,2025-08-21,Standard,Medium,W196,2026-01-14
CC-2024-10366,Northgate,2024-05-12,2024-06-16,Standard,Low,W249,2026-01-14
CC-2023-14427,Calder Central,2023-10-03,2023-10-27,Standard,,W247,2026-01-14
CC-2025-11814,Calder Central,2025-10-26,2025-11-29,Appeal,Low,W225,2026-01-14
CC-2024-13842,Weybridge,2024-11-21,2025-02-03,Standard,Low,W229,2026-01-14
CC-2025-18137,Weybridge,2025-06-03,2025-07-30,Review,Low,W249,2026-01-14
CC-2024-16671,Calder Central,2024-11-02,2024-11-16,Expedited,Medium,W139,2026-01-14
CC-2024-14714,Calder Central,2024-10-04,2024-10-27,Standard,High,W108,2026-01-14
CC-2024-90504,Northgate,2024-07-18,2024-08-29,Review,Medium,W251,2026-01-14
CC-2025-16229,Northgate,2025-03-17,2025-03-30,Review,High,W201,2026-01-14
CC-2025-17994,Northgate,2025-03-01,2025-04-04,Review,Low,W186,2026-01-14
CC-2025-90488,Weybridge,2025-06-28,2025-09-02,Standard,Medium,W188,2026-01-14
CC-2025-18256,Weybridge,2025-12-20,,Standard,Low,W227,2026-01-14
CC-2024-90055,Northgate,2024-06-19,2024-07-27,Standard,Low,W247,2026-01-14
CC-2024-19100,Calder Central,2024-04-27,2024-06-18,Standard,Low,W117,2026-01-14
CC-2025-22658,Calder Central,2025-07-30,2025-08-18,Standard,Low,W194,2026-01-14
CC-2023-17006,Calder Central,2023-09-13,2023-10-28,Complex,,W130,2026-01-14
CC-2025-90122,Weybridge,2025-09-16,,Complex,Medium,W187,2026-01-14
CC-2024-90572,Weybridge,2024-05-29,2024-06-10,Expedited,Medium,W197,2026-01-14
CC-2024-11501,Calder Central,2024-01-10,2024-05-12,Complex,,W212,2026-01-14
CC-2025-14952,Northgate,2025-05-14,2025-08-15,Complex,Low,W184,2026-01-14
CC-2025-17419,Calder Central,2025-08-14,2025-10-03,Complex,Low,W238,2026-01-14
CC-2023-14608,Weybridge,2023-08-26,2023-10-08,Standard,,W164,2026-01-14
CC-2023-21180,Northgate,2023-10-26,2023-11-18,Review,,W231,2026-01-14
CC-2025-16694,Calder Central,2025-08-14,2025-09-23,Expedited,Low,W195,2026-01-14
CC-2025-18700,Weybridge,2025-06-29,2025-09-06,Standard,Low,W190,2026-01-14
CC-2024-14740,Calder Central,2024-09-15,2024-10-15,Review,Medium,W219,2026-01-14
CC-2024-19837,Northgate,2024-12-08,2025-01-10,Standard,Low,W121,2026-01-14
CC-2025-12132,Northgate,2025-02-03,2025-04-02,Review,Medium,W224,2026-01-14
CC-2025-90498,Weybridge,2025-11-26,,Complex,Medium,W143,2026-01-14
CC-2025-14868,Calder Central,2025-07-10,2025-08-16,Standard,Medium,W148,2026-01-14
CC-2025-21834,Weybridge,2025-04-16,2025-05-31,Standard,Medium,W158,2026-01-14
CC-2024-24012,Calder Central,2024-10-12,2024-10-21,Expedited,Medium,W233,2026-01-14
CC-2025-90146,Weybridge,2025-01-20,2025-04-10,Standard,Medium,W251,2026-01-14
CC-2024-18763,Weybridge,2024-02-13,2024-03-30,Standard,,W207,2026-01-14
CC-2023-21232,Calder Central,2023-10-19,2023-10-25,Expedited,,W218,2026-01-14
CC-2025-20749,Calder Central,2025-01-31,2025-02-26,Standard,Low,W110,2026-01-14
CC-2025-16763,Weybridge,2025-10-29,,Review,Medium,W162,2026-01-14
CC-2024-19633,Weybridge,2024-01-10,2024-02-28,Review,,W150,2026-01-14
CC-2025-16003,Calder Central,2025-08-04,2025-08-18,Standard,Medium,W156,2026-01-14
CC-2023-11194,Weybridge,2023-09-18,2023-06-11,Expedited,,W221,2026-01-14
CC-2024-23493,Weybridge,2024-03-24,2023-08-21,Complex,Low,W143,2026-01-14
CC-2024-23151,Weybridge,2024-11-22,2024-12-27,Standard,High,W219,2026-01-14
CC-2024-13759,Calder Central,2024-05-22,2024-06-22,Standard,Medium,W192,2026-01-14
CC-2025-13645,Calder Central,2025-10-16,2025-10-27,Standard,Low,W255,2026-01-14
CC-2025-17166,Northgate,2025-07-31,2025-08-14,Review,Low,W141,2026-01-14
CC-2023-19489,Weybridge,2023-10-16,2023-11-15,Standard,,W128,2026-01-14
CC-2024-90705,Northgate,2024-09-10,2025-01-04,Complex,Low,W114,2026-01-14
CC-2024-15616,Northgate,2024-03-22,2024-04-05,Standard,Medium,W242,2026-01-14
CC-2024-12666,Northgate,2024-04-14,2024-04-28,Expedited,Low,W217,2026-01-14
CC-2024-12331,Calder Central,2024-10-01,2024-11-17,Complex,Medium,W125,2026-01-14
CC-2024-22027,Northgate,2024-11-06,2024-12-20,Standard,High,W173,2026-01-14
CC-2024-90199,Northgate,2024-07-29,2024-08-15,Standard,Medium,W160,2026-01-14
CC-2024-14350,Weybridge,2024-09-15,2024-12-05,Standard,Low,W153,2026-01-14
CC-2025-23032,Calder Central,2025-12-16,,Complex,Medium,W190,2026-01-14
CC-2025-13169,Weybridge,2025-09-08,2025-12-16,Standard,Medium,W129,2026-01-14
CC-2023-19127,Weybridge,2023-11-01,2023-12-09,Standard,,W116,2026-01-14
CC-2023-23700,Northgate,2023-08-21,2023-11-13,Standard,,W224,2026-01-14
CC-2025-10305,Weybridge,2025-09-23,2025-12-14,Complex,Low,W193,2026-01-14
CC-2023-19850,Weybridge,2023-12-30,,Standard,,W233,2026-01-14
CC-2024-11975,Calder Central,2024-10-08,2024-11-16,Standard,Medium,W165,2026-01-14
CC-2024-20249,Northgate,2024-07-05,2024-08-11,Complex,Low,W233,2026-01-14
CC-2024-90631,Northgate,2024-08-30,2024-09-27,Standard,Medium,W226,2026-01-14
CC-2025-90586,Weybridge,2025-09-21,,Complex,Low,W240,2026-01-14
CC-2024-17598,Calder Central,2024-06-07,2024-06-30,Standard,High,W201,2026-01-14
CC-2025-22266,Weybridge,2025-12-29,,Review,Low,W143,2026-01-14
CC-2025-12736,Weybridge,2025-10-07,2025-10-20,Standard,Low,W173,2026-01-14
CC-2025-10591,Calder Central,2025-03-24,2025-04-10,Standard,High,W215,2026-01-14
CC-2023-12114,Northgate,2023-12-07,2023-12-24,Standard,,W110,2026-01-14
CC-2025-90235,Northgate,2025-08-02,2025-09-05,Standard,Low,W220,2026-01-14
CC-2024-22991,Weybridge,2024-07-10,2024-07-16,Expedited,Medium,W240,2026-01-14
CC-2024-90720,Weybridge,2024-09-20,2024-11-06,Appeal,Low,W186,2026-01-14
CC-2024-21110,Weybridge,2024-02-10,2024-06-01,Review,,W150,2026-01-14
CC-2025-90697,Calder Central,2025-01-28,2025-02-06,Expedited,Medium,W235,2026-01-14
CC-2025-20245,Calder Central,2025-03-20,2025-04-09,Expedited,Low,W120,2026-01-14
CC-2025-19232,Weybridge,2025-06-08,2025-11-20,Complex,Low,W192,2026-01-14
CC-2023-20335,Calder Central,2023-10-25,2024-01-09,Complex,,W180,2026-01-14
CC-2024-24015,Calder Central,2024-12-28,2025-02-06,Standard,Medium,W204,2026-01-14
CC-2023-23140,Northgate,2023-10-29,2023-11-28,Standard,,W236,2026-01-14
CC-2025-90779,Calder Central,2025-10-22,2025-12-08,Appeal,Medium,W135,2026-01-14
CC-2025-21004,Northgate,2025-01-22,2025-03-04,Standard,Medium,W122,2026-01-14
CC-2024-90341,Weybridge,2024-06-09,2024-07-06,Standard,Medium,W158,2026-01-14
CC-2024-16866,Northgate,2024-08-15,2024-09-19,Standard,Low,W230,2026-01-14
CC-2025-10499,Northgate,2025-03-07,2025-04-07,Review,Low,W159,2026-01-14
CC-2023-19388,Weybridge,2023-11-18,2023-12-27,Standard,,W151,2026-01-14
CC-2025-23385,Calder Central,2025-05-21,2025-08-30,Complex,High,W175,2026-01-14
CC-2023-19614,Calder Central,2023-11-13,2023-12-12,Standard,,W108,2026-01-14
CC-2023-15655,Weybridge,2023-07-25,2023-09-10,Standard,,W248,2026-01-14
CC-2025-21153,Calder Central,2025-10-02,2025-11-10,Standard,Medium,W106,2026-01-14
CC-2025-11583,Weybridge,2025-01-27,2025-04-14,Complex,Low,W174,2026-01-14
CC-2025-90621,Weybridge,2025-04-23,2025-05-27,Standard,Medium,W221,2026-01-14
CC-2024-90755,Northgate,2024-05-29,2024-06-08,Expedited,Low,W215,2026-01-14
CC-2024-90481,Northgate,2024-05-15,2024-07-31,Complex,High,W160,2026-01-14
CC-2023-21060,Northgate,2023-10-04,2023-10-26,Standard,,W147,2026-01-14
CC-2024-90661,Calder Central,2024-07-16,2024-09-10,Complex,Medium,W126,2026-01-14
CC-2025-11564,Weybridge,2025-12-01,,Complex,Low,W202,2026-01-14
CC-2024-20700,Northgate,2024-12-08,2024-12-25,Standard,Low,W249,2026-01-14
CC-2024-90722,Northgate,2024-10-24,2025-01-22,Appeal,Medium,W200,2026-01-14
CC-2025-12683,Calder Central,2025-07-05,2025-08-08,Standard,Medium,W202,2026-01-14
CC-2025-15580,Northgate,2025-05-31,2025-06-14,Standard,Low,W217,2026-01-14
CC-2023-10649,Calder Central,2023-12-18,2024-01-06,Standard,,W236,2026-01-14
CC-2025-22075,Calder Central,2025-03-03,2025-05-04,Complex,Low,W256,2026-01-14
CC-2023-14942,Weybridge,2023-10-25,2023-12-04,Standard,,W174,2026-01-14
CC-2025-90194,Calder Central,2025-03-18,2025-04-21,Standard,Medium,W118,2026-01-14
CC-2025-20531,Northgate,2025-10-20,2025-11-11,Standard,Medium,W109,2026-01-14
CC-2024-21139,Weybridge,2024-09-02,2024-11-30,Complex,Low,W107,2026-01-14
CC-2025-90674,Northgate,2025-03-16,2025-04-14,Standard,Medium,W209,2026-01-14
CC-2025-13051,Northgate,2025-11-08,2025-12-30,Complex,Low,W131,2026-01-14
CC-2024-90168,Calder Central,2024-08-15,2024-08-30,Expedited,High,W238,2026-01-14
CC-2024-18165,Weybridge,2024-08-06,2024-09-20,Standard,Medium,W243,2026-01-14
CC-2025-16079,Weybridge,2025-12-07,,Standard,Low,W253,2026-01-14
CC-2025-18473,Calder Central,2025-01-20,2025-01-29,Expedited,Medium,W107,2026-01-14
CC-2025-20763,Calder Central,2025-06-13,2025-09-21,Complex,Medium,W218,2026-01-14
CC-2023-21583,Northgate,2023-07-25,2023-08-21,Standard,,W224,2026-01-14
CC-2024-23070,Weybridge,2024-04-20,2024-04-27,Standard,Medium,W170,2026-01-14
CC-2024-15812,Weybridge,2024-07-03,2024-08-21,Review,Low,W115,2026-01-14
CC-2024-90031,Weybridge,2024-04-11,2024-06-25,Complex,Medium,W194,2026-01-14
CC-2024-10149,Weybridge,2024-12-31,2025-02-14,Expedited,Low,W239,2026-01-14
CC-2023-10224,Calder Central,2023-09-29,2023-10-16,Expedited,,W128,2026-01-14
CC-2025-22077,Northgate,2025-04-19,2025-05-03,Standard,Low,W148,2026-01-14
CC-2023-22267,Weybridge,2023-12-05,2024-02-25,Complex,,W195,2026-01-14
CC-2025-23127,Calder Central,2025-05-18,2024-12-06,Complex,High,W248,2026-01-14
CC-2024-19414,Weybridge,2024-08-27,2024-10-13,Expedited,Low,W213,2026-01-14
CC-2024-17204,Weybridge,2024-11-14,2025-01-17,Review,Medium,W225,2026-01-14
CC-2024-14496,Calder Central,2024-07-24,2024-12-13,Complex,Low,W103,2026-01-14
CC-2023-10804,Weybridge,2023-09-13,2023-10-13,Standard,,W129,2026-01-14
CC-2025-14820,Northgate,2025-08-31,2025-09-17,Standard,Low,W223,2026-01-14
CC-2024-90653,Calder Central,2024-09-09,2024-09-21,Expedited,Low,W227,2026-01-14
CC-2023-10404,Weybridge,2023-07-07,2023-08-10,Standard,,W208,2026-01-14
CC-2025-17313,Weybridge,2025-06-30,2025-11-27,Complex,Low,W243,2026-01-14
CC-2024-17169,Calder Central,2024-07-14,2024-10-03,Standard,Low,W114,2026-01-14
CC-2024-18222,Calder Central,2024-04-27,2024-06-01,Standard,Medium,W244,2026-01-14
CC-2025-11263,Northgate,2025-06-01,2025-08-21,Complex,Low,W196,2026-01-14
CC-2023-12281,Northgate,2023-11-20,2023-12-09,Standard,,W147,2026-01-14
CC-2024-16467,Calder Central,2024-09-30,2024-10-31,Review,Medium,W173,2026-01-14
CC-2025-19762,Weybridge,2025-04-16,2025-06-11,Complex,Medium,W199,2026-01-14
CC-2023-17125,Northgate,2023-10-08,2023-10-30,Standard,,W241,2026-01-14
CC-2024-17588,Calder Central,2024-03-24,2024-04-12,Standard,Medium,W252,2026-01-14
CC-2025-90357,Calder Central,2025-10-09,,Review,Medium,W153,2026-01-14
CC-2025-90500,Calder Central,2025-02-26,2025-03-12,Expedited,Low,W143,2026-01-14
CC-2024-23382,Calder Central,2024-01-28,2024-07-05,Complex,,W142,2026-01-14
CC-2025-90633,Weybridge,2025-06-19,2025-07-28,Review,Medium,W222,2026-01-14
CC-2023-18664,Weybridge,2023-12-09,2023-12-31,Standard,,W226,2026-01-14
CC-2024-23610,Weybridge,2024-05-14,2024-08-18,Complex,Low,W116,2026-01-14
CC-2023-18385,Weybridge,2023-11-23,2024-01-15,Standard,,W210,2026-01-14
CC-2024-90652,Weybridge,2024-01-23,2024-01-29,Expedited,,W113,2026-01-14
CC-2024-22655,Weybridge,2024-02-07,2024-04-25,Complex,,W186,2026-01-14
CC-2024-14314,Northgate,2024-05-17,2024-07-29,Appeal,Low,W215,2026-01-14
CC-2024-10633,Calder Central,2024-05-19,2024-06-02,Expedited,Medium,W124,2026-01-14
CC-2023-11288,Northgate,2023-10-03,2024-01-03,Complex,,W208,2026-01-14
CC-2024-24132,Weybridge,2024-08-14,2024-10-15,Standard,Medium,W103,2026-01-14
CC-2025-15116,Northgate,2025-05-02,2025-07-05,Appeal,Low,W210,2026-01-14
CC-2023-12601,Calder Central,2023-12-02,2023-12-14,Expedited,,W207,2026-01-14
CC-2025-14414,Weybridge,2025-08-29,2025-09-26,Standard,Medium,W106,2026-01-14
CC-2024-10734,Northgate,2024-02-16,2024-03-11,Standard,,W218,2026-01-14
CC-2024-90760,Northgate,2024-08-15,2025-01-09,Complex,High,W130,2026-01-14
CC-2025-21627,Calder Central,2025-07-16,2025-08-02,Review,Low,W191,2026-01-14
CC-2023-20583,Weybridge,2023-09-16,2023-11-26,Complex,,W181,2026-01-14
CC-2024-22818,Calder Central,2024-03-30,2024-05-13,Appeal,Medium,W214,2026-01-14
CC-2024-15800,Calder Central,2024-07-01,2024-07-16,Standard,High,W211,2026-01-14
CC-2023-12860,Weybridge,2023-09-10,2023-10-17,Complex,,W218,2026-01-14
CC-2025-90050,Calder Central,2025-09-04,2025-10-01,Standard,Low,W156,2026-01-14
CC-2025-19557,Weybridge,2025-04-28,2025-07-29,Review,Low,W249,2026-01-14
CC-2024-90287,Northgate,2024-06-01,2024-06-09,Expedited,Low,W123,2026-01-14
CC-2025-90733,Calder Central,2025-06-16,2025-07-20,Standard,Medium,W194,2026-01-14
CC-2025-90117,Northgate,2025-06-14,2025-08-23,Review,Low,W197,2026-01-14
CC-2024-21676,Calder Central,2024-11-17,2025-02-01,Standard,Low,W135,2026-01-14
CC-2023-21813,Calder Central,2023-12-21,2024-01-08,Standard,,W230,2026-01-14
CC-2025-20164,Weybridge,2025-07-16,,Appeal,Low,W147,2026-01-14
CC-2024-19804,Weybridge,2024-06-20,2024-08-20,Appeal,Low,W246,2026-01-14
CC-2025-12615,Calder Central,2025-11-25,2025-12-21,Appeal,Low,W228,2026-01-14
CC-2024-23477,Calder Central,2024-06-15,2024-09-01,Complex,Low,W172,2026-01-14
CC-2024-22575,Northgate,2024-05-21,2024-06-08,Standard,Low,W170,2026-01-14
CC-2025-19134,Calder Central,2025-01-16,2025-02-09,Standard,Medium,W184,2026-01-14
CC-2025-17872,Northgate,2025-02-12,2025-03-05,Standard,Low,W191,2026-01-14
CC-2023-13460,Northgate,2023-08-11,2023-08-31,Expedited,,W149,2026-01-14
CC-2024-90046,Calder Central,2024-08-30,2024-09-10,Expedited,Medium,W209,2026-01-14
CC-2023-23432,Weybridge,2023-08-27,2023-09-19,Standard,,W253,2026-01-14
CC-2025-22034,Calder Central,2025-08-16,2025-09-09,Standard,Low,W253,2026-01-14
CC-2023-10382,Weybridge,2023-09-26,2023-11-29,Standard,,W214,2026-01-14
CC-2023-14721,Northgate,2023-09-11,2023-10-17,Review,,W260,2026-01-14
CC-2024-90195,Weybridge,2024-12-19,2025-03-08,Standard,Low,W106,2026-01-14
CC-2024-20281,Northgate,2024-08-14,2024-08-23,Expedited,Low,W134,2026-01-14
CC-2024-19032,Northgate,2024-01-31,2024-02-17,Standard,,W125,2026-01-14
CC-2023-21675,Calder Central,2023-07-27,2023-08-19,Standard,,W106,2026-01-14
CC-2025-11180,Northgate,2025-09-20,2025-10-16,Complex,Low,W229,2026-01-14
CC-2024-14179,Northgate,2024-01-01,2024-01-25,Standard,,W233,2026-01-14
CC-2025-11713,Calder Central,2025-02-16,2025-03-28,Standard,Low,W194,2026-01-14
CC-2025-22507,Northgate,2025-11-08,2025-12-29,Complex,Low,W173,2026-01-14
CC-2024-19369,Calder Central,2024-11-10,2024-12-01,Expedited,Low,W219,2026-01-14
CC-2025-90422,Northgate,2025-04-16,2025-05-07,Expedited,Medium,W192,2026-01-14
CC-2024-10880,Weybridge,2024-03-07,2024-04-05,Standard,Low,W120,2026-01-14
CC-2024-21585,Northgate,2024-08-03,2024-09-21,Complex,Low,W230,2026-01-14
CC-2025-15457,Northgate,2025-02-20,2025-04-07,Complex,Low,W238,2026-01-14
CC-2025-22099,Weybridge,2025-09-18,,Complex,Medium,W183,2026-01-14
CC-2023-10988,Northgate,2023-11-08,2023-11-18,Expedited,,W239,2026-01-14
CC-2025-15410,Weybridge,2025-12-29,,Complex,Low,W190,2026-01-14
CC-2024-20943,Northgate,2024-12-08,2025-02-07,Complex,Low,W173,2026-01-14
CC-2025-22673,Calder Central,2025-05-02,2025-05-28,Appeal,Medium,W146,2026-01-14
CC-2024-13074,Calder Central,2024-01-10,2024-01-24,Expedited,,W142,2026-01-14
CC-2025-13607,Weybridge,2025-02-04,2025-04-02,Standard,High,W172,2026-01-14
CC-2023-14750,Calder Central,2023-09-16,2023-11-20,Standard,,W167,2026-01-14
CC-2024-20657,Northgate,2024-11-30,2025-01-07,Standard,High,W126,2026-01-14
CC-2025-10457,Calder Central,2025-02-03,2025-03-01,Standard,Low,W166,2026-01-14
CC-2025-90453,Northgate,2025-12-17,,Appeal,Medium,W176,2026-01-14
CC-2025-90392,Calder Central,2025-11-16,,Complex,High,W225,2026-01-14
CC-2023-14049,Northgate,2023-11-11,2023-12-28,Complex,,W221,2026-01-14
CC-2025-90069,Northgate,2025-07-19,2025-07-26,Expedited,Low,W196,2026-01-14
CC-2025-23594,Northgate,2025-02-26,2025-03-06,Expedited,Low,W149,2026-01-14
CC-2023-11840,Calder Central,2023-10-08,2023-12-01,Review,,W127,2026-01-14
CC-2025-12060,Northgate,2025-01-10,2025-02-01,Standard,Medium,W182,2026-01-14
CC-2024-20944,Calder Central,2024-04-29,2024-06-16,Review,High,W169,2026-01-14
CC-2025-90177,Weybridge,2025-05-29,2025-11-06,Complex,Low,W239,2026-01-14
CC-2024-15077,Weybridge,2024-12-22,2025-01-18,Review,Medium,W110,2026-01-14
CC-2025-11706,Northgate,2025-11-13,2025-12-04,Expedited,Low,W151,2026-01-14
CC-2024-90171,Northgate,2024-05-06,2024-06-05,Standard,Medium,W105,2026-01-14
CC-2025-90015,Weybridge,2025-01-29,2025-05-28,Review,Low,W160,2026-01-14
CC-2025-90710,Weybridge,2025-11-23,,Standard,Low,W164,2026-01-14
CC-2023-10984,Weybridge,2023-09-24,2023-11-09,Complex,,W222,2026-01-14
CC-2025-14696,Calder Central,2025-11-15,2025-12-26,Complex,Low,W104,2026-01-14
CC-2025-10828,Calder Central,2025-06-01,2025-07-26,Appeal,High,W103,2026-01-14
CC-2025-11922,Northgate,2025-05-23,2025-06-20,Complex,Medium,W142,2026-01-14
CC-2024-90037,Northgate,2024-05-21,2024-08-16,Complex,Medium,W207,2026-01-14
CC-2025-16618,Weybridge,2025-12-16,,Review,Medium,W174,2026-01-14
CC-2024-10732,Calder Central,2024-06-27,2024-07-11,Standard,Medium,W217,2026-01-14
CC-2025-12723,Northgate,2025-12-17,,Standard,Low,W227,2026-01-14
CC-2024-90027,Weybridge,2024-03-01,2024-03-28,Standard,Low,W248,2026-01-14
CC-2024-90564,Calder Central,2024-12-22,2025-01-25,Appeal,Medium,W222,2026-01-14
CC-2024-90181,Weybridge,2024-04-18,2024-05-29,Standard,Low,W260,2026-01-14
CC-2025-10023,Northgate,2025-02-22,2025-04-04,Standard,High,W209,2026-01-14
CC-2024-14600,Northgate,2024-01-19,2024-01-28,Standard,,W249,2026-01-14
CC-2024-15369,Calder Central,2024-03-11,2024-04-02,Standard,Low,W232,2026-01-14
CC-2024-22754,Calder Central,2024-12-13,2025-01-10,Standard,Medium,W203,2026-01-14
CC-2024-21025,Weybridge,2024-05-29,2024-07-30,Review,Medium,W245,2026-01-14
CC-2024-17696,Weybridge,2024-06-16,2024-06-27,Expedited,Low,W137,2026-01-14
CC-2025-16250,Weybridge,2025-07-12,2025-08-12,Standard,Low,W197,2026-01-14
CC-2025-20098,Northgate,2025-12-23,,Standard,Low,W193,2026-01-14
CC-2024-90701,Northgate,2024-04-09,2024-06-26,Appeal,Low,W149,2026-01-14
CC-2023-10709,Northgate,2023-07-19,2023-10-06,Appeal,,W116,2026-01-14
CC-2025-90129,Calder Central,2025-01-19,2025-01-25,Expedited,Medium,W192,2026-01-14
CC-2024-90470,Northgate,2024-11-17,2024-11-27,Expedited,High,W117,2026-01-14
CC-2023-16453,Calder Central,2023-12-05,2024-01-20,Standard,,W237,2026-01-14
CC-2025-17400,Northgate,2025-07-16,2025-10-06,Complex,Low,W198,2026-01-14
CC-2025-10700,Calder Central,2025-11-27,,Standard,High,W251,2026-01-14
CC-2024-16032,Weybridge,2024-05-01,2024-05-19,Standard,Low,W207,2026-01-14
CC-2025-23900,Calder Central,2025-09-26,2025-10-11,Expedited,Medium,W238,2026-01-14
CC-2025-16760,Weybridge,2025-11-13,,Review,Low,W108,2026-01-14
CC-2025-13210,Northgate,2025-04-16,2025-07-03,Complex,Medium,W147,2026-01-14
CC-2024-90464,Weybridge,2024-03-09,2024-04-04,Expedited,Low,W151,2026-01-14
CC-2024-20375,Calder Central,2024-03-05,2024-03-26,Standard,Medium,W252,2026-01-14
CC-2025-10661,Calder Central,2025-11-22,2025-12-03,Expedited,Medium,W148,2026-01-14
CC-2024-14043,Calder Central,2024-09-30,2024-10-22,Standard,Low,W244,2026-01-14
CC-2025-15117,Calder Central,2025-03-28,2025-04-12,Expedited,Low,W152,2026-01-14
CC-2024-90345,Weybridge,2024-02-26,2024-04-04,Complex,,W194,2026-01-14
CC-2025-16075,Northgate,2025-11-27,2025-12-05,Expedited,Low,W177,2026-01-14
CC-2024-16429,Calder Central,2024-10-14,2025-01-05,Complex,Medium,W110,2026-01-14
CC-2024-90609,Weybridge,2024-09-03,2024-10-24,Standard,Medium,W128,2026-01-14
CC-2025-19781,Northgate,2025-09-16,2025-09-28,Standard,Medium,W222,2026-01-14
CC-2024-17299,Weybridge,2024-01-01,2024-02-29,Complex,,W127,2026-01-14
CC-2023-11627,Weybridge,2023-09-26,2023-10-17,Standard,,W175,2026-01-14
CC-2025-17514,Northgate,2025-06-05,2025-07-06,Complex,Low,W257,2026-01-14
CC-2024-12040,Northgate,2024-02-14,2024-03-12,Standard,,W147,2026-01-14
CC-2024-19322,Northgate,2024-11-27,2024-12-28,Standard,Medium,W182,2026-01-14
CC-2024-16918,Weybridge,2024-09-04,2024-09-16,Standard,Medium,W200,2026-01-14
CC-2023-17251,Northgate,2023-09-14,2023-10-04,Standard,,W216,2026-01-14
CC-2025-19473,Calder Central,2025-07-25,2025-09-07,Review,Low,W161,2026-01-14
CC-2023-16329,Northgate,2023-08-06,2023-08-21,Review,,W212,2026-01-14
CC-2024-90346,Calder Central,2024-01-18,2024-02-05,Standard,,W178,2026-01-14
CC-2024-18023,Calder Central,2024-11-23,2025-02-11,Appeal,Medium,W203,2026-01-14
CC-2024-20071,Weybridge,2024-07-13,2024-08-15,Standard,Low,W229,2026-01-14
CC-2023-16264,Calder Central,2023-10-10,2023-11-09,Review,,W196,2026-01-14
CC-2025-17611,Northgate,2025-05-05,2025-05-20,Standard,Low,W259,2026-01-14
CC-2025-13386,Weybridge,2025-03-12,2025-05-02,Standard,Low,W144,2026-01-14
CC-2024-14975,Calder Central,2024-08-21,2024-09-19,Standard,High,W225,2026-01-14
CC-2024-90390,Northgate,2024-12-02,2024-12-30,Review,High,W200,2026-01-14
CC-2023-12911,Weybridge,2023-07-04,2023-08-06,Review,,W233,2026-01-14
CC-2025-15432,Weybridge,2025-10-09,,Standard,Low,W142,2026-01-14
CC-2025-23046,Calder Central,2025-09-22,2025-12-09,Standard,Low,W206,2026-01-14
CC-2024-14867,Weybridge,2024-11-25,2024-12-20,Expedited,Medium,W180,2026-01-14
CC-2025-21140,Calder Central,2025-03-27,2025-04-07,Expedited,Medium,W170,2026-01-14
CC-2025-23599,Weybridge,2025-09-27,,Expedited,Medium,W232,2026-01-14
CC-2024-21381,Calder Central,2024-06-23,,Standard,Medium,W224,2026-01-14
CC-2025-13705,Weybridge,2025-03-31,2025-05-10,Review,Medium,W154,2026-01-14
CC-2025-18981,Weybridge,2025-03-11,2024-05-10,Expedited,High,W171,2026-01-14
CC-2023-19716,Northgate,2023-12-15,2024-01-12,Review,,W203,2026-01-14
CC-2024-17220,Weybridge,2024-12-01,2025-01-28,Standard,Low,W173,2026-01-14
CC-2025-13267,Calder Central,2025-02-23,2025-03-19,Complex,Medium,W193,2026-01-14
CC-2025-16892,Calder Central,2025-11-30,,Complex,Medium,W168,2026-01-14
CC-2023-10135,Weybridge,2023-11-09,,Appeal,,W214,2026-01-14
CC-2025-11403,Weybridge,2025-02-09,2025-04-17,Complex,Low,W202,2026-01-14
CC-2024-18354,Calder Central,2024-03-02,2024-05-02,Appeal,Low,W230,2026-01-14
CC-2025-90014,Northgate,2025-06-22,2025-08-02,Standard,Low,W123,2026-01-14
CC-2025-17293,Northgate,2025-03-16,2025-05-06,Standard,Low,W204,2026-01-14
CC-2024-19998,Weybridge,2024-05-26,2024-09-05,Complex,Low,W167,2026-01-14
CC-2024-19375,Weybridge,2024-10-09,2025-01-23,Standard,Medium,W222,2026-01-14
CC-2024-14028,Northgate,2024-07-27,2024-08-25,Appeal,Low,W153,2026-01-14
CC-2024-15557,Weybridge,2024-08-11,2024-10-06,Standard,Low,W204,2026-01-14
CC-2025-23490,Northgate,2025-02-24,2025-03-24,Standard,High,W236,2026-01-14
CC-2024-14964,Calder Central,2024-08-25,2024-07-11,Appeal,Low,W126,2026-01-14
CC-2025-17605,Weybridge,2025-04-22,2025-07-23,Standard,Medium,W177,2026-01-14
CC-2024-11485,Calder Central,2024-03-14,2024-05-24,Appeal,Medium,W137,2026-01-14
CC-2025-90630,Calder Central,2025-02-05,2025-03-19,Complex,Medium,W178,2026-01-14
CC-2023-10580,Weybridge,2023-09-07,2023-10-03,Expedited,,W205,2026-01-14
CC-2025-12950,Calder Central,2025-12-27,,Complex,Medium,W229,2026-01-14
CC-2025-22870,Weybridge,2025-10-03,,Complex,Low,W189,2026-01-14
CC-2025-90600,Weybridge,2025-09-08,2025-11-28,Standard,Medium,W162,2026-01-14
CC-2025-20373,Weybridge,2025-09-07,,Appeal,Low,W237,2026-01-14
CC-2025-90555,Northgate,2025-03-11,2025-05-16,Complex,Low,W187,2026-01-14
CC-2025-23182,Calder Central,2025-05-20,2025-06-27,Review,Low,W232,2026-01-14
CC-2023-11134,Calder Central,2023-08-20,2023-09-18,Standard,,W233,2026-01-14
CC-2025-16288,Calder Central,2025-05-09,2025-06-06,Appeal,Low,W127,2026-01-14
CC-2023-14579,Calder Central,2023-09-21,2023-11-24,Complex,,W217,2026-01-14
CC-2024-90643,Calder Central,2024-04-30,2024-05-13,Expedited,Medium,W132,2026-01-14
CC-2023-11489,Calder Central,2023-07-14,2023-09-05,Complex,,W127,2026-01-14
CC-2025-18394,Weybridge,2025-08-10,2025-11-12,Standard,Medium,W229,2026-01-14
CC-2024-18542,Northgate,2024-11-30,2024-12-23,Standard,Low,W109,2026-01-14
CC-2023-20155,Weybridge,2023-11-08,2023-12-03,Standard,,W248,2026-01-14
CC-2023-21512,Weybridge,2023-12-01,2024-01-31,Appeal,,W217,2026-01-14
CC-2025-17347,Calder Central,2025-12-07,,Appeal,High,W152,2026-01-14
CC-2024-12415,Weybridge,2024-11-30,2025-05-05,Review,Low,W215,2026-01-14
CC-2024-90763,Weybridge,2024-09-29,2024-11-12,Standard,High,W182,2026-01-14
CC-2025-16085,Calder Central,2025-09-22,,Complex,High,W213,2026-01-14
CC-2025-20648,Calder Central,2025-07-27,2025-08-09,Expedited,Medium,W113,2026-01-14
CC-2025-14531,Calder Central,2025-08-03,2025-08-16,Standard,Medium,W218,2026-01-14
CC-2024-90460,Northgate,2024-10-01,2024-11-03,Appeal,Medium,W113,2026-01-14
CC-2023-18835,Weybridge,2023-11-15,2024-01-08,Standard,,W194,2026-01-14
CC-2024-23379,Northgate,2024-02-07,2024-06-08,Complex,,W175,2026-01-14
CC-2025-15303,Calder Central,2025-07-20,2025-08-07,Expedited,Low,W118,2026-01-14
CC-2025-12820,Weybridge,2025-05-02,2025-06-23,Complex,Low,W181,2026-01-14
CC-2024-14683,Calder Central,2024-11-23,2025-01-18,Appeal,Low,W182,2026-01-14
CC-2025-16792,Calder Central,2025-08-05,2025-08-17,Expedited,Low,W217,2026-01-14
CC-2025-15476,Calder Central,2025-07-06,2025-07-23,Standard,High,W216,2026-01-14
CC-2024-15085,Weybridge,2024-06-04,2024-07-15,Standard,Medium,W140,2026-01-14
CC-2025-23778,Calder Central,2025-01-16,2025-02-04,Review,Low,W143,2026-01-14
CC-2024-19216,Northgate,2024-05-16,2024-05-28,Standard,Low,W203,2026-01-14
CC-2025-20865,Northgate,2025-12-18,,Standard,Low,W164,2026-01-14
CC-2023-12717,Northgate,2023-12-06,2024-01-02,Standard,,W259,2026-01-14
CC-2024-18662,Calder Central,2024-05-22,2024-07-17,Complex,High,W216,2026-01-14
CC-2023-24046,Calder Central,2023-08-11,2023-11-20,Expedited,,W129,2026-01-14
CC-2024-12878,Northgate,2024-11-15,2024-12-27,Appeal,Low,W188,2026-01-14
CC-2023-13271,Weybridge,2023-12-15,2024-01-22,Review,,W232,2026-01-14
CC-2024-10401,Calder Central,2024-09-26,2024-10-20,Standard,Low,W229,2026-01-14
CC-2023-15423,Weybridge,2023-09-04,2023-09-23,Standard,,W241,2026-01-14
CC-2025-20417,Weybridge,2025-12-18,,Complex,Low,W116,2026-01-14
CC-2024-12821,Calder Central,2024-01-14,2024-02-10,Standard,,W193,2026-01-14
CC-2024-19845,Northgate,2024-03-29,2024-04-25,Review,Low,W219,2026-01-14
CC-2025-90025,Weybridge,2025-10-21,2025-11-14,Expedited,High,W110,2026-01-14
CC-2024-12631,Calder Central,2024-07-29,2024-10-03,Complex,High,W150,2026-01-14
CC-2025-12382,Weybridge,2025-03-05,2025-04-22,Complex,Low,W241,2026-01-14
CC-2025-90675,Weybridge,2025-05-18,2025-07-13,Standard,Low,W254,2026-01-14
CC-2024-11953,Calder Central,2024-07-08,2024-08-06,Appeal,High,W234,2026-01-14
CC-2024-12248,Northgate,2024-03-23,2024-04-06,Standard,Medium,W122,2026-01-14
CC-2023-11482,Weybridge,2023-08-05,2023-08-28,Expedited,,W208,2026-01-14
CC-2023-12611,Northgate,2023-09-26,2023-10-19,Standard,,W188,2026-01-14
CC-2024-90455,Calder Central,2024-07-02,2024-07-25,Expedited,Low,W223,2026-01-14
CC-2025-90444,Northgate,2025-02-01,2025-04-08,Review,Low,W255,2026-01-14
CC-2024-21812,Calder Central,2024-08-01,2024-08-30,Standard,Low,W164,2026-01-14
CC-2025-12662,Northgate,2025-09-22,2025-11-15,Appeal,High,W181,2026-01-14
CC-2024-11693,Calder Central,2024-04-23,2024-05-17,Appeal,Low,W165,2026-01-14
CC-2025-90283,Weybridge,2025-01-20,2025-03-29,Standard,Low,W214,2026-01-14
CC-2024-19003,Calder Central,2024-10-26,2024-11-17,Standard,Low,W255,2026-01-14
CC-2024-90367,Northgate,2024-08-24,2024-09-02,Standard,Medium,W150,2026-01-14
CC-2025-21787,Calder Central,2025-07-30,2025-10-12,Complex,Low,W208,2026-01-14
CC-2024-12483,Calder Central,2024-01-13,2024-01-26,Review,,W130,2026-01-14
CC-2023-22074,Calder Central,2023-11-24,2023-12-25,Standard,,W169,2026-01-14
CC-2024-90360,Calder Central,2024-02-29,2024-03-27,Standard,,W111,2026-01-14
CC-2023-15730,Calder Central,2023-09-16,2023-10-23,Standard,,W142,2026-01-14
CC-2024-11516,Northgate,2024-02-21,2024-03-25,Standard,,W139,2026-01-14
CC-2024-12439,Weybridge,2024-01-25,2024-02-05,Expedited,,W133,2026-01-14
CC-2025-90568,Northgate,2025-04-02,2025-05-02,Review,Medium,W240,2026-01-14
CC-2023-21288,Northgate,2023-08-22,2023-09-10,Standard,,W154,2026-01-14
CC-2024-13663,Calder Central,2024-05-17,2024-06-24,Standard,Medium,W205,2026-01-14
CC-2025-17153,Northgate,2025-01-31,2025-03-02,Review,High,W205,2026-01-14
CC-2024-17331,Calder Central,2024-03-19,2024-05-01,Complex,Low,W224,2026-01-14
CC-2023-22784,Weybridge,2023-07-09,2023-08-27,Standard,,W173,2026-01-14
CC-2024-18762,Weybridge,2024-06-18,2024-08-05,Standard,Medium,W220,2026-01-14
CC-2025-13401,Weybridge,2025-11-16,2025-12-10,Expedited,Low,W221,2026-01-14
CC-2023-17535,Weybridge,2023-12-18,2024-05-08,Complex,,W158,2026-01-14
CC-2023-21109,Calder Central,2023-12-22,2024-03-23,Complex,,W253,2026-01-14
CC-2024-17178,Calder Central,2024-01-08,2024-01-19,Standard,,W198,2026-01-14
CC-2025-14426,Calder Central,2025-06-21,2025-08-23,Review,Low,W121,2026-01-14
CC-2025-20580,Weybridge,2025-04-24,2025-05-31,Expedited,Low,W204,2026-01-14
CC-2025-90020,Weybridge,2025-10-20,2025-12-27,Standard,Medium,W163,2026-01-14
CC-2024-13262,Northgate,2024-04-08,2024-04-22,Standard,Medium,W108,2026-01-14
CC-2024-90196,Weybridge,2024-03-01,2024-03-18,Expedited,High,W183,2026-01-14
CC-2025-16693,Calder Central,2025-03-28,2025-04-17,Standard,Medium,W203,2026-01-14
CC-2023-12632,Northgate,2023-07-18,2023-08-13,Review,,W165,2026-01-14
CC-2024-12426,Northgate,2024-03-17,,Review,High,W259,2026-01-14
CC-2025-90528,Calder Central,2025-05-18,2025-07-03,Standard,Medium,W151,2026-01-14
CC-2024-14251,Calder Central,2024-05-17,2024-06-21,Standard,Medium,W168,2026-01-14
CC-2025-13692,Weybridge,2025-04-05,2025-08-09,Standard,Low,W196,2026-01-14
CC-2024-23042,Weybridge,2024-09-14,2024-10-28,Complex,Low,W180,2026-01-14
CC-2024-13780,Calder Central,2024-10-09,2024-11-25,Complex,Low,W115,2026-01-14
CC-2023-21978,Northgate,2023-11-11,2023-12-07,Standard,,W197,2026-01-14
CC-2025-24016,Weybridge,2025-04-27,2025-12-27,Complex,Medium,W192,2026-01-14
CC-2024-12440,Calder Central,2024-04-07,2024-05-17,Standard,Low,W173,2026-01-14
CC-2024-20982,Northgate,2024-02-17,2024-02-25,Expedited,,W260,2026-01-14
CC-2024-90021,Calder Central,2024-07-14,2024-08-09,Standard,Low,W197,2026-01-14
CC-2024-22759,Weybridge,2024-02-11,2024-03-14,Standard,,W224,2026-01-14
CC-2024-22543,Northgate,2024-02-18,2024-03-23,Appeal,,W162,2026-01-14
CC-2025-90574,Northgate,2025-07-17,2025-08-10,Standard,Medium,W222,2026-01-14
CC-2025-13047,Northgate,2025-02-11,,Standard,Medium,W140,2026-01-14
CC-2025-13601,Calder Central,2025-03-31,2025-06-07,Complex,Low,W142,2026-01-14
CC-2024-20805,Weybridge,2024-07-27,2024-10-31,Complex,Medium,W229,2026-01-14
CC-2024-90677,Northgate,2024-04-21,2024-05-18,Standard,Low,W219,2026-01-14
CC-2023-14550,Weybridge,2023-07-27,2023-09-12,Standard,,W168,2026-01-14
CC-2025-17962,Northgate,2025-06-01,2025-07-25,Standard,High,W209,2026-01-14
CC-2024-23948,Calder Central,2024-05-05,2024-05-16,Expedited,Medium,W112,2026-01-14
CC-2024-17075,Weybridge,2024-04-28,2024-05-15,Standard,Low,W214,2026-01-14
CC-2025-19319,Weybridge,2025-06-05,2025-07-02,Standard,Low,W128,2026-01-14
CC-2025-90305,Northgate,2025-10-08,2025-11-19,Complex,Low,W141,2026-01-14
CC-2024-90552,Calder Central,2024-07-24,2024-08-18,Standard,Low,W246,2026-01-14
CC-2024-24084,Weybridge,2024-04-06,2024-04-23,Standard,Low,W129,2026-01-14
CC-2025-22717,Calder Central,2025-05-23,2025-07-18,Complex,High,W149,2026-01-14
CC-2025-22346,Northgate,2025-08-29,2025-09-15,Standard,Low,W213,2026-01-14
CC-2025-90282,Northgate,2025-04-24,2025-05-15,Standard,Medium,W258,2026-01-14
CC-2025-19500,Calder Central,2025-12-09,,Standard,Medium,W100,2026-01-14
CC-2025-12560,Northgate,2025-06-19,2025-08-17,Review,Low,W189,2026-01-14
CC-2023-11890,Calder Central,2023-09-27,2023-10-13,Review,,W122,2026-01-14
CC-2024-21009,Weybridge,2024-10-03,2025-05-29,Complex,Medium,W144,2026-01-14
CC-2024-19000,Weybridge,2024-01-13,2024-02-07,Standard,,W154,2026-01-14
CC-2024-90551,Calder Central,2024-07-11,2024-08-30,Complex,Low,W233,2026-01-14
CC-2025-22187,Calder Central,2025-05-18,2025-06-17,Complex,Low,W258,2026-01-14
CC-2023-17316,Calder Central,2023-07-01,2023-07-27,Appeal,,W257,2026-01-14
CC-2024-12123,Calder Central,2024-11-17,2024-12-04,Standard,Low,W170,2026-01-14
CC-2025-14704,Calder Central,2025-02-22,2025-03-13,Expedited,Low,W223,2026-01-14
CC-2025-90405,Northgate,2025-07-15,2025-09-12,Complex,Low,W156,2026-01-14
CC-2025-11939,Weybridge,2025-04-18,2025-08-18,Complex,Low,W247,2026-01-14
CC-2023-16348,Calder Central,2023-08-01,2023-09-01,Standard,,W208,2026-01-14
CC-2025-12298,Weybridge,2025-03-02,2025-04-29,Expedited,High,W207,2026-01-14
CC-2025-90326,Northgate,2025-06-16,2025-07-22,Standard,Medium,W113,2026-01-14
CC-2023-18242,Northgate,2023-12-04,,Standard,,W249,2026-01-14
CC-2025-90029,Calder Central,2025-09-19,2025-11-03,Standard,Medium,W136,2026-01-14
CC-2025-90495,Calder Central,2025-12-30,,Standard,Medium,W181,2026-01-14
CC-2023-11844,Northgate,2023-11-10,2023-12-18,Standard,,W120,2026-01-14
CC-2024-13820,Northgate,2024-03-31,2024-06-23,Appeal,Medium,W210,2026-01-14
CC-2025-12234,Weybridge,2025-01-16,2025-03-08,Standard,Low,W159,2026-01-14
CC-2024-10419,Northgate,2024-10-15,2024-11-07,Review,Medium,W145,2026-01-14
CC-2024-19403,Calder Central,2024-01-04,2024-02-04,Standard,,W153,2026-01-14
CC-2024-11137,Weybridge,2024-06-23,2024-09-12,Complex,Medium,W232,2026-01-14
CC-2023-21344,Calder Central,2023-10-09,2023-11-17,Standard,,W123,2026-01-14
CC-2025-12379,Calder Central,2025-10-01,2025-11-10,Standard,Medium,W133,2026-01-14
CC-2023-21159,Calder Central,2023-07-31,2022-11-17,Appeal,,W104,2026-01-14
CC-2024-15114,Calder Central,2024-12-28,2025-01-30,Standard,Low,W138,2026-01-14
CC-2023-14106,Calder Central,2023-07-21,2023-09-16,Standard,,W159,2026-01-14
CC-2025-90116,Weybridge,2025-06-19,2025-12-22,Complex,High,W134,2026-01-14
CC-2025-90517,Calder Central,2025-03-10,2025-04-01,Standard,Medium,W172,2026-01-14
CC-2025-12792,Calder Central,2025-02-13,2025-04-07,Complex,Low,W137,2026-01-14
CC-2025-19675,Weybridge,2025-02-02,2025-03-01,Standard,High,W217,2026-01-14
CC-2023-16598,Calder Central,2023-11-10,2023-12-21,Standard,,W123,2026-01-14
CC-2024-11670,Northgate,2024-02-13,2024-02-28,Standard,,W127,2026-01-14
CC-2025-19181,Calder Central,2025-03-24,2025-06-08,Complex,Low,W172,2026-01-14
CC-2024-11752,Weybridge,2024-06-15,2024-07-12,Standard,Medium,W258,2026-01-14
CC-2024-90339,Weybridge,2024-04-29,2024-06-22,Standard,Medium,W134,2026-01-14
CC-2025-10950,Calder Central,2025-05-11,2025-05-29,Expedited,High,W149,2026-01-14
CC-2025-90309,Calder Central,2025-05-24,2025-08-26,Complex,Medium,W173,2026-01-14
CC-2025-17830,Calder Central,2025-04-19,2025-07-07,Complex,Medium,W209,2026-01-14
CC-2024-18141,Weybridge,2024-03-05,2024-04-11,Appeal,Low,W111,2026-01-14
CC-2024-19279,Calder Central,2024-06-26,2024-05-05,Complex,Medium,W132,2026-01-14
CC-2024-12766,Northgate,2024-03-27,2024-05-11,Standard,Medium,W135,2026-01-14
CC-2025-19945,Calder Central,2025-04-17,2025-05-12,Standard,Low,W232,2026-01-14
CC-2024-90632,Calder Central,2024-06-13,2024-07-10,Standard,Low,W215,2026-01-14
CC-2024-15697,Calder Central,2024-03-28,2024-05-06,Complex,Low,W203,2026-01-14
CC-2025-21299,Calder Central,2025-06-12,2025-07-03,Standard,Low,W158,2026-01-14
CC-2023-19743,Calder Central,2023-09-16,2023-10-19,Standard,,W240,2026-01-14
CC-2025-17188,Calder Central,2025-09-25,2025-11-08,Appeal,Medium,W258,2026-01-14
CC-2025-14399,Weybridge,2025-10-28,2025-12-08,Standard,Low,W199,2026-01-14
CC-2025-10481,Weybridge,2025-05-02,2025-06-05,Expedited,Medium,W184,2026-01-14
CC-2025-90467,Calder Central,2025-01-21,2025-02-15,Expedited,High,W183,2026-01-14
CC-2024-16238,Calder Central,2024-03-23,2024-05-10,Standard,Low,W197,2026-01-14
CC-2023-13583,Northgate,2023-07-30,2023-09-19,Standard,,W112,2026-01-14
CC-2023-13863,Weybridge,2023-12-05,2023-12-28,Standard,,W130,2026-01-14
CC-2025-12311,Calder Central,2025-08-10,2025-10-29,Appeal,Low,W100,2026-01-14
CC-2023-17636,Northgate,2023-08-09,2023-08-30,Standard,,W145,2026-01-14
CC-2024-16736,Weybridge,2024-06-12,2024-07-05,Standard,High,W125,2026-01-14
CC-2025-21988,Weybridge,2025-01-14,2025-02-11,Expedited,Low,W130,2026-01-14
CC-2024-90154,Northgate,2024-10-24,2024-11-08,Standard,Low,W204,2026-01-14
CC-2025-17809,Weybridge,2025-06-24,2025-10-16,Review,Low,W112,2026-01-14
CC-2024-19618,Calder Central,2024-07-13,2024-07-24,Standard,Low,W254,2026-01-14
CC-2023-18908,Calder Central,2023-09-24,2023-10-02,Expedited,,W146,2026-01-14
CC-2025-18870,Calder Central,2025-04-26,2025-08-08,Appeal,High,W203,2026-01-14
CC-2024-21152,Northgate,2024-06-03,2024-07-05,Standard,Low,W136,2026-01-14
CC-2024-14021,Calder Central,2024-07-20,2024-08-17,Standard,Medium,W223,2026-01-14
CC-2023-12557,Northgate,2023-11-19,2023-12-15,Standard,,W115,2026-01-14
CC-2023-12350,Weybridge,2023-10-04,2023-10-29,Standard,,W251,2026-01-14
CC-2024-90247,Weybridge,2024-06-16,2024-07-13,Standard,Low,W101,2026-01-14
CC-2024-18761,Northgate,2024-05-25,2024-06-17,Standard,Medium,W124,2026-01-14
CC-2024-10678,Weybridge,2024-02-07,2024-02-23,Expedited,,W247,2026-01-14
CC-2024-90253,Calder Central,2024-11-28,2024-12-31,Standard,Low,W156,2026-01-14
CC-2023-13680,Northgate,2023-08-23,2023-09-19,Standard,,W187,2026-01-14
CC-2024-17621,Northgate,2024-10-18,2025-01-03,Appeal,High,W142,2026-01-14
CC-2024-14635,Northgate,2024-01-09,2024-02-18,Complex,,W190,2026-01-14
CC-2023-23949,Weybridge,2023-10-10,2023-11-03,Standard,,W149,2026-01-14
CC-2025-11631,Weybridge,2025-08-08,2025-08-18,Expedited,Low,W241,2026-01-14
CC-2024-90073,Calder Central,2024-04-29,2024-05-24,Standard,Medium,W243,2026-01-14
CC-2025-90237,Weybridge,2025-02-02,2025-06-21,Review,Low,W200,2026-01-14
CC-2025-90033,Northgate,2025-06-11,2025-07-24,Complex,Medium,W182,2026-01-14
CC-2025-13980,Northgate,2025-10-08,2025-11-08,Standard,High,W258,2026-01-14
CC-2025-17173,Northgate,2025-12-11,,Standard,High,W154,2026-01-14
CC-2023-16353,Weybridge,2023-07-15,2023-09-15,Review,,W248,2026-01-14
CC-2024-11480,Northgate,2024-03-28,2024-04-08,Expedited,Medium,W149,2026-01-14
CC-2025-17800,Weybridge,2025-06-02,2025-07-09,Standard,Low,W199,2026-01-14
CC-2025-12680,Northgate,2025-05-29,2025-09-12,Standard,Medium,W116,2026-01-14
CC-2023-12624,Calder Central,2023-12-21,2024-01-23,Standard,,W128,2026-01-14
CC-2024-18651,Calder Central,2024-12-27,2025-02-06,Standard,Medium,W207,2026-01-14
CC-2023-10959,Northgate,2023-07-14,2023-07-25,Expedited,,W107,2026-01-14
CC-2024-14185,Calder Central,2024-06-05,2024-07-03,Standard,High,W171,2026-01-14
CC-2025-13070,Calder Central,2025-10-04,2025-11-10,Complex,Medium,W118,2026-01-14
CC-2024-90617,Weybridge,2024-11-21,2025-06-19,Appeal,Low,W146,2026-01-14
CC-2023-11146,Northgate,2023-10-24,2023-11-21,Standard,,W231,2026-01-14
CC-2025-14899,Weybridge,2025-09-11,2025-10-16,Standard,High,W178,2026-01-14
CC-2025-90651,Weybridge,2025-05-15,2025-07-30,Review,Low,W242,2026-01-14
CC-2025-23544,Northgate,2025-07-06,2025-07-26,Review,Low,W186,2026-01-14
CC-2023-24064,Northgate,2023-12-03,2024-01-08,Complex,,W259,2026-01-14
CC-2025-11834,Calder Central,2025-01-06,2024-01-06,Standard,High,W106,2026-01-14
CC-2023-22482,Calder Central,2023-11-28,2024-01-08,Standard,,W221,2026-01-14
CC-2023-11043,Northgate,2023-10-14,2023-11-21,Standard,,W102,2026-01-14
CC-2025-11689,Northgate,2025-10-17,,Complex,Low,W187,2026-01-14
CC-2024-90375,Weybridge,2024-01-21,2024-02-09,Standard,,W108,2026-01-14
CC-2025-11881,Calder Central,2025-06-06,2025-10-19,Standard,Low,W230,2026-01-14
CC-2024-14833,Northgate,2024-08-25,2024-10-04,Standard,Medium,W216,2026-01-14
CC-2025-90124,Calder Central,2025-09-18,2025-10-03,Expedited,Low,W153,2026-01-14
CC-2025-13397,Northgate,2025-11-27,,Complex,Medium,W137,2026-01-14
CC-2023-24181,Northgate,2023-11-29,2024-01-03,Standard,,W111,2026-01-14
CC-2023-22768,Northgate,2023-10-18,,Appeal,,W187,2026-01-14
CC-2025-10525,Northgate,2025-01-26,2025-02-21,Review,Low,W124,2026-01-14
CC-2025-17257,Calder Central,2025-07-28,2025-08-30,Complex,Low,W157,2026-01-14
CC-2024-22938,Weybridge,2024-08-01,2025-02-24,Complex,Low,W185,2026-01-14
CC-2023-21388,Northgate,2023-08-18,2023-09-09,Review,,W189,2026-01-14
CC-2024-18209,Calder Central,2024-01-03,2024-01-17,Standard,,W196,2026-01-14
CC-2024-90130,Weybridge,2024-03-19,2024-05-19,Complex,Low,W193,2026-01-14
CC-2023-12141,Calder Central,2023-09-29,2023-10-08,Expedited,,W140,2026-01-14
CC-2023-14830,Northgate,2023-10-12,2023-11-11,Review,,W237,2026-01-14
CC-2024-20219,Northgate,2024-05-30,2024-06-21,Standard,Low,W195,2026-01-14
CC-2025-22907,Calder Central,2025-10-09,2025-11-03,Standard,Low,W128,2026-01-14
CC-2023-21464,Calder Central,2023-11-05,2023-11-20,Standard,,W231,2026-01-14
CC-2025-12781,Weybridge,2025-02-04,2025-03-25,Standard,High,W189,2026-01-14
CC-2024-90138,Northgate,2024-05-30,2024-07-11,Complex,Low,W206,2026-01-14
CC-2025-23303,Calder Central,2025-11-16,2025-11-23,Expedited,Low,W208,2026-01-14
CC-2025-19116,Calder Central,2025-06-03,2025-06-18,Expedited,Low,W226,2026-01-14
CC-2025-21270,Weybridge,2025-01-09,2025-01-20,Expedited,High,W102,2026-01-14
CC-2025-11367,Weybridge,2025-02-19,2025-03-19,Expedited,Medium,W178,2026-01-14
CC-2024-90429,Weybridge,2024-05-31,2024-07-02,Standard,High,W174,2026-01-14
CC-2023-14735,Northgate,2023-08-26,2023-10-12,Standard,,W201,2026-01-14
CC-2025-20490,Weybridge,2025-07-20,2025-08-17,Standard,Low,W224,2026-01-14
CC-2025-23206,Calder Central,2025-07-13,2025-09-21,Complex,High,W216,2026-01-14
CC-2023-10581,Calder Central,2023-12-16,2024-05-04,Complex,,W109,2026-01-14
CC-2023-17165,Weybridge,2023-10-27,2023-11-21,Standard,,W156,2026-01-14
CC-2025-90437,Weybridge,2025-07-18,2025-09-30,Review,Medium,W207,2026-01-14
CC-2024-18573,Calder Central,2024-02-13,2024-06-08,Complex,,W189,2026-01-14
CC-2023-12840,Northgate,2023-12-12,2022-12-11,Standard,,W236,2026-01-14
CC-2025-15271,Calder Central,2025-05-17,2025-07-02,Complex,Low,W106,2026-01-14
CC-2025-12920,Northgate,2025-07-18,2025-08-16,Standard,Low,W244,2026-01-14
CC-2024-22258,Calder Central,2024-03-08,2024-04-09,Standard,High,W196,2026-01-14
CC-2024-90043,Northgate,2024-11-27,2025-01-27,Complex,Medium,W168,2026-01-14
CC-2024-21005,Calder Central,2024-08-27,2024-09-15,Standard,Low,W131,2026-01-14
CC-2025-13857,Northgate,2025-06-24,2025-07-01,Standard,Low,W162,2026-01-14
CC-2024-90172,Northgate,2024-05-09,2024-07-01,Complex,Medium,W236,2026-01-14
CC-2024-21158,Northgate,2024-09-26,2024-10-27,Standard,Low,W116,2026-01-14
CC-2024-16299,Northgate,2024-05-09,2024-05-26,Standard,Low,W121,2026-01-14
CC-2024-15900,Weybridge,2024-07-18,2024-08-02,Standard,Low,W158,2026-01-14
CC-2025-90002,Weybridge,2025-10-20,,Complex,Low,W122,2026-01-14
CC-2023-17279,Calder Central,2023-09-25,2023-11-11,Appeal,,W161,2026-01-14
CC-2024-12516,Calder Central,2024-01-16,2024-02-24,Standard,,W133,2026-01-14
CC-2025-21012,Northgate,2025-05-10,2025-06-04,Review,Low,W170,2026-01-14
CC-2024-90493,Northgate,2024-06-04,2024-07-05,Appeal,Low,W208,2026-01-14
CC-2025-90584,Calder Central,2025-10-02,2025-11-10,Complex,Low,W139,2026-01-14
CC-2024-22275,Northgate,2024-12-26,2025-01-24,Standard,Low,W219,2026-01-14
CC-2023-12794,Northgate,2023-07-21,2023-11-02,Standard,,W173,2026-01-14
CC-2024-90178,Weybridge,2024-09-05,2024-10-09,Standard,Medium,W244,2026-01-14
CC-2024-11769,Northgate,2024-04-20,2024-04-30,Appeal,High,W185,2026-01-14
CC-2024-90060,Calder Central,2024-09-21,2024-11-21,Review,Medium,W251,2026-01-14
CC-2024-10616,Calder Central,2024-05-08,2024-06-12,Review,Medium,W101,2026-01-14
CC-2024-18020,Northgate,2024-10-21,2024-11-04,Expedited,Low,W149,2026-01-14
CC-2024-20322,Weybridge,2024-02-04,2024-06-20,Complex,,W181,2026-01-14
CC-2025-13582,Calder Central,2025-08-05,2025-09-04,Standard,Low,W100,2026-01-14
CC-2024-16938,Weybridge,2024-04-20,2024-05-09,Review,Low,W115,2026-01-14
CC-2024-21774,Northgate,2024-10-25,2024-12-08,Review,Low,W115,2026-01-14
CC-2025-90274,Calder Central,2025-12-08,,Standard,Low,W113,2026-01-14
CC-2025-13906,Calder Central,2025-12-01,,Complex,High,W102,2026-01-14
CC-2025-17355,Weybridge,2025-12-23,,Review,Medium,W101,2026-01-14
CC-2025-10956,Northgate,2025-09-21,2025-10-06,Standard,Medium,W101,2026-01-14
CC-2025-90639,Northgate,2025-12-11,,Complex,Low,W111,2026-01-14
CC-2024-20392,Northgate,2024-07-13,2024-07-29,Standard,Medium,W161,2026-01-14
CC-2025-15335,Calder Central,2025-08-30,2025-12-01,Complex,Low,W170,2026-01-14
CC-2025-20843,Weybridge,2025-08-30,2025-10-07,Complex,Low,W234,2026-01-14
CC-2025-23608,Weybridge,2025-09-21,2025-10-02,Expedited,Low,W149,2026-01-14
CC-2025-11913,Weybridge,2025-08-30,2025-11-10,Review,Medium,W128,2026-01-14
CC-2023-22377,Northgate,2023-12-09,2023-12-30,Expedited,,W166,2026-01-14
CC-2024-11009,Weybridge,2024-04-24,2024-06-15,Complex,Medium,W111,2026-01-14
CC-2024-11344,Calder Central,2024-01-06,2024-02-05,Standard,,W232,2026-01-14
CC-2025-12179,Weybridge,2025-11-19,,Complex,Medium,W161,2026-01-14
CC-2024-23830,Calder Central,2024-01-18,2024-02-06,Appeal,,W121,2026-01-14
CC-2025-17766,Calder Central,2025-10-20,,Appeal,Medium,W253,2026-01-14
CC-2023-17967,Calder Central,2023-08-23,,Standard,,W101,2026-01-14
CC-2024-90242,Northgate,2024-07-26,2024-08-09,Expedited,Low,W187,2026-01-14
CC-2024-18555,Northgate,2024-07-09,2024-07-28,Standard,Medium,W141,2026-01-14
CC-2023-11784,Weybridge,2023-09-12,2023-10-18,Standard,,W162,2026-01-14
CC-2025-17690,Calder Central,2025-01-05,2025-02-21,Standard,Low,W164,2026-01-14
CC-2024-21075,Weybridge,2024-10-10,2024-11-10,Standard,High,W253,2026-01-14
CC-2024-18530,Northgate,2024-12-06,2025-01-05,Appeal,High,W204,2026-01-14
CC-2024-12858,Northgate,2024-01-02,2024-01-26,Standard,,W185,2026-01-14
CC-2024-12117,Northgate,2024-12-18,2025-01-19,Review,High,W219,2026-01-14
CC-2025-90766,Calder Central,2025-09-11,2025-10-17,Complex,Low,W190,2026-01-14
CC-2023-14176,Northgate,2023-10-11,2023-11-04,Review,,W141,2026-01-14
CC-2025-90090,Northgate,2025-09-24,2025-11-05,Standard,Low,W150,2026-01-14
CC-2025-16717,Northgate,2025-05-06,2025-07-11,Complex,Medium,W212,2026-01-14
CC-2025-90487,Northgate,2025-07-01,2025-07-21,Standard,Low,W177,2026-01-14
CC-2025-17782,Northgate,2025-06-27,2025-08-27,Complex,Medium,W138,2026-01-14
CC-2024-10034,Calder Central,2024-10-20,2024-12-13,Standard,Medium,W138,2026-01-14
CC-2025-18697,Calder Central,2025-12-11,2025-12-20,Expedited,Medium,W105,2026-01-14
CC-2025-23921,Northgate,2025-06-29,2025-09-14,Complex,Medium,W210,2026-01-14
CC-2024-12518,Northgate,2024-02-03,2024-02-25,Standard,,W182,2026-01-14
CC-2025-90735,Northgate,2025-11-05,2025-12-18,Standard,High,W257,2026-01-14
CC-2025-90695,Northgate,2025-05-25,2025-06-18,Standard,High,W258,2026-01-14
CC-2025-18990,Calder Central,2025-09-04,2025-12-15,Complex,Low,W143,2026-01-14
CC-2025-10103,Northgate,2025-09-02,2024-08-04,Complex,High,W154,2026-01-14
CC-2025-15179,Weybridge,2025-03-15,2025-04-20,Complex,High,W224,2026-01-14
CC-2024-21408,Calder Central,2024-11-25,2025-01-11,Complex,Low,W216,2026-01-14
CC-2023-17577,Weybridge,2023-10-21,2023-11-15,Standard,,W167,2026-01-14
CC-2024-90683,Northgate,2024-08-12,2024-11-28,Appeal,Medium,W207,2026-01-14
CC-2025-19576,Northgate,2025-08-11,2025-08-24,Standard,High,W137,2026-01-14
CC-2025-12465,Weybridge,2025-04-12,2025-06-11,Complex,Medium,W105,2026-01-14
CC-2023-14679,Calder Central,2023-08-18,2023-12-22,Complex,,W116,2026-01-14
CC-2024-90680,Northgate,2024-05-11,2024-05-24,Expedited,Medium,W193,2026-01-14
CC-2024-90612,Northgate,2024-06-05,2024-06-17,Standard,Medium,W222,2026-01-14
CC-2024-23297,Calder Central,2024-07-19,2024-08-16,Standard,Medium,W106,2026-01-14
CC-2025-23580,Weybridge,2025-12-23,,Complex,Medium,W212,2026-01-14
CC-2025-13480,Calder Central,2025-05-23,2025-06-08,Expedited,Low,W168,2026-01-14
CC-2024-90532,Calder Central,2024-06-04,2024-10-02,Complex,Medium,W247,2026-01-14
CC-2024-90742,Calder Central,2024-04-24,2024-08-26,Complex,Medium,W228,2026-01-14
CC-2025-20314,Northgate,2025-04-22,2025-07-11,Appeal,Medium,W202,2026-01-14
CC-2024-18409,Calder Central,2024-06-27,2024-09-03,Standard,Medium,W198,2026-01-14
CC-2024-20173,Weybridge,2024-05-17,2024-06-09,Review,Low,W130,2026-01-14
CC-2025-10820,Weybridge,2025-05-30,2025-06-11,Expedited,Medium,W137,2026-01-14
CC-2025-90202,Calder Central,2025-02-03,2025-03-06,Standard,Medium,W150,2026-01-14
CC-2024-90669,Calder Central,2024-03-04,2024-04-02,Standard,Low,W252,2026-01-14
CC-2025-20203,Weybridge,2025-12-13,,Standard,Medium,W241,2026-01-14
CC-2025-20935,Weybridge,2025-03-21,2025-09-24,Complex,Medium,W105,2026-01-14
CC-2023-13212,Weybridge,2023-08-21,2023-09-25,Appeal,,W126,2026-01-14
CC-2023-17292,Northgate,2023-07-31,2023-08-19,Standard,,W132,2026-01-14
CC-2025-90153,Northgate,2025-10-23,2025-11-06,Standard,Medium,W167,2026-01-14
CC-2025-90173,Northgate,2025-11-04,2025-11-28,Standard,Medium,W150,2026-01-14
CC-2024-13160,Calder Central,2024-03-03,2024-03-24,Expedited,Medium,W145,2026-01-14
CC-2024-12922,Weybridge,2024-03-02,2024-04-21,Complex,Low,W253,2026-01-14
CC-2024-19545,Northgate,2024-01-30,2024-03-09,Review,,W202,2026-01-14
CC-2025-23715,Northgate,2025-07-11,2025-08-05,Standard,Low,W204,2026-01-14
CC-2025-16905,Weybridge,2025-07-17,,Standard,High,W114,2026-01-14
CC-2023-17375,Calder Central,2023-07-07,2023-07-31,Standard,,W103,2026-01-14
CC-2024-16549,Northgate,2024-05-13,2024-08-12,Complex,Medium,W204,2026-01-14
CC-2025-10535,Northgate,2025-04-17,2025-05-19,Review,High,W166,2026-01-14
CC-2024-90649,Weybridge,2024-10-16,2024-11-30,Review,Medium,W173,2026-01-14
CC-2024-16807,Northgate,2024-01-19,,Review,,W237,2026-01-14
CC-2025-19324,Weybridge,2025-02-16,2025-03-19,Standard,Low,W206,2026-01-14
CC-2024-16692,Calder Central,2024-09-25,2025-01-13,Standard,Low,W183,2026-01-14
CC-2024-15558,Northgate,2024-09-16,2024-10-08,Review,Medium,W145,2026-01-14
CC-2025-90288,Northgate,2025-08-10,2025-09-01,Standard,Medium,W243,2026-01-14
CC-2025-12351,Northgate,2025-08-21,2025-09-01,Expedited,Low,W178,2026-01-14
CC-2024-15052,Calder Central,2024-04-25,2024-05-13,Standard,Low,W174,2026-01-14
CC-2025-20832,Weybridge,2025-05-16,2025-09-12,Complex,Medium,W220,2026-01-14
CC-2024-90115,Calder Central,2024-03-04,2024-03-22,Standard,Low,W127,2026-01-14
CC-2025-15897,Calder Central,2025-12-17,,Standard,Low,W202,2026-01-14
CC-2025-15512,Northgate,2025-04-01,2025-05-17,Review,Medium,W159,2026-01-14
CC-2025-90319,Weybridge,2025-04-09,2025-06-24,Review,Medium,W177,2026-01-14
CC-2025-22317,Northgate,2025-08-22,2025-09-17,Standard,Low,W149,2026-01-14
CC-2025-14459,Northgate,2025-06-29,2025-07-31,Complex,Medium,W149,2026-01-14
CC-2025-19883,Weybridge,2025-01-03,2025-02-27,Review,Low,W250,2026-01-14
CC-2024-90303,Northgate,2024-03-11,2024-03-22,Standard,Low,W102,2026-01-14
CC-2023-18951,Calder Central,2023-07-02,2023-08-02,Standard,,W216,2026-01-14
CC-2024-90428,Calder Central,2024-11-27,2024-12-23,Standard,Low,W214,2026-01-14
CC-2025-90483,Weybridge,2025-04-11,2025-07-18,Review,Low,W138,2026-01-14
CC-2025-10048,Calder Central,2025-09-20,2025-09-29,Expedited,High,W209,2026-01-14
CC-2024-90192,Calder Central,2024-10-27,2024-11-21,Standard,Low,W204,2026-01-14
CC-2024-24199,Calder Central,2024-12-22,2025-01-12,Expedited,Low,W161,2026-01-14
CC-2024-21376,Calder Central,2024-11-28,2025-02-04,Standard,Low,W190,2026-01-14
CC-2024-15796,Calder Central,2024-02-28,2024-03-29,Standard,,W184,2026-01-14
CC-2023-12498,Northgate,2023-12-07,2023-12-27,Standard,,W129,2026-01-14
CC-2023-14709,Weybridge,2023-07-07,2023-10-07,Appeal,,W232,2026-01-14
CC-2025-90603,Weybridge,2025-05-02,2025-06-29,Complex,Medium,W191,2026-01-14
CC-2024-13106,Calder Central,2024-09-27,2024-10-09,Standard,Medium,W183,2026-01-14
CC-2025-90302,Weybridge,2025-01-18,2025-04-11,Review,Low,W138,2026-01-14
CC-2024-21351,Weybridge,2024-09-27,2024-10-22,Standard,Medium,W227,2026-01-14
CC-2025-21126,Northgate,2025-07-25,2025-08-23,Standard,High,W147,2026-01-14
CC-2024-11261,Weybridge,2024-11-18,2025-06-14,Review,Medium,W248,2026-01-14
CC-2024-90624,Calder Central,2024-05-20,2024-06-13,Review,Medium,W208,2026-01-14
CC-2024-16180,Weybridge,2024-12-30,2025-04-29,Complex,Low,W158,2026-01-14
CC-2023-23893,Calder Central,2023-08-22,2023-09-14,Standard,,W212,2026-01-14
CC-2025-17525,Calder Central,2025-06-08,2025-08-25,Complex,Low,W219,2026-01-14
CC-2025-90409,Weybridge,2025-09-29,2025-12-10,Standard,Medium,W141,2026-01-14
CC-2025-10891,Calder Central,2025-04-14,2025-06-02,Complex,Low,W185,2026-01-14
CC-2024-90762,Weybridge,2024-03-11,2024-03-24,Expedited,Medium,W214,2026-01-14
CC-2025-90301,Calder Central,2025-08-09,2025-09-28,Complex,Medium,W231,2026-01-14
CC-2024-11005,Weybridge,2024-04-18,2024-01-03,Standard,Medium,W183,2026-01-14
CC-2025-14791,Weybridge,2025-03-31,2025-07-28,Complex,Low,W246,2026-01-14
CC-2025-90325,Calder Central,2025-01-28,2025-05-25,Complex,Low,W196,2026-01-14
CC-2023-21647,Weybridge,2023-11-07,2024-01-03,Standard,,W141,2026-01-14
CC-2024-10857,Calder Central,2024-06-25,2024-08-08,Appeal,Low,W130,2026-01-14
CC-2023-19345,Calder Central,2023-10-27,2023-12-09,Standard,,W156,2026-01-14
CC-2025-12546,Northgate,2025-09-21,2025-11-20,Appeal,Low,W131,2026-01-14
CC-2024-22894,Northgate,2024-06-01,2024-07-29,Review,Medium,W188,2026-01-14
CC-2023-14825,Calder Central,2023-10-28,2023-11-16,Standard,,W172,2026-01-14
CC-2024-20901,Northgate,2024-09-13,2025-02-04,Complex,Low,W203,2026-01-14
CC-2024-17008,Calder Central,2024-01-07,2024-02-11,Standard,,W252,2026-01-14
CC-2024-16150,Calder Central,2024-01-04,2024-02-05,Standard,,W165,2026-01-14
CC-2025-19124,Weybridge,2025-05-16,2025-10-04,Appeal,Medium,W246,2026-01-14
CC-2025-14936,Northgate,2025-08-22,2025-12-26,Standard,Low,W122,2026-01-14
CC-2025-14835,Northgate,2025-12-12,,Standard,Low,W132,2026-01-14
CC-2024-18716,Northgate,2024-04-10,2024-07-27,Complex,Low,W136,2026-01-14
CC-2025-14685,Weybridge,2025-09-18,2025-10-25,Standard,Medium,W153,2026-01-14
CC-2024-90538,Calder Central,2024-02-13,2024-03-27,Appeal,,W250,2026-01-14
CC-2025-11868,Calder Central,2025-12-19,,Expedited,Low,W231,2026-01-14
CC-2024-90738,Weybridge,2024-06-22,2024-08-03,Standard,High,W252,2026-01-14
CC-2025-21289,Calder Central,2025-03-11,2025-04-28,Standard,Low,W195,2026-01-14
CC-2024-17753,Calder Central,2024-08-17,2024-09-11,Standard,Low,W112,2026-01-14
CC-2025-18112,Weybridge,2025-08-19,2025-12-01,Standard,Medium,W122,2026-01-14
CC-2025-90471,Calder Central,2025-04-27,2025-06-03,Standard,Medium,W230,2026-01-14
CC-2024-11390,Northgate,2024-01-27,2024-02-23,Standard,,W147,2026-01-14
CC-2023-12497,Northgate,2023-11-08,2023-12-17,Standard,,W185,2026-01-14
CC-2024-90193,Weybridge,2024-02-20,2024-02-29,Expedited,,W132,2026-01-14
CC-2025-12017,Weybridge,2025-02-02,2025-07-06,Standard,Low,W172,2026-01-14
CC-2025-13957,Northgate,2025-03-21,2025-04-10,Standard,Low,W106,2026-01-14
CC-2025-23973,Northgate,2025-08-10,2025-09-02,Standard,High,W258,2026-01-14
CC-2024-13367,Weybridge,2024-10-24,2024-11-28,Expedited,Low,W210,2026-01-14
CC-2025-12899,Northgate,2025-12-21,,Complex,Low,W236,2026-01-14
CC-2024-13793,Calder Central,2024-11-13,,Appeal,Medium,W204,2026-01-14
CC-2024-13239,Weybridge,2024-09-20,2024-10-10,Expedited,Medium,W142,2026-01-14
CC-2023-12534,Northgate,2023-09-10,2023-10-19,Standard,,W210,2026-01-14
CC-2025-10814,Northgate,2025-08-02,2025-08-30,Standard,Low,W170,2026-01-14
CC-2025-90123,Weybridge,2025-03-03,2025-03-29,Expedited,Medium,W221,2026-01-14
CC-2024-24036,Northgate,2024-03-29,2024-06-25,Complex,Medium,W211,2026-01-14
CC-2024-13923,Weybridge,2024-04-27,2024-07-13,Complex,Medium,W141,2026-01-14
CC-2024-90225,Northgate,2024-02-23,2024-04-16,Standard,,W258,2026-01-14
CC-2023-20036,Calder Central,2023-07-16,2023-08-25,Review,,W195,2026-01-14
CC-2025-12692,Northgate,2025-05-23,2025-06-23,Appeal,Medium,W252,2026-01-14
CC-2024-90573,Northgate,2024-09-28,2024-10-31,Standard,Medium,W167,2026-01-14
CC-2024-17420,Weybridge,2024-11-15,2025-03-26,Complex,High,W110,2026-01-14
CC-2024-10285,Northgate,2024-04-26,2024-07-10,Complex,Low,W141,2026-01-14
CC-2024-90273,Weybridge,2024-08-13,2024-10-12,Review,Low,W172,2026-01-14
CC-2025-17040,Calder Central,2025-08-04,,Complex,Medium,W241,2026-01-14
CC-2024-90379,Weybridge,2024-04-27,2024-06-22,Appeal,Low,W205,2026-01-14
CC-2024-12965,Weybridge,2024-06-12,2024-07-14,Standard,High,W249,2026-01-14
CC-2023-21260,Weybridge,2023-11-01,2023-12-07,Standard,,W251,2026-01-14
CC-2025-14865,Northgate,2025-08-14,2025-11-24,Complex,High,W229,2026-01-14
CC-2023-23327,Calder Central,2023-10-24,2023-11-09,Standard,,W162,2026-01-14
CC-2025-18565,Weybridge,2025-08-22,,Complex,Low,W224,2026-01-14
CC-2024-17526,Weybridge,2024-11-24,2025-03-18,Standard,Low,W226,2026-01-14
CC-2023-11069,Calder Central,2023-11-11,2023-11-30,Standard,,W146,2026-01-14
CC-2025-13142,Northgate,2025-11-19,2025-12-22,Complex,Low,W208,2026-01-14
CC-2024-19115,Northgate,2024-10-04,2024-10-19,Expedited,Medium,W124,2026-01-14
CC-2023-16484,Northgate,2023-08-07,2023-08-19,Standard,,W187,2026-01-14
CC-2024-19461,Calder Central,2024-05-17,2024-07-22,Complex,Low,W194,2026-01-14
CC-2024-22758,Weybridge,2024-05-22,2024-06-06,Expedited,Low,W243,2026-01-14
CC-2024-90441,Northgate,2024-08-10,2024-08-29,Standard,Low,W113,2026-01-14
CC-2025-20755,Calder Central,2025-02-21,2025-03-08,Expedited,Medium,W111,2026-01-14
CC-2025-19367,Weybridge,2025-07-22,2025-12-21,Review,Medium,W230,2026-01-14
CC-2024-19252,Weybridge,2024-11-17,2025-01-01,Expedited,Medium,W197,2026-01-14
CC-2025-15886,Weybridge,2025-01-17,2025-03-04,Standard,Medium,W249,2026-01-14
CC-2024-22834,Weybridge,2024-10-30,2025-01-27,Standard,Medium,W120,2026-01-14
CC-2025-22860,Calder Central,2025-10-04,,Complex,Low,W122,2026-01-14
CC-2023-14316,Calder Central,2023-08-30,2023-09-06,Expedited,,W250,2026-01-14
CC-2024-14850,Northgate,2024-05-23,2024-06-24,Standard,Medium,W126,2026-01-14
CC-2024-15858,Calder Central,2024-05-27,2024-07-01,Standard,Low,W174,2026-01-14
CC-2025-16002,Northgate,2025-02-21,2025-03-23,Complex,Low,W122,2026-01-14
CC-2024-16290,Calder Central,2024-09-18,2024-10-27,Standard,Medium,W249,2026-01-14
CC-2024-10085,Northgate,2024-06-05,2024-06-18,Expedited,Medium,W194,2026-01-14
CC-2025-22062,Weybridge,2025-07-14,2025-09-18,Standard,Medium,W160,2026-01-14
CC-2024-14345,Weybridge,2024-08-20,2025-01-09,Complex,Low,W128,2026-01-14
CC-2024-20549,Weybridge,2024-10-18,2025-02-05,Appeal,Medium,W198,2026-01-14
CC-2024-13225,Northgate,2024-11-27,2024-12-13,Standard,Medium,W108,2026-01-14
CC-2024-90696,Northgate,2024-10-17,2024-11-26,Standard,Medium,W197,2026-01-14
CC-2024-19916,Northgate,2024-09-20,2024-11-18,Complex,Low,W221,2026-01-14
CC-2024-16797,Weybridge,2024-01-24,2024-02-26,Complex,,W158,2026-01-14
CC-2025-14903,Calder Central,2025-09-21,2025-10-28,Standard,Low,W180,2026-01-14
CC-2024-23081,Northgate,2024-06-18,2024-09-26,Complex,Low,W107,2026-01-14
CC-2024-90418,Northgate,2024-04-07,2024-04-22,Expedited,Medium,W135,2026-01-14
CC-2023-20513,Northgate,2023-11-20,2023-12-30,Complex,,W156,2026-01-14
CC-2024-90219,Weybridge,2024-10-26,2025-02-03,Standard,Medium,W133,2026-01-14
CC-2025-90220,Weybridge,2025-06-20,,Complex,High,W107,2026-01-14
CC-2025-17319,Northgate,2025-04-18,2025-06-06,Standard,Low,W136,2026-01-14
CC-2024-17021,Weybridge,2024-03-01,2024-03-26,Review,High,W133,2026-01-14
CC-2025-19896,Weybridge,2025-12-07,,Review,Medium,W217,2026-01-14
CC-2025-90534,Northgate,2025-03-21,2025-04-30,Review,Low,W241,2026-01-14
CC-2024-90234,Northgate,2024-12-01,2025-01-29,Complex,Low,W176,2026-01-14
CC-2023-18030,Calder Central,2023-08-22,2023-12-05,Complex,,W255,2026-01-14
CC-2025-19639,Calder Central,2025-07-25,2025-08-25,Expedited,Medium,W182,2026-01-14
CC-2023-11622,Calder Central,2023-08-20,2023-12-05,Complex,,W131,2026-01-14
CC-2024-20876,Calder Central,2024-09-21,2024-10-24,Standard,Low,W136,2026-01-14
CC-2025-23354,Northgate,2025-04-20,2025-06-27,Standard,Low,W253,2026-01-14
CC-2025-12039,Weybridge,2025-11-03,,Complex,Low,W239,2026-01-14
CC-2024-18091,Calder Central,2024-08-28,2024-07-30,Complex,Low,W216,2026-01-14
CC-2025-15939,Calder Central,2025-02-15,2025-03-12,Standard,Low,W242,2026-01-14
CC-2023-18533,Northgate,2023-09-28,2023-05-14,Standard,,W129,2026-01-14
CC-2025-20131,Weybridge,2025-12-27,,Review,Low,W199,2026-01-14
CC-2023-16461,Northgate,2023-12-10,2024-02-23,Review,,W218,2026-01-14
CC-2023-22453,Calder Central,2023-12-21,2024-02-04,Complex,,W146,2026-01-14
CC-2023-12091,Calder Central,2023-07-04,2023-08-14,Standard,,W247,2026-01-14
CC-2025-19696,Calder Central,2025-10-11,,Complex,Low,W227,2026-01-14
CC-2025-13664,Calder Central,2025-11-12,2025-12-12,Standard,High,W232,2026-01-14
CC-2024-90315,Northgate,2024-11-13,2024-12-10,Standard,Low,W178,2026-01-14
CC-2023-23008,Calder Central,2023-09-16,2023-11-13,Complex,,W250,2026-01-14
CC-2025-90162,Northgate,2025-07-31,2025-08-25,Review,High,W172,2026-01-14
CC-2023-13571,Calder Central,2023-09-22,2023-10-02,Expedited,,W126,2026-01-14
CC-2024-23697,Calder Central,2024-10-02,2024-11-10,Standard,Low,W112,2026-01-14
CC-2025-14716,Calder Central,2025-01-14,2025-03-11,Appeal,Low,W186,2026-01-14
CC-2024-13547,Northgate,2024-10-05,2024-10-11,Expedited,High,W120,2026-01-14
CC-2025-12972,Weybridge,2025-11-05,2025-12-19,Standard,Medium,W170,2026-01-14
CC-2025-22082,Calder Central,2025-05-30,2025-06-19,Standard,Medium,W175,2026-01-14
CC-2025-12555,Calder Central,2025-10-08,2025-10-17,Expedited,Low,W159,2026-01-14
CC-2025-19359,Calder Central,2025-02-01,2025-02-07,Expedited,Low,W102,2026-01-14
CC-2024-16010,Calder Central,2024-05-17,2024-07-02,Review,High,W162,2026-01-14
CC-2024-23394,Northgate,2024-08-25,,Complex,Medium,W146,2026-01-14
CC-2024-10478,Northgate,2024-08-07,2024-09-29,Complex,Medium,W187,2026-01-14
CC-2023-12506,Weybridge,2023-11-19,2023-12-10,Standard,,W231,2026-01-14
CC-2025-11788,Northgate,2025-10-22,2025-11-15,Standard,Low,W104,2026-01-14
CC-2025-19867,Northgate,2025-04-26,2025-07-08,Complex,Medium,W162,2026-01-14
CC-2024-23177,Northgate,2024-05-21,2024-06-08,Standard,Low,W257,2026-01-14
CC-2024-21645,Calder Central,2024-03-05,2023-06-14,Standard,Low,W220,2026-01-14
CC-2025-15000,Calder Central,2025-08-05,2024-10-10,Expedited,Medium,W247,2026-01-14
CC-2024-16267,Northgate,2024-09-06,2024-11-04,Complex,High,W102,2026-01-14
CC-2025-10758,Calder Central,2025-06-17,2025-07-25,Standard,Low,W160,2026-01-14
CC-2025-90057,Northgate,2025-06-01,2025-07-14,Complex,Low,W137,2026-01-14
CC-2023-22555,Calder Central,2023-12-16,2024-01-03,Standard,,W252,2026-01-14
CC-2024-19501,Calder Central,2024-11-03,2024-11-26,Standard,Medium,W197,2026-01-14
CC-2024-90139,Calder Central,2024-09-26,2024-11-29,Complex,Low,W161,2026-01-14
CC-2025-22067,Weybridge,2025-03-15,2024-06-11,Expedited,Medium,W198,2026-01-14
CC-2024-12008,Northgate,2024-04-05,2024-05-15,Appeal,Low,W166,2026-01-14
CC-2024-90561,Weybridge,2024-01-04,2024-01-21,Standard,,W237,2026-01-14
CC-2024-90210,Weybridge,2024-12-05,2025-01-04,Expedited,Low,W108,2026-01-14
CC-2024-90393,Northgate,2024-02-15,2024-02-21,Expedited,,W194,2026-01-14
CC-2024-11917,Northgate,2024-08-10,2024-10-02,Complex,Medium,W200,2026-01-14
CC-2025-19344,Northgate,2025-07-06,2025-07-24,Appeal,High,W180,2026-01-14
CC-2024-20137,Weybridge,2024-07-11,2024-08-16,Standard,Medium,W199,2026-01-14
CC-2025-90439,Northgate,2025-02-16,2025-04-06,Review,Low,W252,2026-01-14
CC-2025-15047,Northgate,2025-06-15,2025-10-27,Complex,Low,W244,2026-01-14
CC-2023-22056,Northgate,2023-07-21,2023-08-02,Standard,,W167,2026-01-14
CC-2025-22643,Northgate,2025-09-02,2025-11-01,Complex,Low,W200,2026-01-14
CC-2025-14524,Northgate,2025-08-02,2025-09-17,Complex,Medium,W260,2026-01-14
CC-2024-22973,Calder Central,2024-01-11,2024-01-29,Standard,,W194,2026-01-14
CC-2023-10527,Calder Central,2023-09-14,2023-11-10,Complex,,W134,2026-01-14
CC-2024-19531,Northgate,2024-01-14,2024-03-15,Complex,,W139,2026-01-14
CC-2023-22604,Northgate,2023-10-09,2023-11-05,Standard,,W172,2026-01-14
CC-2023-21085,Northgate,2023-09-19,2023-11-06,Standard,,W129,2026-01-14
CC-2025-90156,Northgate,2025-10-31,,Appeal,Low,W190,2026-01-14
CC-2024-19759,Weybridge,2024-02-13,2024-07-02,Expedited,,W244,2026-01-14
CC-2023-17298,Calder Central,2023-12-30,2024-02-22,Standard,,W234,2026-01-14
CC-2025-14500,Calder Central,2025-03-15,2025-04-24,Review,Medium,W129,2026-01-14
CC-2025-19611,Calder Central,2025-08-09,2025-09-04,Standard,Low,W249,2026-01-14
CC-2025-90316,Weybridge,2025-08-25,2025-11-21,Appeal,Medium,W104,2026-01-14
CC-2024-23725,Weybridge,2024-01-03,2024-01-10,Expedited,,W104,2026-01-14
CC-2024-20207,Calder Central,2024-09-12,2024-09-22,Expedited,Medium,W197,2026-01-14
CC-2025-13342,Calder Central,2025-03-19,2025-04-16,Standard,Low,W110,2026-01-14
CC-2023-22878,Northgate,2023-07-26,2023-08-15,Standard,,W233,2026-01-14
CC-2025-22306,Calder Central,2025-06-29,2025-09-04,Complex,Low,W192,2026-01-14
CC-2024-15790,Weybridge,2024-10-12,2024-12-15,Standard,Medium,W146,2026-01-14
CC-2025-21204,Calder Central,2025-04-29,2025-05-21,Standard,Medium,W187,2026-01-14
CC-2023-13302,Calder Central,2023-10-04,2023-10-27,Standard,,W111,2026-01-14
CC-2024-14698,Calder Central,2024-12-17,2025-03-16,Appeal,Low,W181,2026-01-14
CC-2023-22495,Calder Central,2023-07-19,2023-09-19,Standard,,W243,2026-01-14
CC-2025-20065,Calder Central,2025-04-29,2025-05-27,Complex,Low,W153,2026-01-14
CC-2024-11431,Weybridge,2024-02-22,2024-05-12,Complex,,W118,2026-01-14
CC-2025-13699,Weybridge,2025-01-11,2025-02-07,Standard,Low,W120,2026-01-14
CC-2025-90768,Northgate,2025-04-30,2025-05-20,Appeal,Medium,W116,2026-01-14
CC-2024-90221,Calder Central,2024-08-03,2024-09-22,Standard,Low,W259,2026-01-14
CC-2023-13835,Weybridge,2023-11-06,2023-12-28,Standard,,W131,2026-01-14
CC-2025-90726,Calder Central,2025-06-28,2025-07-19,Review,Medium,W244,2026-01-14
CC-2023-15254,Weybridge,2023-10-11,2023-11-06,Standard,,W235,2026-01-14
CC-2024-19328,Calder Central,2024-12-04,2024-12-25,Standard,High,W253,2026-01-14
CC-2024-10310,Calder Central,2024-11-14,2025-01-19,Complex,Medium,W190,2026-01-14
CC-2023-21137,Weybridge,2023-12-26,2023-11-15,Review,,W257,2026-01-14
CC-2025-19154,Weybridge,2025-04-15,2025-06-11,Expedited,High,W105,2026-01-14
CC-2024-10223,Northgate,2024-01-15,2024-03-18,Standard,,W210,2026-01-14
CC-2025-16975,Northgate,2025-12-15,,Complex,Medium,W184,2026-01-14
CC-2025-19185,Weybridge,2025-11-05,,Standard,Medium,W101,2026-01-14
CC-2024-19026,Calder Central,2024-07-12,2024-08-18,Complex,Low,W257,2026-01-14
CC-2024-90127,Northgate,2024-10-18,2024-11-04,Expedited,Low,W153,2026-01-14
CC-2025-16047,Northgate,2025-07-23,2025-08-10,Standard,High,W175,2026-01-14
CC-2024-15300,Northgate,2024-08-11,2024-10-21,Complex,Low,W200,2026-01-14
CC-2025-23520,Calder Central,2025-12-03,,Standard,Medium,W186,2026-01-14
CC-2024-90721,Weybridge,2024-05-20,2024-08-09,Complex,Low,W140,2026-01-14
CC-2024-16433,Calder Central,2024-03-30,2024-06-28,Standard,Low,W190,2026-01-14
CC-2024-23080,Northgate,2024-11-04,2025-01-16,Standard,Low,W182,2026-01-14
CC-2024-18210,Weybridge,2024-01-16,2024-03-30,Complex,,W183,2026-01-14
CC-2025-16607,Northgate,2025-05-06,2025-06-21,Review,Low,W155,2026-01-14
CC-2024-19425,Weybridge,2024-06-06,2024-07-31,Standard,Medium,W214,2026-01-14
CC-2025-12906,Calder Central,2025-08-29,2025-11-29,Complex,Low,W221,2026-01-14
CC-2024-90170,Northgate,2024-11-29,2024-12-17,Expedited,Low,W123,2026-01-14
CC-2025-15232,Calder Central,2025-12-02,,Complex,Medium,W213,2026-01-14
CC-2024-16337,Weybridge,2024-09-30,2025-01-20,Appeal,Medium,W230,2026-01-14
CC-2025-19374,Weybridge,2025-06-18,2025-08-30,Appeal,Low,W191,2026-01-14
CC-2025-11786,Northgate,2025-09-22,2025-10-21,Standard,Low,W235,2026-01-14
CC-2024-19312,Weybridge,2024-08-17,2024-10-23,Complex,High,W181,2026-01-14
CC-2025-18550,Weybridge,2025-05-05,2025-09-03,Complex,Low,W177,2026-01-14
CC-2025-21277,Weybridge,2025-03-11,2025-07-14,Complex,Low,W190,2026-01-14
CC-2023-16395,Northgate,2023-10-02,2023-10-29,Standard,,W140,2026-01-14
CC-2023-18920,Weybridge,2023-12-10,2023-12-25,Review,,W247,2026-01-14
CC-2023-18780,Northgate,2023-11-02,2023-12-01,Standard,,W131,2026-01-14
CC-2025-21155,Northgate,2025-01-23,2025-03-04,Standard,Low,W235,2026-01-14
CC-2023-18263,Northgate,2023-08-08,2023-08-30,Standard,,W180,2026-01-14
CC-2024-13540,Weybridge,2024-05-02,2024-06-20,Complex,Low,W181,2026-01-14
CC-2024-23433,Calder Central,2024-09-02,2024-10-02,Review,High,W256,2026-01-14
CC-2025-17307,Calder Central,2025-02-14,2025-03-09,Standard,Low,W113,2026-01-14
CC-2024-10219,Northgate,2024-08-20,2024-09-29,Complex,High,W136,2026-01-14
CC-2025-14017,Calder Central,2025-01-13,2025-03-09,Review,Low,W103,2026-01-14
CC-2025-23487,Weybridge,2025-08-27,,Complex,Medium,W222,2026-01-14
CC-2025-10625,Weybridge,2025-12-29,,Review,Low,W232,2026-01-14
CC-2025-19863,Northgate,2025-07-14,2025-12-28,Complex,Low,W188,2026-01-14
CC-2024-18167,Calder Central,2024-04-14,2024-05-03,Standard,Medium,W150,2026-01-14
CC-2024-23641,Weybridge,2024-01-11,,Complex,,W211,2026-01-14
CC-2025-15915,Calder Central,2025-02-01,2025-04-28,Complex,Low,W124,2026-01-14
CC-2024-12914,Northgate,2024-03-21,2024-04-26,Standard,Medium,W208,2026-01-14
CC-2025-23735,Calder Central,2025-07-14,2025-08-09,Review,High,W212,2026-01-14
CC-2025-21800,Calder Central,2025-10-12,2025-10-31,Standard,Low,W255,2026-01-14
CC-2025-11561,Calder Central,2025-11-05,2025-12-26,Complex,Low,W238,2026-01-14
CC-2024-16063,Northgate,2024-01-04,2024-02-18,Review,,W138,2026-01-14
CC-2025-23443,Weybridge,2025-08-09,,Complex,Medium,W154,2026-01-14
CC-2024-90509,Northgate,2024-02-16,2024-03-29,Appeal,,W209,2026-01-14
CC-2025-19518,Weybridge,2025-11-07,2025-12-20,Expedited,Medium,W195,2026-01-14
CC-2024-17035,Calder Central,2024-11-21,2024-12-27,Complex,High,W181,2026-01-14
CC-2025-15500,Weybridge,2025-06-02,2025-11-12,Complex,Low,W195,2026-01-14
CC-2025-12170,Weybridge,2025-10-12,2025-11-02,Expedited,Low,W206,2026-01-14
CC-2024-18904,Northgate,2024-03-16,2024-04-11,Standard,High,W215,2026-01-14
CC-2025-10884,Calder Central,2025-09-20,2025-10-03,Standard,Medium,W248,2026-01-14
CC-2024-22940,Northgate,2024-10-07,2024-10-23,Standard,Medium,W243,2026-01-14
CC-2025-18625,Northgate,2025-06-06,2025-07-12,Complex,Medium,W185,2026-01-14
CC-2025-13616,Northgate,2025-01-15,2025-01-31,Standard,Medium,W251,2026-01-14
CC-2024-18749,Northgate,2024-03-11,2024-06-12,Complex,High,W202,2026-01-14
CC-2024-20931,Calder Central,2024-05-18,2024-06-29,Appeal,Medium,W194,2026-01-14
CC-2025-18807,Northgate,2025-10-18,2025-12-02,Standard,Low,W219,2026-01-14
CC-2025-14590,Weybridge,2025-05-24,2025-08-07,Standard,Low,W229,2026-01-14
CC-2023-10760,Calder Central,2023-09-15,2022-10-08,Standard,,W249,2026-01-14
CC-2024-23406,Northgate,2024-01-11,2024-01-18,Expedited,,W175,2026-01-14
CC-2024-23846,Calder Central,2024-12-04,2025-01-07,Standard,Low,W160,2026-01-14
CC-2024-11258,Northgate,2024-01-25,2024-02-17,Appeal,,W180,2026-01-14
CC-2024-13772,Northgate,2024-06-08,2024-08-10,Standard,Medium,W207,2026-01-14
CC-2025-18403,Northgate,2025-10-06,2025-11-15,Standard,Low,W216,2026-01-14
CC-2023-18265,Weybridge,2023-10-30,2023-11-17,Standard,,W162,2026-01-14
CC-2024-17783,Calder Central,2024-06-08,2024-07-02,Standard,High,W130,2026-01-14
CC-2024-13881,Weybridge,2024-12-22,2025-05-15,Complex,Low,W171,2026-01-14
CC-2024-19110,Northgate,2024-01-08,2024-02-18,Standard,,W149,2026-01-14
CC-2024-90749,Northgate,2024-12-19,2025-01-11,Standard,Low,W250,2026-01-14
CC-2025-90456,Weybridge,2025-07-19,2025-08-15,Standard,Low,W173,2026-01-14
CC-2025-90045,Northgate,2025-03-30,2025-04-12,Standard,Low,W162,2026-01-14
CC-2024-90539,Calder Central,2024-04-08,2024-05-07,Standard,Low,W241,2026-01-14
CC-2025-90676,Weybridge,2025-11-17,2025-12-23,Standard,High,W169,2026-01-14
CC-2024-18868,Northgate,2024-10-04,2024-10-21,Standard,Low,W214,2026-01-14
CC-2025-13945,Weybridge,2025-06-24,,Complex,Low,W200,2026-01-14
CC-2025-90254,Weybridge,2025-01-24,2025-05-11,Complex,Low,W152,2026-01-14
CC-2024-10449,Weybridge,2024-08-28,2025-02-27,Complex,Low,W221,2026-01-14
CC-2024-19927,Northgate,2024-10-26,2025-01-13,Complex,High,W147,2026-01-14
CC-2025-18275,Calder Central,2025-09-02,2025-12-13,Appeal,Medium,W124,2026-01-14
CC-2025-90775,Weybridge,2025-06-23,2025-09-02,Standard,High,W140,2026-01-14
CC-2023-24121,Weybridge,2023-07-01,2023-09-21,Complex,,W155,2026-01-14
CC-2024-24176,Weybridge,2024-04-13,2024-04-27,Standard,Medium,W135,2026-01-14
CC-2025-90236,Calder Central,2025-03-07,2025-03-22,Standard,Medium,W108,2026-01-14
CC-2023-16826,Weybridge,2023-08-05,2023-09-01,Standard,,W132,2026-01-14
CC-2023-15838,Northgate,2023-12-25,2024-03-18,Appeal,,W189,2026-01-14
CC-2024-14869,Weybridge,2024-06-14,2024-08-29,Complex,Medium,W207,2026-01-14
CC-2024-16066,Weybridge,2024-10-04,2024-11-26,Review,Low,W216,2026-01-14
CC-2025-90344,Northgate,2025-08-25,2025-10-26,Review,Medium,W104,2026-01-14
CC-2024-90415,Calder Central,2024-02-03,2024-03-13,Standard,,W132,2026-01-14
CC-2025-90312,Weybridge,2025-10-09,,Complex,High,W171,2026-01-14
CC-2024-19620,Northgate,2024-11-12,2024-12-13,Standard,Medium,W147,2026-01-14
CC-2024-13172,Calder Central,2024-02-03,2024-03-04,Standard,,W104,2026-01-14
CC-2025-15807,Calder Central,2025-11-27,,Review,Low,W241,2026-01-14
CC-2023-17670,Northgate,2023-11-18,2024-01-28,Standard,,W251,2026-01-14
CC-2023-22960,Calder Central,2023-08-06,2023-09-17,Standard,,W216,2026-01-14
CC-2024-22287,Weybridge,2024-11-21,2025-03-06,Complex,Medium,W179,2026-01-14
CC-2025-18634,Weybridge,2025-04-09,2025-06-07,Complex,Low,W189,2026-01-14
CC-2024-11935,Calder Central,2024-02-23,2024-05-12,Appeal,,W149,2026-01-14
CC-2025-12274,Calder Central,2025-04-13,2025-07-14,Complex,Low,W138,2026-01-14
CC-2024-90591,Calder Central,2024-03-26,2024-04-20,Standard,Medium,W245,2026-01-14
CC-2024-22998,Calder Central,2024-02-19,2024-03-17,Standard,,W216,2026-01-14
CC-2024-17865,Weybridge,2024-06-21,2024-07-13,Standard,Medium,W181,2026-01-14
CC-2024-21570,Northgate,2024-08-23,,Complex,Medium,W205,2026-01-14
CC-2024-22724,Northgate,2024-08-14,2024-08-21,Expedited,High,W245,2026-01-14
CC-2024-90100,Calder Central,2024-06-12,2024-08-30,Complex,Low,W227,2026-01-14
CC-2025-12397,Calder Central,2025-06-13,2025-06-28,Standard,Medium,W236,2026-01-14
CC-2025-10677,Weybridge,2025-10-07,2025-12-31,Standard,Medium,W158,2026-01-14
CC-2025-19482,Calder Central,2025-07-06,2025-07-23,Standard,Medium,W146,2026-01-14
CC-2024-12447,Calder Central,2024-07-19,2024-08-04,Expedited,Low,W227,2026-01-14
CC-2023-13341,Calder Central,2023-11-21,2023-11-27,Expedited,,W185,2026-01-14
CC-2023-17808,Weybridge,2023-07-24,2023-08-06,Expedited,,W230,2026-01-14
CC-2023-11284,Northgate,2023-07-09,2023-09-19,Complex,,W260,2026-01-14
CC-2025-20407,Northgate,2025-03-11,2025-03-21,Expedited,Low,W245,2026-01-14
CC-2024-12444,Calder Central,2024-10-30,2024-12-27,Review,Low,W183,2026-01-14
CC-2025-90662,Calder Central,2025-10-02,2025-10-10,Expedited,Low,W143,2026-01-14
CC-2023-17445,Calder Central,2023-11-16,2023-12-27,Standard,,W107,2026-01-14
CC-2024-17507,Weybridge,2024-04-22,2024-04-28,Expedited,Low,W100,2026-01-14
CC-2025-12703,Weybridge,2025-07-17,2025-08-21,Review,Low,W116,2026-01-14
CC-2024-14957,Northgate,2024-11-08,2025-03-27,Complex,Low,W222,2026-01-14
CC-2025-15328,Calder Central,2025-08-24,2025-10-10,Standard,Low,W162,2026-01-14
CC-2023-18411,Northgate,2023-09-29,2023-10-20,Standard,,W257,2026-01-14
CC-2025-11357,Northgate,2025-03-26,2025-04-05,Standard,Medium,W231,2026-01-14
CC-2024-90389,Northgate,2024-11-19,2025-01-16,Review,Medium,W258,2026-01-14
CC-2024-90715,Calder Central,2024-06-26,2024-08-05,Standard,Medium,W190,2026-01-14
CC-2024-90776,Northgate,2024-05-11,2024-05-25,Standard,Low,W205,2026-01-14
CC-2024-11166,Calder Central,2024-11-27,2025-01-09,Standard,Low,W259,2026-01-14
CC-2025-22193,Northgate,2025-04-27,2025-06-26,Review,Low,W119,2026-01-14
CC-2023-18207,Weybridge,2023-11-20,2023-12-15,Standard,,W190,2026-01-14
CC-2025-90151,Northgate,2025-02-14,2025-05-15,Complex,High,W126,2026-01-14
CC-2025-90590,Northgate,2025-03-15,2025-05-10,Complex,High,W168,2026-01-14
CC-2024-12376,Weybridge,2024-08-03,2024-10-03,Expedited,Medium,W183,2026-01-14
CC-2024-90668,Northgate,2024-08-06,2024-08-26,Review,Medium,W140,2026-01-14
CC-2025-20903,Northgate,2025-09-06,2025-09-19,Expedited,Low,W155,2026-01-14
CC-2024-90188,Northgate,2024-01-05,2024-02-28,Complex,,W243,2026-01-14
CC-2025-16777,Weybridge,2025-11-17,2025-12-09,Expedited,Medium,W132,2026-01-14
CC-2024-15902,Weybridge,2024-03-20,2024-05-20,Standard,High,W145,2026-01-14
CC-2025-21935,Northgate,2025-04-05,2025-05-11,Standard,Low,W162,2026-01-14
CC-2024-10243,Weybridge,2024-01-05,2024-02-16,Standard,,W229,2026-01-14
CC-2023-20096,Calder Central,2023-12-29,2024-03-29,Appeal,,W185,2026-01-14
CC-2023-23588,Northgate,2023-12-01,2023-12-16,Expedited,,W138,2026-01-14
CC-2025-17803,Weybridge,2025-10-22,2025-12-28,Standard,Medium,W229,2026-01-14
CC-2024-90369,Weybridge,2024-12-20,2025-07-26,Appeal,Medium,W104,2026-01-14
CC-2024-90427,Northgate,2024-01-19,2024-02-22,Review,,W236,2026-01-14
CC-2023-21709,Weybridge,2023-07-22,2023-08-11,Expedited,,W219,2026-01-14
CC-2025-15097,Northgate,2025-02-13,2025-05-17,Complex,Medium,W118,2026-01-14
CC-2025-22822,Northgate,2025-03-25,2025-04-13,Standard,High,W218,2026-01-14
CC-2024-90476,Calder Central,2024-03-31,2024-04-30,Standard,Low,W170,2026-01-14
CC-2025-12628,Calder Central,2025-12-28,,Complex,Medium,W230,2026-01-14
CC-2025-11249,Northgate,2025-06-19,2025-07-05,Review,High,W117,2026-01-14
CC-2024-14466,Northgate,2024-11-08,2024-12-06,Standard,Medium,W233,2026-01-14
CC-2023-12392,Calder Central,2023-07-21,2023-08-03,Standard,,W121,2026-01-14
CC-2024-21926,Calder Central,2024-03-07,2024-04-11,Standard,Low,W216,2026-01-14
CC-2025-11893,Northgate,2025-05-28,2025-07-11,Complex,Low,W120,2026-01-14
CC-2024-13202,Calder Central,2024-03-08,2024-04-10,Appeal,Medium,W169,2026-01-14
CC-2025-15365,Weybridge,2025-05-05,2025-05-28,Standard,Low,W135,2026-01-14
CC-2024-24005,Weybridge,2024-02-09,2024-02-25,Expedited,,W191,2026-01-14
CC-2025-20358,Weybridge,2025-08-12,2025-10-21,Appeal,Low,W238,2026-01-14
CC-2025-90667,Weybridge,2025-06-07,2025-12-17,Complex,Medium,W121,2026-01-14
CC-2025-21597,Northgate,2025-08-26,2025-12-07,Complex,Low,W124,2026-01-14
CC-2024-15177,Northgate,2024-02-18,2024-06-25,Complex,,W196,2026-01-14
CC-2025-22477,Northgate,2025-05-01,2025-05-16,Standard,Low,W241,2026-01-14
CC-2025-23802,Calder Central,2025-06-11,2025-07-14,Standard,Low,W203,2026-01-14
CC-2023-22828,Northgate,2023-10-06,2023-12-15,Review,,W238,2026-01-14
CC-2024-14422,Calder Central,2024-11-29,2025-01-03,Standard,Medium,W196,2026-01-14
CC-2024-19038,Weybridge,2024-07-13,2024-08-03,Standard,Low,W170,2026-01-14
CC-2025-10613,Calder Central,2025-01-11,2025-05-11,Complex,Low,W196,2026-01-14
CC-2025-23276,Calder Central,2025-05-07,,Appeal,High,W188,2026-01-14
CC-2024-12707,Northgate,2024-08-29,2024-09-13,Standard,Low,W155,2026-01-14
CC-2024-11457,Northgate,2024-05-18,2024-06-16,Standard,Medium,W190,2026-01-14
CC-2023-18065,Northgate,2023-11-20,2024-03-30,Complex,,W176,2026-01-14
CC-2024-22344,Northgate,2024-11-10,2024-05-30,Review,Medium,W254,2026-01-14
CC-2025-13269,Weybridge,2025-07-06,2025-10-31,Appeal,Medium,W221,2026-01-14
CC-2023-19485,Northgate,2023-12-14,2024-01-06,Standard,,W197,2026-01-14
CC-2024-13662,Calder Central,2024-10-14,2024-11-11,Standard,High,W206,2026-01-14
CC-2024-90527,Weybridge,2024-09-17,2024-11-10,Standard,High,W217,2026-01-14
CC-2024-11614,Weybridge,2024-02-22,2024-03-14,Standard,,W204,2026-01-14
CC-2023-15224,Calder Central,2023-08-21,2023-08-31,Expedited,,W201,2026-01-14
CC-2024-15393,Weybridge,2024-04-24,2024-06-16,Standard,High,W211,2026-01-14
CC-2024-19532,Northgate,2024-10-03,2024-11-08,Review,Low,W196,2026-01-14
CC-2024-18941,Calder Central,2024-05-07,2023-11-02,Standard,Low,W102,2026-01-14
CC-2024-17874,Calder Central,2024-10-14,,Appeal,Medium,W204,2026-01-14
CC-2025-90417,Weybridge,2025-10-26,,Standard,Medium,W200,2026-01-14
CC-2025-90070,Calder Central,2025-04-10,2025-04-23,Expedited,Medium,W221,2026-01-14
CC-2024-15823,Calder Central,2024-01-16,2024-02-22,Standard,,W112,2026-01-14
CC-2025-22163,Calder Central,2025-04-29,2025-05-21,Standard,Medium,W130,2026-01-14
CC-2025-10624,Weybridge,2025-07-30,2025-09-20,Standard,High,W235,2026-01-14
CC-2023-23705,Calder Central,2023-07-06,2023-08-31,Standard,,W164,2026-01-14
CC-2025-90420,Northgate,2025-07-02,2025-08-13,Review,Medium,W164,2026-01-14
CC-2025-90028,Calder Central,2025-06-18,2025-07-08,Expedited,High,W168,2026-01-14
CC-2025-15862,Calder Central,2025-05-17,2025-07-17,Appeal,Low,W148,2026-01-14
CC-2023-23174,Weybridge,2023-10-18,2023-11-02,Standard,,W158,2026-01-14
CC-2024-18821,Calder Central,2024-08-19,2024-10-23,Complex,Medium,W132,2026-01-14
CC-2025-13365,Calder Central,2025-07-25,,Standard,Medium,W168,2026-01-14
CC-2025-11905,Calder Central,2025-07-16,2025-09-18,Complex,Medium,W225,2026-01-14
CC-2024-11654,Calder Central,2024-08-31,2024-09-15,Expedited,Medium,W113,2026-01-14
CC-2024-16296,Calder Central,2024-12-06,2025-01-16,Standard,Medium,W131,2026-01-14
CC-2024-11231,Northgate,2024-04-14,2024-05-04,Standard,Low,W240,2026-01-14
CC-2023-17528,Calder Central,2023-08-26,2023-09-19,Standard,,W144,2026-01-14
CC-2025-11368,Calder Central,2025-04-28,2025-05-25,Standard,High,W141,2026-01-14
CC-2025-13555,Calder Central,2025-11-08,2025-11-27,Standard,Medium,W114,2026-01-14
CC-2024-22220,Calder Central,2024-08-02,2024-12-31,Complex,Medium,W106,2026-01-14
CC-2024-15883,Calder Central,2024-11-16,2025-01-28,Review,High,W131,2026-01-14
CC-2023-12327,Weybridge,2023-12-15,2024-01-23,Standard,,W235,2026-01-14
CC-2024-19540,Calder Central,2024-08-11,2024-10-05,Complex,Low,W185,2026-01-14
CC-2024-16800,Northgate,2024-07-02,2024-10-27,Complex,Medium,W214,2026-01-14
CC-2025-19554,Calder Central,2025-02-26,2025-03-12,Standard,Medium,W192,2026-01-14
CC-2023-19999,Weybridge,2023-08-05,2023-01-01,Review,,W190,2026-01-14
CC-2024-90544,Weybridge,2024-07-29,2024-08-28,Standard,Low,W155,2026-01-14
CC-2025-13969,Weybridge,2025-05-19,2025-06-26,Expedited,Medium,W197,2026-01-14
CC-2024-10823,Calder Central,2024-04-23,2024-05-29,Expedited,Low,W225,2026-01-14
CC-2025-10818,Calder Central,2025-08-27,2025-10-02,Review,Medium,W151,2026-01-14
CC-2023-17515,Calder Central,2023-12-02,2024-02-11,Complex,,W159,2026-01-14
CC-2023-14125,Calder Central,2023-08-21,2023-09-11,Standard,,W238,2026-01-14
CC-2024-20043,Northgate,2024-04-08,2024-04-14,Expedited,High,W173,2026-01-14
CC-2024-90732,Calder Central,2024-04-25,2024-05-20,Standard,Medium,W218,2026-01-14
CC-2023-14474,Northgate,2023-08-14,2023-09-23,Standard,,W106,2026-01-14
CC-2024-15233,Calder Central,2024-08-25,2024-09-28,Standard,Medium,W149,2026-01-14
CC-2025-18841,Calder Central,2025-11-09,2025-11-28,Standard,Medium,W240,2026-01-14
CC-2025-19337,Weybridge,2025-09-26,,Complex,Low,W143,2026-01-14
CC-2025-13797,Northgate,2025-04-26,2025-05-16,Review,Low,W133,2026-01-14
CC-2024-22735,Weybridge,2024-07-22,2024-10-23,Complex,Medium,W254,2026-01-14
CC-2024-90589,Calder Central,2024-02-19,2024-03-08,Standard,,W109,2026-01-14
CC-2024-10614,Calder Central,2024-07-18,2024-08-26,Review,Medium,W135,2026-01-14
CC-2024-15279,Calder Central,2024-08-06,2024-09-15,Standard,Medium,W239,2026-01-14
CC-2025-15017,Weybridge,2025-10-17,,Standard,High,W211,2026-01-14
CC-2024-21430,Calder Central,2024-09-29,2024-11-08,Complex,Low,W205,2026-01-14
CC-2025-23805,Northgate,2025-08-05,2025-08-21,Standard,Medium,W205,2026-01-14
CC-2024-21943,Calder Central,2024-11-20,2025-01-30,Appeal,Low,W215,2026-01-14
CC-2025-12716,Weybridge,2025-01-18,2025-03-26,Standard,Medium,W223,2026-01-14
CC-2025-14691,Northgate,2025-02-04,2025-02-14,Expedited,Low,W143,2026-01-14
CC-2025-90329,Calder Central,2025-05-12,2025-07-31,Complex,High,W190,2026-01-14
CC-2023-20471,Weybridge,2023-12-07,2024-01-26,Complex,,W126,2026-01-14
CC-2024-14449,Calder Central,2024-12-04,2025-03-31,Standard,Low,W228,2026-01-14
CC-2024-90578,Calder Central,2024-06-17,2024-07-23,Standard,Low,W193,2026-01-14
CC-2024-13855,Northgate,2024-10-04,2024-11-26,Standard,Low,W167,2026-01-14
CC-2024-20525,Calder Central,2024-07-13,2024-07-27,Standard,Medium,W172,2026-01-14
CC-2025-16779,Weybridge,2025-09-21,2025-12-21,Review,Low,W215,2026-01-14
CC-2025-21220,Calder Central,2025-07-22,2025-08-06,Expedited,Low,W114,2026-01-14
CC-2023-15547,Northgate,2023-07-07,2023-08-18,Appeal,,W119,2026-01-14
CC-2024-13387,Weybridge,2024-10-02,2025-04-04,Complex,Medium,W113,2026-01-14
CC-2025-22660,Northgate,2025-04-09,2025-05-19,Standard,High,W207,2026-01-14
CC-2025-20623,Northgate,2025-11-04,,Complex,Low,W181,2026-01-14
CC-2024-20752,Weybridge,2024-10-19,2025-07-19,Complex,Low,W178,2026-01-14
CC-2025-14536,Calder Central,2025-06-09,2025-08-08,Complex,High,W185,2026-01-14
CC-2024-16478,Calder Central,2024-02-12,2024-04-19,Complex,,W139,2026-01-14
CC-2024-13660,Calder Central,2024-11-29,2025-01-31,Complex,Low,W212,2026-01-14
CC-2025-22564,Calder Central,2025-11-18,,Complex,Medium,W105,2026-01-14
CC-2024-90647,Calder Central,2024-05-11,2024-06-22,Standard,Low,W194,2026-01-14
CC-2025-13578,Weybridge,2025-09-28,,Complex,Medium,W178,2026-01-14
CC-2025-12649,Weybridge,2025-08-22,2025-09-07,Expedited,Low,W116,2026-01-14
CC-2023-10286,Northgate,2023-09-13,2023-09-27,Standard,,W192,2026-01-14
CC-2024-10325,Northgate,2024-03-30,2024-04-10,Standard,High,W202,2026-01-14
CC-2025-22704,Calder Central,2025-07-04,2025-08-12,Review,High,W233,2026-01-14
CC-2023-20344,Calder Central,2023-12-18,2024-01-28,Standard,,W183,2026-01-14
CC-2023-10120,Northgate,2023-07-31,2023-10-28,Appeal,,W101,2026-01-14
CC-2024-10484,Weybridge,2024-12-06,2025-03-19,Standard,Medium,W205,2026-01-14
CC-2023-10096,Calder Central,2023-12-29,2024-02-21,Standard,,W214,2026-01-14
CC-2024-90636,Calder Central,2024-06-11,2024-08-09,Complex,Low,W212,2026-01-14
CC-2024-23166,Calder Central,2024-05-04,2024-05-30,Expedited,Medium,W129,2026-01-14
CC-2025-12702,Northgate,2025-07-27,2025-08-29,Standard,Medium,W197,2026-01-14
CC-2025-19700,Calder Central,2025-06-03,2025-07-29,Standard,Low,W136,2026-01-14
CC-2023-14373,Northgate,2023-11-05,2023-03-22,Review,,W156,2026-01-14
CC-2023-17058,Calder Central,2023-08-17,2023-09-18,Standard,,W160,2026-01-14
CC-2025-19658,Calder Central,2025-08-12,2025-10-31,Complex,Medium,W157,2026-01-14
CC-2025-90469,Weybridge,2025-12-24,,Standard,Low,W234,2026-01-14
CC-2025-17992,Weybridge,2025-03-02,2025-04-29,Standard,Medium,W237,2026-01-14
CC-2023-19048,Northgate,2023-12-14,2024-01-07,Standard,,W149,2026-01-14
CC-2025-90447,Calder Central,2025-04-21,2025-05-05,Standard,Low,W120,2026-01-14
CC-2024-10604,Calder Central,2024-11-10,2025-04-03,Complex,Medium,W105,2026-01-14
CC-2024-13104,Weybridge,2024-08-20,2025-03-09,Complex,Low,W153,2026-01-14
CC-2024-22043,Northgate,2024-01-15,2024-03-26,Appeal,,W203,2026-01-14
CC-2025-16187,Weybridge,2025-08-18,2025-12-04,Appeal,Low,W123,2026-01-14
CC-2025-13767,Weybridge,2025-11-01,,Complex,High,W237,2026-01-14
CC-2025-13373,Northgate,2025-10-01,2025-10-23,Expedited,Medium,W111,2026-01-14
CC-2024-90384,Northgate,2024-12-28,2025-01-19,Standard,Medium,W153,2026-01-14
CC-2024-17437,Weybridge,2024-08-23,,Standard,Medium,W125,2026-01-14
CC-2025-90211,Calder Central,2025-03-19,2025-04-30,Standard,High,W106,2026-01-14
CC-2023-19567,Weybridge,2023-11-23,2024-04-09,Complex,,W159,2026-01-14
CC-2025-90594,Weybridge,2025-04-12,2025-09-06,Appeal,Low,W166,2026-01-14
CC-2024-90537,Weybridge,2024-11-28,2025-01-03,Standard,Low,W112,2026-01-14
CC-2023-18481,Calder Central,2023-09-22,2023-10-30,Review,,W117,2026-01-14
CC-2023-19601,Northgate,2023-10-15,2023-12-10,Complex,,W201,2026-01-14
CC-2025-19880,Calder Central,2025-03-22,2025-04-17,Standard,Medium,W128,2026-01-14
CC-2025-90774,Northgate,2025-10-22,2025-11-06,Expedited,Medium,W234,2026-01-14
CC-2025-90110,Calder Central,2025-07-06,2025-07-27,Standard,Medium,W151,2026-01-14
CC-2023-15702,Northgate,2023-12-30,2024-01-22,Expedited,,W110,2026-01-14
CC-2025-13904,Calder Central,2025-06-06,2025-07-07,Standard,Medium,W125,2026-01-14
CC-2025-90638,Weybridge,2025-05-23,2025-08-09,Standard,High,W103,2026-01-14
CC-2025-13136,Weybridge,2025-03-02,2025-04-05,Expedited,Low,W233,2026-01-14
CC-2025-21059,Weybridge,2025-03-21,2025-04-21,Standard,Medium,W139,2026-01-14
CC-2025-21710,Weybridge,2025-03-12,2025-04-08,Standard,Low,W163,2026-01-14
CC-2025-15342,Weybridge,2025-11-18,,Standard,Low,W191,2026-01-14
CC-2023-15051,Weybridge,2023-09-23,2023-11-04,Standard,,W190,2026-01-14
CC-2023-17010,Northgate,2023-07-11,2023-08-11,Standard,,W153,2026-01-14
CC-2024-90731,Northgate,2024-05-07,2024-06-20,Standard,High,W251,2026-01-14
CC-2025-90082,Northgate,2025-03-10,2025-04-20,Complex,High,W260,2026-01-14
CC-2025-14221,Calder Central,2025-05-22,2025-06-11,Standard,Medium,W140,2026-01-14
CC-2024-22020,Weybridge,2024-04-02,2024-05-08,Review,Medium,W256,2026-01-14
CC-2025-12438,Weybridge,2025-01-20,2025-04-20,Standard,Medium,W175,2026-01-14
CC-2025-90232,Weybridge,2025-07-29,2025-10-31,Complex,Low,W235,2026-01-14
CC-2025-22731,Weybridge,2025-11-20,2025-12-23,Standard,Medium,W133,2026-01-14
CC-2024-18588,Calder Central,2024-04-09,2024-06-17,Complex,Low,W162,2026-01-14
CC-2025-90298,Weybridge,2025-12-23,,Complex,Low,W173,2026-01-14
CC-2025-11173,Weybridge,2025-01-25,,Standard,Medium,W180,2026-01-14
CC-2024-23817,Calder Central,2024-04-16,2024-05-18,Review,Medium,W141,2026-01-14
CC-2024-90047,Calder Central,2024-09-17,2024-10-10,Standard,High,W225,2026-01-14
CC-2024-20670,Calder Central,2024-08-15,2024-11-13,Complex,Medium,W106,2026-01-14
CC-2025-12743,Calder Central,2025-06-12,2025-06-30,Standard,Low,W133,2026-01-14
CC-2024-14423,Northgate,2024-03-12,2024-05-18,Complex,Medium,W154,2026-01-14
CC-2025-90499,Weybridge,2025-01-08,2025-04-15,Appeal,Medium,W158,2026-01-14
CC-2025-90003,Northgate,2025-10-18,,Complex,Medium,W207,2026-01-14
CC-2024-14475,Calder Central,2024-07-25,2024-08-29,Standard,Low,W126,2026-01-14
CC-2024-90717,Northgate,2024-08-27,2024-10-11,Review,Medium,W126,2026-01-14
CC-2025-17134,Weybridge,2025-10-28,,Complex,Low,W238,2026-01-14
CC-2025-90105,Weybridge,2025-08-16,2025-10-24,Standard,Low,W197,2026-01-14
CC-2024-23299,Calder Central,2024-07-12,2024-08-18,Standard,Medium,W168,2026-01-14
CC-2025-17062,Northgate,2025-02-12,2025-04-03,Complex,Low,W223,2026-01-14
CC-2024-20802,Weybridge,2024-03-30,2024-05-28,Standard,Low,W210,2026-01-14
CC-2023-17300,Calder Central,2023-10-04,2023-11-28,Standard,,W233,2026-01-14
CC-2025-19046,Northgate,2025-08-15,2025-10-23,Appeal,High,W197,2026-01-14
CC-2025-18425,Northgate,2025-07-01,2025-08-05,Review,Medium,W123,2026-01-14
CC-2024-90271,Northgate,2024-11-05,2025-01-21,Appeal,High,W197,2026-01-14
CC-2025-12378,Calder Central,2025-06-18,2025-07-16,Review,Low,W189,2026-01-14
CC-2024-13245,Weybridge,2024-07-27,2024-08-12,Expedited,Medium,W100,2026-01-14
CC-2025-90318,Northgate,2025-02-20,2025-04-03,Complex,Medium,W236,2026-01-14
CC-2024-17149,Calder Central,2024-01-30,2024-03-22,Complex,,W192,2026-01-14
CC-2025-10953,Weybridge,2025-04-01,2025-06-15,Standard,Medium,W189,2026-01-14
CC-2024-10433,Northgate,2024-07-11,2024-08-10,Standard,Medium,W134,2026-01-14
CC-2025-16727,Calder Central,2025-10-11,2025-10-28,Standard,Medium,W214,2026-01-14
CC-2023-14700,Calder Central,2023-10-23,2023-11-27,Standard,,W114,2026-01-14
CC-2024-90081,Weybridge,2024-01-25,2024-02-23,Standard,,W190,2026-01-14
CC-2024-90223,Weybridge,2024-02-18,2024-03-22,Standard,,W258,2026-01-14
CC-2025-12778,Calder Central,2025-08-28,2025-09-12,Standard,Low,W140,2026-01-14
CC-2025-90480,Northgate,2025-05-16,2025-10-02,Complex,Medium,W260,2026-01-14
CC-2025-90575,Northgate,2025-01-28,2025-04-19,Complex,Medium,W155,2026-01-14
CC-2025-22135,Northgate,2025-11-11,2025-12-07,Standard,Low,W189,2026-01-14
CC-2024-11931,Weybridge,2024-06-11,2024-07-04,Standard,Low,W221,2026-01-14
CC-2025-22397,Northgate,2025-03-19,2025-04-16,Standard,High,W248,2026-01-14
CC-2025-22767,Calder Central,2025-08-19,2025-09-16,Standard,Low,W168,2026-01-14
CC-2024-22972,Calder Central,2024-02-04,2024-03-14,Standard,,W245,2026-01-14
CC-2025-21874,Weybridge,2025-03-26,2025-07-22,Complex,Low,W216,2026-01-14
CC-2025-21730,Calder Central,2025-03-02,2025-03-28,Standard,High,W238,2026-01-14
CC-2024-15935,Northgate,2024-01-19,2024-02-28,Review,,W166,2026-01-14
CC-2024-11132,Calder Central,2024-08-16,2024-11-27,Complex,High,W113,2026-01-14
CC-2024-90682,Northgate,2024-03-22,2024-05-10,Standard,Low,W208,2026-01-14
CC-2024-11546,Northgate,2024-02-04,,Standard,,W151,2026-01-14
CC-2024-90519,Weybridge,2024-01-19,2024-02-17,Review,,W122,2026-01-14
CC-2025-22175,Calder Central,2025-12-31,,Complex,Low,W160,2026-01-14
CC-2025-90761,Weybridge,2025-04-10,2025-10-23,Complex,Low,W134,2026-01-14
CC-2025-17427,Calder Central,2025-08-23,2025-11-24,Standard,Low,W183,2026-01-14
CC-2025-18386,Weybridge,2025-01-17,2025-03-08,Standard,Low,W119,2026-01-14
CC-2023-15851,Weybridge,2023-12-20,2023-12-25,Expedited,,W215,2026-01-14
CC-2025-12359,Northgate,2025-05-23,2025-07-10,Appeal,Medium,W188,2026-01-14
CC-2024-90604,Calder Central,2024-07-19,2024-08-11,Standard,Low,W120,2026-01-14
CC-2025-19081,Weybridge,2025-02-12,2025-04-10,Standard,Medium,W172,2026-01-14
CC-2025-12016,Weybridge,2025-12-31,,Standard,Medium,W109,2026-01-14
CC-2024-18181,Weybridge,2024-07-17,2024-09-10,Appeal,Medium,W142,2026-01-14
CC-2025-20555,Northgate,2025-02-04,2025-03-08,Review,High,W229,2026-01-14
CC-2024-90365,Calder Central,2024-10-26,2024-11-30,Standard,High,W131,2026-01-14
CC-2025-90502,Northgate,2025-10-04,2025-10-22,Standard,Low,W104,2026-01-14
CC-2023-19648,Weybridge,2023-11-26,2023-12-31,Review,,W164,2026-01-14
CC-2023-17378,Calder Central,2023-07-21,2023-09-15,Appeal,,W166,2026-01-14
CC-2025-15559,Calder Central,2025-04-24,2025-07-07,Complex,Low,W257,2026-01-14
CC-2024-10740,Calder Central,2024-04-09,2024-06-06,Complex,Medium,W111,2026-01-14
CC-2025-14441,Northgate,2025-06-22,2025-07-08,Standard,Medium,W171,2026-01-14
CC-2024-19175,Northgate,2024-08-22,2024-09-30,Review,Medium,W244,2026-01-14
CC-2025-17435,Weybridge,2025-03-17,2025-10-24,Complex,Low,W246,2026-01-14
CC-2024-14529,Northgate,2024-06-10,2024-06-22,Review,Low,W136,2026-01-14
CC-2023-12229,Calder Central,2023-07-13,2023-07-31,Standard,,W218,2026-01-14
CC-2025-13467,Weybridge,2025-10-18,,Complex,Medium,W133,2026-01-14
CC-2023-18322,Weybridge,2023-09-03,2023-10-04,Standard,,W229,2026-01-14
CC-2024-21948,Northgate,2024-01-20,2024-02-24,Appeal,,W236,2026-01-14
CC-2024-15656,Calder Central,2024-12-10,2024-12-22,Standard,Low,W122,2026-01-14
CC-2023-10209,Northgate,2023-11-28,2023-12-11,Standard,,W190,2026-01-14
CC-2024-20082,Calder Central,2024-03-08,2024-05-01,Standard,High,W221,2026-01-14
CC-2024-14319,Weybridge,2024-10-07,2025-01-03,Standard,Medium,W241,2026-01-14
CC-2024-20352,Calder Central,2024-05-15,2024-10-22,Complex,High,W127,2026-01-14
CC-2024-11605,Weybridge,2024-01-25,2024-02-19,Appeal,,W121,2026-01-14
CC-2025-19549,Calder Central,2025-06-05,2025-07-13,Appeal,Low,W167,2026-01-14
CC-2025-10112,Weybridge,2025-10-31,2025-12-11,Standard,Medium,W210,2026-01-14
CC-2025-16202,Weybridge,2025-01-30,2025-03-28,Standard,Low,W161,2026-01-14
CC-2024-90531,Weybridge,2024-06-30,2024-07-21,Standard,High,W234,2026-01-14
CC-2025-16756,Weybridge,2025-12-06,,Appeal,Low,W121,2026-01-14
CC-2025-18316,Weybridge,2025-07-01,2025-08-17,Standard,Low,W196,2026-01-14
CC-2025-90261,Weybridge,2025-01-12,2025-02-18,Expedited,High,W162,2026-01-14
CC-2024-10358,Northgate,2024-04-01,2024-04-25,Complex,Medium,W247,2026-01-14
CC-2024-11306,Calder Central,2024-02-21,2024-05-03,Complex,,W223,2026-01-14
CC-2025-18579,Weybridge,2025-06-28,2025-08-28,Complex,High,W206,2026-01-14
CC-2025-12835,Northgate,2025-08-16,2025-08-22,Expedited,Medium,W168,2026-01-14
CC-2024-17735,Northgate,2024-03-12,,Standard,Low,W115,2026-01-14
CC-2024-11298,Calder Central,2024-11-21,2025-02-05,Complex,High,W124,2026-01-14
CC-2024-90485,Calder Central,2024-09-27,2024-10-15,Standard,Medium,W223,2026-01-14
CC-2023-20692,Weybridge,2023-11-08,,Complex,,W179,2026-01-14
CC-2024-16852,Northgate,2024-01-23,2024-05-01,Complex,,W219,2026-01-14
CC-2023-22811,Weybridge,2023-12-05,2024-02-14,Complex,,W171,2026-01-14
CC-2024-11642,Weybridge,2024-05-08,2024-11-24,Appeal,Low,W219,2026-01-14
CC-2023-14234,Weybridge,2023-11-21,2023-12-26,Standard,,W202,2026-01-14
CC-2025-14592,Weybridge,2025-06-16,2025-09-17,Standard,Low,W209,2026-01-14
CC-2025-90570,Calder Central,2025-10-02,2025-10-19,Expedited,Low,W248,2026-01-14
CC-2024-19474,Northgate,2024-10-15,2024-12-27,Complex,Low,W151,2026-01-14
CC-2023-15891,Calder Central,2023-12-09,2024-02-05,Complex,,W159,2026-01-14
CC-2025-18352,Calder Central,2025-11-23,2025-12-19,Standard,Medium,W237,2026-01-14
CC-2024-90391,Weybridge,2024-06-12,2024-08-27,Appeal,Medium,W250,2026-01-14
CC-2025-12626,Calder Central,2025-07-18,2025-11-15,Complex,High,W122,2026-01-14
CC-2023-18375,Calder Central,2023-11-18,2023-12-20,Standard,,W189,2026-01-14
CC-2024-90157,Weybridge,2024-09-09,2024-10-12,Standard,Medium,W120,2026-01-14
CC-2025-15411,Northgate,2025-04-13,2025-05-15,Standard,Medium,W104,2026-01-14
CC-2025-19004,Weybridge,2025-05-09,2025-10-10,Standard,High,W162,2026-01-14
CC-2023-21573,Weybridge,2023-09-18,2023-10-01,Appeal,,W223,2026-01-14
CC-2025-14985,Northgate,2025-06-11,2025-07-03,Expedited,Medium,W177,2026-01-14
CC-2023-17948,Calder Central,2023-09-04,2023-10-06,Standard,,W154,2026-01-14
CC-2025-21872,Calder Central,2025-05-10,2025-05-18,Expedited,Medium,W114,2026-01-14
CC-2024-19972,Weybridge,2024-03-23,2024-07-26,Complex,Medium,W151,2026-01-14
CC-2024-18213,Northgate,2024-01-23,2024-03-12,Review,,W174,2026-01-14
CC-2025-11067,Northgate,2025-05-13,2025-02-25,Appeal,Low,W237,2026-01-14
CC-2023-18273,Northgate,2023-12-22,2024-01-13,Standard,,W206,2026-01-14
CC-2023-16702,Northgate,2023-11-10,2024-01-06,Review,,W130,2026-01-14
CC-2024-19499,Calder Central,2024-07-24,2024-08-23,Standard,Medium,W245,2026-01-14
CC-2024-16723,Calder Central,2024-02-24,2024-04-15,Expedited,,W236,2026-01-14
CC-2025-17730,Calder Central,2025-03-18,2025-04-29,Appeal,High,W242,2026-01-14
CC-2024-10730,Calder Central,2024-08-30,2024-10-10,Standard,Medium,W172,2026-01-14
CC-2023-23204,Weybridge,2023-08-26,2023-10-07,Standard,,W232,2026-01-14
CC-2025-17278,Northgate,2025-04-15,2025-06-04,Standard,Medium,W223,2026-01-14
CC-2023-10919,Weybridge,2023-09-05,2023-09-23,Standard,,W111,2026-01-14
CC-2024-18577,Weybridge,2024-11-13,2025-03-02,Standard,Low,W259,2026-01-14
CC-2025-12383,Northgate,2025-12-07,,Complex,Low,W105,2026-01-14
CC-2025-11449,Northgate,2025-08-14,2025-09-18,Standard,Medium,W220,2026-01-14
CC-2025-90217,Northgate,2025-12-22,,Standard,High,W115,2026-01-14
CC-2025-24021,Calder Central,2025-04-13,2025-04-17,Expedited,High,W118,2026-01-14
CC-2024-12178,Calder Central,2024-10-22,2025-01-04,Standard,Low,W216,2026-01-14
CC-2024-13227,Calder Central,2024-05-21,2024-06-18,Expedited,Low,W102,2026-01-14
CC-2024-17367,Northgate,2024-06-10,2024-07-18,Standard,High,W158,2026-01-14
CC-2024-90690,Calder Central,2024-07-25,2024-09-07,Appeal,Medium,W111,2026-01-14
CC-2024-16077,Weybridge,2024-02-09,2024-04-04,Appeal,,W169,2026-01-14
CC-2025-11317,Northgate,2025-06-20,2025-07-22,Standard,Low,W111,2026-01-14
CC-2023-20920,Calder Central,2023-12-25,2024-02-10,Complex,,W149,2026-01-14
CC-2025-90635,Calder Central,2025-07-01,2025-08-22,Review,Medium,W165,2026-01-14
CC-2025-90725,Weybridge,2025-07-23,2025-11-07,Standard,Low,W158,2026-01-14
CC-2024-17959,Weybridge,2024-03-31,2024-04-27,Standard,Low,W103,2026-01-14
CC-2024-12106,Calder Central,2024-03-20,2024-04-29,Review,Medium,W122,2026-01-14
CC-2024-15649,Calder Central,2024-01-10,2024-01-21,Expedited,,W224,2026-01-14
CC-2024-90458,Weybridge,2024-11-15,2025-02-23,Standard,Low,W223,2026-01-14
CC-2024-17041,Calder Central,2024-03-15,2024-04-09,Standard,Low,W125,2026-01-14
CC-2024-19599,Calder Central,2024-06-20,2024-07-05,Standard,Medium,W115,2026-01-14
CC-2024-22486,Calder Central,2024-04-08,2024-05-03,Standard,Low,W259,2026-01-14
CC-2024-12655,Northgate,2024-04-14,2024-05-26,Review,Low,W117,2026-01-14
CC-2025-10963,Calder Central,2025-12-17,,Standard,Low,W120,2026-01-14
CC-2023-13331,Northgate,2023-12-04,2024-01-09,Standard,,W126,2026-01-14
CC-2024-17254,Weybridge,2024-02-15,2024-03-25,Standard,,W130,2026-01-14
CC-2023-20085,Weybridge,2023-12-28,2024-02-18,Standard,,W115,2026-01-14
CC-2023-22210,Northgate,2023-07-10,2023-08-13,Review,,W171,2026-01-14
CC-2023-11603,Weybridge,2023-10-25,2023-11-30,Standard,,W107,2026-01-14
CC-2025-18877,Weybridge,2025-04-04,2025-07-23,Review,High,W124,2026-01-14
CC-2024-90432,Northgate,2024-05-07,2024-06-06,Standard,Medium,W175,2026-01-14
CC-2023-16751,Northgate,2023-11-22,,Standard,,W138,2026-01-14
CC-2023-21794,Northgate,2023-10-16,2023-11-12,Standard,,W227,2026-01-14
CC-2025-90511,Northgate,2025-01-26,2025-02-19,Standard,Low,W258,2026-01-14
CC-2024-90743,Northgate,2024-01-26,2024-02-17,Standard,,W196,2026-01-14
CC-2024-21045,Calder Central,2024-06-15,2024-07-17,Standard,Low,W142,2026-01-14
CC-2025-22114,Weybridge,2025-05-30,2025-08-20,Standard,Low,W128,2026-01-14
CC-2024-18268,Northgate,2024-04-12,2024-04-19,Expedited,Medium,W143,2026-01-14
CC-2023-21175,Northgate,2023-11-02,,Review,,W259,2026-01-14
CC-2024-90425,Northgate,2024-09-21,2024-10-22,Complex,Low,W246,2026-01-14
CC-2025-17448,Northgate,2025-08-26,2025-09-05,Expedited,Low,W233,2026-01-14
CC-2025-12973,Calder Central,2025-05-16,2025-09-04,Review,Medium,W152,2026-01-14
CC-2023-13614,Calder Central,2023-10-19,2023-11-21,Standard,,W127,2026-01-14
CC-2024-22560,Northgate,2024-01-07,2024-01-29,Standard,,W211,2026-01-14
CC-2024-17737,Northgate,2024-12-12,2025-01-21,Complex,Medium,W243,2026-01-14
CC-2025-20851,Weybridge,2025-07-31,2025-12-15,Complex,High,W178,2026-01-14
CC-2025-90149,Calder Central,2025-04-16,2025-05-10,Appeal,Medium,W234,2026-01-14
CC-2024-12217,Weybridge,2024-04-13,2024-05-08,Expedited,Medium,W110,2026-01-14
CC-2025-90351,Northgate,2025-02-21,2025-03-16,Standard,Low,W192,2026-01-14
CC-2024-18682,Calder Central,2024-03-12,2024-03-30,Standard,High,W144,2026-01-14
CC-2025-21509,Calder Central,2025-07-20,2025-08-20,Standard,Medium,W149,2026-01-14
CC-2025-12192,Northgate,2025-01-02,2025-02-26,Standard,Medium,W201,2026-01-14
CC-2024-90378,Weybridge,2024-02-20,2024-03-01,Standard,,W208,2026-01-14
CC-2025-19742,Weybridge,2025-04-03,2025-09-28,Standard,Medium,W237,2026-01-14
CC-2024-90016,Calder Central,2024-08-22,2024-09-02,Standard,High,W248,2026-01-14
CC-2024-90433,Weybridge,2024-04-04,2024-04-20,Standard,Medium,W232,2026-01-14
CC-2025-12982,Weybridge,2025-01-21,2025-08-14,Standard,Medium,W254,2026-01-14
CC-2025-90215,Weybridge,2025-03-09,2025-07-03,Standard,Low,W177,2026-01-14
CC-2023-12173,Northgate,2023-09-09,2023-10-12,Standard,,W200,2026-01-14
CC-2024-22686,Calder Central,2024-06-11,2023-08-09,Standard,Low,W208,2026-01-14
CC-2024-22286,Calder Central,2024-09-26,2024-10-18,Standard,Medium,W200,2026-01-14
CC-2024-21719,Northgate,2024-09-08,2024-11-08,Complex,Medium,W243,2026-01-14
CC-2024-22080,Weybridge,2024-04-10,2024-05-11,Complex,Low,W143,2026-01-14
CC-2024-17930,Calder Central,2024-12-25,2025-02-23,Complex,Medium,W238,2026-01-14
CC-2025-17940,Northgate,2025-05-31,2025-07-05,Standard,Low,W124,2026-01-14
CC-2025-19856,Calder Central,2025-08-30,2025-10-14,Complex,Medium,W113,2026-01-14
CC-2024-20946,Calder Central,2024-03-14,2024-09-13,Appeal,High,W199,2026-01-14
CC-2025-16651,Northgate,2025-10-19,2025-12-25,Complex,Medium,W156,2026-01-14
CC-2025-17634,Northgate,2025-01-03,2025-02-13,Review,Medium,W157,2026-01-14
CC-2024-19165,Northgate,2024-07-25,2024-08-26,Standard,Low,W237,2026-01-14
CC-2024-13496,Weybridge,2024-02-23,2024-05-19,Complex,,W144,2026-01-14
CC-2023-19434,Calder Central,2023-09-10,2023-12-13,Complex,,W184,2026-01-14
CC-2023-12338,Northgate,2023-10-21,2023-11-04,Standard,,W159,2026-01-14
CC-2025-22611,Calder Central,2025-07-03,2025-07-14,Standard,Medium,W227,2026-01-14
CC-2023-13529,Weybridge,2023-10-20,2024-03-31,Review,,W138,2026-01-14
CC-2024-18106,Northgate,2024-11-05,2025-01-09,Complex,Medium,W253,2026-01-14
CC-2025-23556,Northgate,2025-03-25,2025-05-04,Standard,Low,W106,2026-01-14
CC-2025-16534,Weybridge,2025-12-17,,Complex,Low,W237,2026-01-14
CC-2025-11855,Weybridge,2025-12-02,,Standard,Medium,W114,2026-01-14
CC-2024-12157,Calder Central,2024-04-19,2024-05-05,Standard,High,W218,2026-01-14
CC-2025-90707,Weybridge,2025-07-30,2025-10-23,Standard,Low,W178,2026-01-14
CC-2025-90620,Northgate,2025-01-03,2025-01-11,Standard,High,W143,2026-01-14
CC-2024-12768,Northgate,2024-04-07,2024-05-04,Standard,Low,W191,2026-01-14
CC-2024-16060,Calder Central,2024-04-03,2024-04-13,Expedited,Medium,W120,2026-01-14
CC-2025-21273,Calder Central,2025-06-01,2025-07-07,Standard,Low,W154,2026-01-14
CC-2025-13357,Northgate,2025-06-25,,Appeal,Medium,W209,2026-01-14
CC-2024-16133,Calder Central,2024-09-01,2024-09-27,Appeal,Low,W214,2026-01-14
CC-2023-20751,Northgate,2023-09-07,2023-10-12,Review,,W137,2026-01-14
CC-2025-19164,Northgate,2025-07-04,2025-07-20,Standard,Medium,W122,2026-01-14
CC-2025-90295,Weybridge,2025-02-20,2025-07-15,Standard,Medium,W236,2026-01-14
CC-2023-17524,Calder Central,2023-07-19,2023-09-29,Complex,,W220,2026-01-14
CC-2025-13448,Calder Central,2025-05-18,2025-07-16,Standard,Low,W125,2026-01-14
CC-2024-13252,Calder Central,2024-09-30,2024-10-23,Review,Low,W145,2026-01-14
CC-2025-20181,Calder Central,2025-02-26,2025-04-01,Appeal,High,W199,2026-01-14
CC-2025-14694,Calder Central,2025-12-09,,Review,Medium,W111,2026-01-14
CC-2023-18366,Calder Central,2023-09-08,2023-10-31,Standard,,W208,2026-01-14
CC-2024-90461,Calder Central,2024-06-08,2024-08-16,Appeal,Low,W225,2026-01-14
CC-2024-19443,Weybridge,2024-07-02,2024-09-11,Appeal,Medium,W108,2026-01-14
CC-2024-90466,Northgate,2024-09-11,2024-09-24,Standard,Medium,W260,2026-01-14
CC-2023-20879,Calder Central,2023-09-23,2023-10-11,Expedited,,W172,2026-01-14
CC-2024-10925,Weybridge,2024-04-30,2024-06-17,Standard,Medium,W174,2026-01-14
CC-2025-22316,Calder Central,2025-11-19,,Review,Medium,W244,2026-01-14
CC-2025-14555,Weybridge,2025-10-03,2025-11-29,Standard,Low,W184,2026-01-14
CC-2025-13647,Calder Central,2025-11-23,,Appeal,Low,W155,2026-01-14
CC-2023-22778,Weybridge,2023-08-11,2023-09-15,Standard,,W141,2026-01-14
CC-2024-21373,Calder Central,2024-07-22,2024-08-27,Appeal,High,W211,2026-01-14
CC-2023-17558,Calder Central,2023-12-25,2024-02-02,Review,,W133,2026-01-14
CC-2025-90465,Northgate,2025-10-03,2025-10-22,Standard,Medium,W230,2026-01-14
CC-2024-14381,Calder Central,2024-10-08,2024-11-02,Standard,Medium,W121,2026-01-14
CC-2025-18084,Northgate,2025-02-19,2025-03-11,Standard,Medium,W209,2026-01-14
CC-2025-90777,Weybridge,2025-02-24,2025-04-11,Standard,Low,W178,2026-01-14
CC-2024-17136,Weybridge,2024-11-10,2024-12-26,Standard,Medium,W135,2026-01-14
CC-2025-20841,Calder Central,2025-01-03,2025-01-22,Expedited,Low,W214,2026-01-14
CC-2025-20227,Calder Central,2025-10-26,,Complex,High,W166,2026-01-14
CC-2023-20636,Weybridge,2023-09-30,2022-12-18,Expedited,,W112,2026-01-14
CC-2025-23123,Calder Central,2025-03-19,2025-06-07,Complex,Medium,W231,2026-01-14
CC-2025-22463,Weybridge,2025-09-16,2025-11-02,Standard,Medium,W143,2026-01-14
CC-2024-12482,Calder Central,2024-08-10,2024-09-28,Standard,Low,W103,2026-01-14
CC-2023-13325,Weybridge,2023-10-04,2023-10-19,Expedited,,W187,2026-01-14
CC-2023-17811,Calder Central,2023-07-29,2023-08-22,Standard,,W127,2026-01-14
CC-2024-15667,Calder Central,2024-08-31,2024-11-20,Complex,Medium,W150,2026-01-14
CC-2025-22598,Northgate,2025-01-11,2025-02-16,Complex,Medium,W182,2026-01-14
CC-2023-10030,Weybridge,2023-12-07,2024-01-24,Complex,,W208,2026-01-14
CC-2025-17656,Weybridge,2025-05-06,2025-08-04,Review,Medium,W192,2026-01-14
CC-2024-18398,Calder Central,2024-07-18,2024-08-14,Standard,Low,W119,2026-01-14
CC-2024-20487,Northgate,2024-02-14,2024-02-28,Standard,,W193,2026-01-14
CC-2023-19331,Calder Central,2023-09-17,2023-11-11,Appeal,,W163,2026-01-14
CC-2024-14896,Calder Central,2024-07-11,2024-08-01,Standard,Low,W196,2026-01-14
CC-2023-21073,Northgate,2023-12-09,2024-03-06,Complex,,W178,2026-01-14
CC-2025-90450,Weybridge,2025-04-17,2025-05-30,Standard,Medium,W189,2026-01-14
CC-2024-90294,Northgate,2024-07-20,2024-11-24,Complex,Low,W125,2026-01-14
CC-2024-14063,Calder Central,2024-09-18,2024-11-30,Appeal,Low,W132,2026-01-14
CC-2024-90126,Weybridge,2024-08-27,2024-11-13,Review,High,W221,2026-01-14
CC-2023-20420,Calder Central,2023-09-09,2023-09-22,Standard,,W170,2026-01-14
CC-2024-21516,Calder Central,2024-05-23,2024-08-23,Complex,Low,W102,2026-01-14
CC-2025-12907,Calder Central,2025-11-02,2025-11-20,Standard,Low,W159,2026-01-14
CC-2025-18613,Calder Central,2025-10-31,,Complex,Low,W183,2026-01-14
CC-2025-18459,Calder Central,2025-08-18,2025-11-09,Complex,Low,W223,2026-01-14
CC-2024-23381,Calder Central,2024-03-13,2024-07-06,Complex,High,W193,2026-01-14
CC-2024-15993,Calder Central,2024-09-04,2024-10-09,Standard,High,W121,2026-01-14
CC-2023-11807,Calder Central,2023-11-05,2024-02-15,Standard,,W182,2026-01-14
CC-2025-90125,Northgate,2025-06-09,2025-06-19,Standard,Low,W255,2026-01-14
CC-2025-16082,Northgate,2025-10-15,2025-11-29,Standard,Low,W134,2026-01-14
CC-2025-21843,Weybridge,2025-11-27,,Review,Low,W151,2026-01-14
CC-2024-23789,Northgate,2024-07-31,2024-08-27,Standard,Medium,W242,2026-01-14
CC-2024-18032,Weybridge,2024-04-24,2024-05-05,Expedited,Low,W254,2026-01-14
CC-2024-23474,Weybridge,2024-12-04,2025-03-11,Complex,Medium,W139,2026-01-14
CC-2024-17949,Calder Central,2024-01-15,2024-02-13,Standard,,W131,2026-01-14
CC-2025-17472,Weybridge,2025-03-10,2024-03-21,Expedited,High,W165,2026-01-14
CC-2025-23280,Weybridge,2025-01-17,2025-05-12,Complex,Low,W235,2026-01-14
CC-2024-14192,Northgate,2024-06-15,2024-10-02,Expedited,Medium,W162,2026-01-14
CC-2025-11556,Weybridge,2025-10-19,2025-11-20,Standard,Low,W221,2026-01-14
CC-2025-90285,Calder Central,2025-07-09,2025-08-09,Appeal,High,W243,2026-01-14
CC-2024-15524,Northgate,2024-01-10,2024-01-24,Expedited,,W151,2026-01-14
CC-2024-90376,Calder Central,2024-11-13,2024-12-02,Expedited,High,W189,2026-01-14
CC-2025-90711,Calder Central,2025-01-06,2025-01-30,Standard,Medium,W246,2026-01-14
CC-2025-90741,Calder Central,2025-10-05,2025-10-31,Standard,Low,W166,2026-01-14
CC-2024-16608,Northgate,2024-02-09,2024-04-14,Standard,,W141,2026-01-14
CC-2023-21797,Weybridge,2023-10-24,2023-11-01,Expedited,,W258,2026-01-14
CC-2024-16577,Calder Central,2024-08-12,2024-11-10,Standard,High,W194,2026-01-14
CC-2025-15225,Calder Central,2025-02-18,2025-04-08,Standard,Medium,W162,2026-01-14
CC-2025-24179,Weybridge,2025-06-22,2025-05-01,Standard,High,W109,2026-01-14
CC-2025-10105,Northgate,2025-11-10,2025-12-06,Standard,Medium,W122,2026-01-14
CC-2024-14394,Northgate,2024-10-20,2024-11-29,Review,High,W210,2026-01-14
CC-2024-12369,Weybridge,2024-06-19,2024-07-26,Standard,Medium,W120,2026-01-14
CC-2024-90080,Weybridge,2024-11-09,2024-12-02,Expedited,Medium,W237,2026-01-14
CC-2024-14842,Weybridge,2024-04-15,2024-04-24,Expedited,Medium,W184,2026-01-14
CC-2024-23528,Calder Central,2024-04-19,2024-05-27,Appeal,Low,W170,2026-01-14
CC-2024-10123,Northgate,2024-05-21,2024-09-20,Complex,Low,W138,2026-01-14
CC-2024-18028,Northgate,2024-03-13,2024-05-09,Standard,Medium,W173,2026-01-14
CC-2024-20878,Calder Central,2024-05-21,2024-05-27,Expedited,Medium,W228,2026-01-14
CC-2025-16065,Northgate,2025-08-17,2025-08-23,Expedited,Medium,W122,2026-01-14
CC-2025-90436,Calder Central,2025-02-23,2025-03-26,Standard,Low,W255,2026-01-14
CC-2023-19273,Weybridge,2023-09-12,2023-11-14,Appeal,,W122,2026-01-14
CC-2024-13866,Northgate,2024-10-09,2024-11-15,Complex,Low,W185,2026-01-14
CC-2025-17502,Weybridge,2025-02-11,,Standard,Medium,W165,2026-01-14
CC-2023-10172,Calder Central,2023-08-16,2023-08-26,Expedited,,W148,2026-01-14
CC-2024-90576,Calder Central,2024-02-19,2024-04-11,Review,,W206,2026-01-14
CC-2025-20576,Northgate,2025-08-12,2025-09-29,Appeal,Low,W133,2026-01-14
CC-2025-90108,Calder Central,2025-08-13,2025-08-28,Standard,Low,W149,2026-01-14
CC-2025-13678,Northgate,2025-01-09,2025-02-12,Standard,Medium,W117,2026-01-14
CC-2025-10207,Calder Central,2025-08-07,2025-10-03,Standard,Low,W203,2026-01-14
CC-2025-21741,Calder Central,2025-02-21,2025-03-25,Standard,Low,W110,2026-01-14
CC-2024-21108,Calder Central,2024-09-06,2024-10-05,Standard,Medium,W174,2026-01-14
CC-2024-22529,Calder Central,2024-06-14,2024-08-02,Standard,Low,W199,2026-01-14
CC-2024-23984,Calder Central,2024-03-23,2024-04-13,Standard,Medium,W250,2026-01-14
CC-2024-24007,Weybridge,2024-01-27,2024-02-24,Standard,,W137,2026-01-14
CC-2023-21122,Weybridge,2023-08-25,2023-09-17,Standard,,W141,2026-01-14
CC-2025-15219,Calder Central,2025-08-13,2025-08-26,Standard,High,W165,2026-01-14
CC-2024-10208,Northgate,2024-04-04,2024-09-12,Complex,Low,W204,2026-01-14
CC-2024-18650,Northgate,2024-12-04,2024-12-25,Review,Low,W119,2026-01-14
CC-2024-90039,Weybridge,2024-04-10,2024-05-01,Standard,Medium,W217,2026-01-14
CC-2024-22866,Calder Central,2024-05-30,2024-06-26,Complex,High,W173,2026-01-14
CC-2024-10910,Northgate,2024-04-09,2024-06-10,Complex,Medium,W169,2026-01-14
CC-2024-90382,Calder Central,2024-04-06,2024-04-19,Standard,Medium,W244,2026-01-14
CC-2025-16627,Calder Central,2025-11-19,,Complex,High,W232,2026-01-14
CC-2024-90492,Northgate,2024-07-16,2024-10-02,Standard,Low,W251,2026-01-14
CC-2025-10964,Northgate,2025-05-25,2025-07-15,Standard,Medium,W167,2026-01-14
CC-2024-15818,Northgate,2024-02-25,2024-04-20,Standard,,W154,2026-01-14
CC-2025-21865,Northgate,2025-04-13,2025-04-21,Standard,Low,W131,2026-01-14
CC-2024-90656,Northgate,2024-07-03,2024-11-14,Complex,Low,W161,2026-01-14
CC-2024-10131,Weybridge,2024-02-04,2024-03-21,Standard,,W167,2026-01-14
CC-2023-20062,Northgate,2023-09-20,2024-01-06,Complex,,W152,2026-01-14
CC-2024-22240,Northgate,2024-09-07,2024-11-09,Complex,Medium,W231,2026-01-14
CC-2024-21761,Northgate,2024-01-26,2024-02-17,Standard,,W126,2026-01-14
CC-2024-12082,Calder Central,2024-06-01,2024-08-11,Complex,Low,W236,2026-01-14
CC-2025-16304,Calder Central,2025-04-21,2025-06-23,Complex,High,W153,2026-01-14
CC-2024-13832,Weybridge,2024-03-18,2024-04-22,Standard,Medium,W215,2026-01-14
CC-2024-21957,Weybridge,2024-09-28,2024-10-13,Expedited,Low,W242,2026-01-14
CC-2024-14408,Weybridge,2024-10-12,2024-12-03,Standard,Medium,W156,2026-01-14
CC-2023-18285,Weybridge,2023-10-31,2023-11-20,Review,,W224,2026-01-14
CC-2024-90013,Weybridge,2024-08-08,2024-09-26,Standard,Medium,W147,2026-01-14
CC-2025-21601,Calder Central,2025-09-24,2025-10-20,Expedited,Medium,W223,2026-01-14
CC-2025-11964,Weybridge,2025-12-07,,Standard,Low,W240,2026-01-14
CC-2025-15859,Calder Central,2025-06-25,2025-07-14,Expedited,High,W216,2026-01-14
CC-2024-20837,Northgate,2024-11-30,2024-12-16,Standard,Low,W222,2026-01-14
CC-2023-22823,Calder Central,2023-12-11,2024-01-24,Review,,W129,2026-01-14
CC-2024-12052,Calder Central,2024-01-07,2024-04-20,Appeal,,W203,2026-01-14
CC-2024-22910,Northgate,2024-10-24,2024-11-12,Standard,Low,W127,2026-01-14
CC-2023-11925,Weybridge,2023-11-16,2024-02-22,Complex,,W175,2026-01-14
CC-2023-19065,Calder Central,2023-08-21,2023-10-17,Appeal,,W142,2026-01-14
CC-2025-12457,Weybridge,2025-04-02,2025-07-25,Review,High,W145,2026-01-14
CC-2023-15220,Calder Central,2023-07-19,2023-09-14,Appeal,,W119,2026-01-14
CC-2025-21615,Calder Central,2025-01-19,2025-03-05,Review,Low,W240,2026-01-14
CC-2025-13204,Weybridge,2025-08-21,2025-11-08,Review,Medium,W145,2026-01-14
CC-2025-13902,Northgate,2025-09-02,,Complex,Low,W193,2026-01-14
CC-2025-13383,Weybridge,2025-11-07,2025-11-28,Standard,High,W142,2026-01-14
CC-2024-90083,Northgate,2024-02-19,2024-04-15,Standard,,W232,2026-01-14
CC-2025-20190,Northgate,2025-08-10,2025-09-01,Review,Low,W255,2026-01-14
CC-2023-18338,Weybridge,2023-09-13,2023-11-02,Standard,,W240,2026-01-14
CC-2025-90035,Weybridge,2025-12-11,,Standard,Low,W139,2026-01-14
CC-2025-12103,Weybridge,2025-09-29,,Complex,Medium,W174,2026-01-14
CC-2025-16345,Northgate,2025-08-30,2025-09-18,Standard,Low,W190,2026-01-14
CC-2025-13424,Calder Central,2025-02-25,2025-06-11,Complex,Medium,W126,2026-01-14
CC-2024-19894,Calder Central,2024-07-09,2024-09-21,Standard,Medium,W205,2026-01-14
CC-2025-19199,Calder Central,2025-03-27,2025-05-03,Expedited,Low,W128,2026-01-14
CC-2024-18439,Calder Central,2024-07-02,2024-10-11,Complex,Low,W131,2026-01-14
CC-2025-11193,Weybridge,2025-08-19,2025-09-08,Expedited,Low,W207,2026-01-14
CC-2025-17942,Northgate,2025-06-29,2025-09-01,Complex,Low,W211,2026-01-14
CC-2024-20007,Weybridge,2024-08-06,2024-09-21,Standard,Low,W244,2026-01-14
CC-2025-22247,Weybridge,2025-02-27,2025-05-05,Standard,Low,W232,2026-01-14
CC-2025-13265,Calder Central,2025-09-24,2025-11-04,Appeal,Low,W132,2026-01-14
CC-2024-21735,Calder Central,2024-06-30,2024-07-20,Standard,High,W102,2026-01-14
CC-2024-23250,Northgate,2024-03-10,2024-03-19,Expedited,Medium,W201,2026-01-14
CC-2024-19054,Northgate,2024-06-13,2024-08-03,Complex,Medium,W233,2026-01-14
CC-2025-13484,Weybridge,2025-07-13,2025-10-06,Standard,Medium,W253,2026-01-14
CC-2024-19517,Northgate,2024-07-27,2024-10-07,Standard,High,W257,2026-01-14
CC-2025-90510,Weybridge,2025-03-17,2025-05-14,Standard,Medium,W206,2026-01-14
CC-2025-23483,Weybridge,2025-06-13,2025-07-14,Standard,Medium,W143,2026-01-14
CC-2024-13539,Calder Central,2024-05-02,2024-07-25,Complex,Low,W218,2026-01-14
CC-2023-21818,Weybridge,2023-09-25,2023-10-07,Expedited,,W195,2026-01-14
CC-2024-23677,Calder Central,2024-03-27,2024-05-20,Review,Low,W156,2026-01-14
CC-2024-21578,Weybridge,2024-09-15,2024-11-13,Standard,High,W164,2026-01-14
CC-2025-90284,Calder Central,2025-06-18,2025-08-04,Standard,High,W102,2026-01-14
CC-2023-11805,Weybridge,2023-09-03,2023-11-16,Standard,,W243,2026-01-14
CC-2024-11703,Weybridge,2024-02-19,2024-06-15,Complex,,W160,2026-01-14
CC-2024-17685,Weybridge,2024-09-16,,Review,Medium,W253,2026-01-14
CC-2024-16873,Weybridge,2024-02-21,2024-05-23,Complex,,W105,2026-01-14
CC-2025-15203,Northgate,2025-09-20,2025-10-02,Standard,Medium,W144,2026-01-14
CC-2024-90017,Weybridge,2024-03-21,2024-04-29,Standard,Low,W152,2026-01-14
CC-2024-23478,Northgate,2024-01-31,2024-03-10,Appeal,,W222,2026-01-14
CC-2024-11506,Weybridge,2024-01-26,2024-02-24,Review,,W102,2026-01-14
CC-2024-14815,Northgate,2024-06-26,2024-07-11,Expedited,Medium,W215,2026-01-14
CC-2024-90542,Northgate,2024-08-14,2024-10-11,Complex,Low,W245,2026-01-14
CC-2025-20400,Calder Central,2025-03-09,2025-05-02,Expedited,Low,W167,2026-01-14
CC-2024-90541,Northgate,2024-05-19,2024-05-25,Expedited,Low,W232,2026-01-14
CC-2025-22364,Weybridge,2025-10-02,2025-10-30,Expedited,Medium,W166,2026-01-14
CC-2025-16094,Calder Central,2025-01-12,2025-02-14,Standard,Medium,W112,2026-01-14
CC-2025-90394,Weybridge,2025-11-06,,Complex,Medium,W260,2026-01-14
CC-2024-23826,Weybridge,2024-10-28,2025-01-21,Complex,Low,W185,2026-01-14
CC-2025-20734,Weybridge,2025-08-19,2025-09-03,Expedited,Low,W176,2026-01-14
CC-2024-90304,Weybridge,2024-11-30,2025-03-27,Standard,Low,W192,2026-01-14
CC-2024-14228,Calder Central,2024-11-07,2024-11-15,Expedited,Low,W243,2026-01-14
CC-2025-14734,Weybridge,2025-09-20,2025-11-07,Standard,Low,W184,2026-01-14
CC-2024-21552,Northgate,2024-07-08,2024-08-07,Standard,Medium,W252,2026-01-14
CC-2025-14504,Weybridge,2025-01-24,2025-03-18,Standard,Low,W190,2026-01-14
CC-2024-23051,Weybridge,2024-08-11,2024-10-03,Complex,Medium,W130,2026-01-14
CC-2024-17885,Northgate,2024-04-29,2024-06-08,Review,Medium,W170,2026-01-14
CC-2024-90673,Weybridge,2024-08-29,2025-01-12,Review,Low,W252,2026-01-14
CC-2024-14610,Calder Central,2024-12-18,2025-01-01,Standard,Low,W139,2026-01-14
CC-2024-90764,Weybridge,2024-03-12,2024-05-04,Standard,Low,W246,2026-01-14
CC-2025-13031,Weybridge,2025-11-11,,Complex,Low,W157,2026-01-14
CC-2023-20154,Calder Central,2023-11-01,2023-12-12,Standard,,W142,2026-01-14
CC-2024-20883,Calder Central,2024-01-29,2024-02-12,Standard,,W177,2026-01-14
CC-2024-21481,Calder Central,2024-07-04,2024-08-03,Review,Low,W199,2026-01-14
CC-2025-18339,Calder Central,2025-11-13,2025-12-05,Expedited,Medium,W226,2026-01-14
CC-2025-14532,Calder Central,2025-07-01,2025-08-19,Complex,Medium,W125,2026-01-14
CC-2024-90071,Weybridge,2024-09-27,2025-03-01,Complex,Medium,W137,2026-01-14
CC-2025-21808,Calder Central,2025-06-01,2025-07-04,Standard,Low,W192,2026-01-14
CC-2025-90216,Weybridge,2025-01-09,2025-02-16,Expedited,Low,W158,2026-01-14
CC-2025-20785,Calder Central,2025-09-03,2025-10-26,Review,Low,W183,2026-01-14
CC-2024-14860,Weybridge,2024-07-23,2023-07-29,Expedited,Low,W256,2026-01-14
CC-2024-90451,Weybridge,2024-08-21,2024-11-15,Standard,Low,W260,2026-01-14
CC-2025-10487,Calder Central,2025-08-08,2025-09-15,Review,Low,W191,2026-01-14
CC-2025-10337,Weybridge,2025-06-01,2025-12-31,Appeal,Low,W239,2026-01-14
CC-2025-90459,Northgate,2025-01-02,2025-03-17,Complex,High,W215,2026-01-14
CC-2024-10592,Calder Central,2024-02-28,2024-03-14,Expedited,,W254,2026-01-14
CC-2024-23977,Northgate,2024-11-25,2025-01-20,Standard,Low,W136,2026-01-14
CC-2023-22565,Weybridge,2023-12-22,2024-01-10,Standard,,W209,2026-01-14
CC-2023-22783,Calder Central,2023-09-22,2023-10-14,Expedited,,W140,2026-01-14
CC-2024-15023,Weybridge,2024-05-23,2024-07-12,Review,Medium,W247,2026-01-14
CC-2025-17032,Calder Central,2025-07-10,2025-08-05,Standard,Medium,W114,2026-01-14
CC-2024-17790,Weybridge,2024-10-28,2025-04-30,Standard,Low,W150,2026-01-14
CC-2023-21483,Calder Central,2023-10-24,2023-11-28,Appeal,,W154,2026-01-14
CC-2025-14351,Calder Central,2025-06-21,2025-11-28,Complex,High,W144,2026-01-14
CC-2023-11568,Northgate,2023-12-19,2024-01-20,Standard,,W142,2026-01-14
CC-2023-12801,Weybridge,2023-10-26,2024-01-06,Review,,W114,2026-01-14
CC-2023-18363,Calder Central,2023-08-16,2023-09-17,Standard,,W179,2026-01-14
CC-2025-21453,Northgate,2025-11-01,,Review,Low,W223,2026-01-14
CC-2025-90582,Weybridge,2025-03-28,2025-09-11,Complex,Medium,W253,2026-01-14
CC-2024-15418,Northgate,2024-02-16,2024-02-28,Expedited,,W231,2026-01-14
CC-2025-90197,Calder Central,2025-04-26,2025-08-10,Complex,High,W155,2026-01-14
CC-2025-17337,Northgate,2025-09-12,2025-10-09,Expedited,Low,W215,2026-01-14
CC-2024-14563,Northgate,2024-08-22,2024-03-20,Standard,Medium,W186,2026-01-14
CC-2024-11008,Calder Central,2024-09-06,2024-12-11,Complex,Medium,W204,2026-01-14
CC-2024-18098,Northgate,2024-01-10,2024-01-27,Standard,,W163,2026-01-14
CC-2024-23858,Weybridge,2024-10-17,2025-02-15,Review,Medium,W112,2026-01-14
CC-2023-14129,Weybridge,2023-07-24,2023-08-22,Standard,,W174,2026-01-14
CC-2024-15724,Calder Central,2024-08-08,2024-09-23,Appeal,Low,W258,2026-01-14
CC-2024-21198,Weybridge,2024-03-25,2024-05-13,Review,Low,W169,2026-01-14
CC-2025-10540,Calder Central,2025-07-15,2025-07-26,Expedited,Medium,W190,2026-01-14
CC-2025-90387,Calder Central,2025-12-19,,Review,Medium,W125,2026-01-14
CC-2025-24119,Northgate,2025-12-10,,Standard,Low,W237,2026-01-14
CC-2025-17226,Weybridge,2025-09-08,2025-11-27,Standard,Medium,W107,2026-01-14
CC-2024-90377,Weybridge,2024-12-28,2025-04-17,Standard,High,W180,2026-01-14
CC-2024-23020,Weybridge,2024-12-03,2025-05-14,Complex,Medium,W120,2026-01-14
CC-2025-20997,Calder Central,2025-02-23,2025-03-09,Standard,Low,W153,2026-01-14
CC-2024-90473,Weybridge,2024-12-08,2025-08-06,Complex,Medium,W205,2026-01-14
CC-2023-21072,Calder Central,2023-07-06,2023-08-04,Standard,,W119,2026-01-14
CC-2025-90410,Calder Central,2025-07-17,2025-08-26,Standard,High,W212,2026-01-14
CC-2024-12353,Calder Central,2024-01-23,2024-02-27,Complex,,W169,2026-01-14
CC-2024-16897,Northgate,2024-12-30,2025-02-03,Standard,Medium,W201,2026-01-14
CC-2024-22807,Northgate,2024-04-14,2024-07-01,Complex,High,W201,2026-01-14
CC-2023-19901,Northgate,2023-10-11,2023-11-08,Standard,,W254,2026-01-14
CC-2024-14148,Calder Central,2024-07-26,2024-09-17,Appeal,Low,W220,2026-01-14
CC-2025-23226,Weybridge,2025-03-07,2025-07-11,Appeal,Medium,W143,2026-01-14
CC-2025-18159,Weybridge,2025-05-07,2025-10-15,Complex,Medium,W205,2026-01-14
CC-2025-90625,Calder Central,2025-03-14,2025-04-25,Standard,Medium,W182,2026-01-14
CC-2025-12876,Weybridge,2025-10-16,,Appeal,Medium,W201,2026-01-14
CC-2023-16477,Weybridge,2023-09-26,2023-12-09,Standard,,W253,2026-01-14
CC-2023-11504,Northgate,2023-09-29,2023-11-04,Standard,,W146,2026-01-14
CC-2025-90306,Northgate,2025-06-28,2025-07-29,Review,Medium,W108,2026-01-14
CC-2025-16377,Calder Central,2025-05-07,2025-07-16,Appeal,Medium,W201,2026-01-14
CC-2025-23325,Northgate,2025-04-20,2025-05-03,Expedited,Medium,W209,2026-01-14
CC-2025-18971,Calder Central,2025-08-05,2025-06-06,Standard,Low,W164,2026-01-14
CC-2025-90061,Weybridge,2025-04-07,2025-06-28,Standard,Medium,W203,2026-01-14
CC-2025-17516,Weybridge,2025-11-03,,Appeal,High,W222,2026-01-14
CC-2025-11831,Calder Central,2025-06-26,2025-09-27,Review,High,W165,2026-01-14
CC-2024-21130,Calder Central,2024-05-17,2024-07-09,Appeal,Medium,W256,2026-01-14
CC-2024-16023,Northgate,2024-07-08,2024-08-03,Standard,Low,W142,2026-01-14
CC-2025-12656,Weybridge,2025-05-26,2025-08-16,Standard,Low,W242,2026-01-14
CC-2023-12507,Calder Central,2023-08-03,2024-01-17,Complex,,W230,2026-01-14
CC-2025-12684,Calder Central,2025-08-10,2025-08-29,Standard,Medium,W107,2026-01-14
CC-2025-15999,Weybridge,2025-04-19,2025-05-17,Complex,Low,W120,2026-01-14
CC-2024-14748,Weybridge,2024-08-19,2024-10-14,Review,High,W133,2026-01-14
CC-2024-16812,Weybridge,2024-11-19,2025-05-30,Complex,Medium,W223,2026-01-14
CC-2025-90224,Weybridge,2025-01-29,2025-07-08,Complex,Medium,W251,2026-01-14
CC-2024-16637,Weybridge,2024-12-03,2025-01-22,Expedited,Low,W241,2026-01-14
CC-2023-11066,Calder Central,2023-11-21,2023-12-08,Standard,,W132,2026-01-14
CC-2025-10492,Weybridge,2025-08-21,2025-07-19,Expedited,Low,W126,2026-01-14
CC-2025-90163,Northgate,2025-09-14,2025-12-30,Complex,Low,W185,2026-01-14
CC-2024-11270,Weybridge,2024-03-22,2024-06-06,Appeal,Medium,W106,2026-01-14
CC-2025-10065,Calder Central,2025-06-05,2025-07-24,Complex,Medium,W259,2026-01-14
CC-2025-14944,Weybridge,2025-07-25,2025-12-15,Complex,Low,W252,2026-01-14
CC-2025-13843,Calder Central,2025-05-29,2025-07-13,Standard,Low,W237,2026-01-14
CC-2025-12030,Weybridge,2025-03-28,2025-08-10,Standard,High,W159,2026-01-14
CC-2023-12767,Northgate,2023-09-07,2023-10-15,Standard,,W220,2026-01-14
CC-2025-90704,Weybridge,2025-09-21,2025-10-19,Expedited,High,W221,2026-01-14
CC-2025-90694,Weybridge,2025-08-22,2025-10-05,Standard,Medium,W232,2026-01-14
CC-2025-90098,Calder Central,2025-07-03,2025-08-03,Standard,Medium,W227,2026-01-14
CC-2024-14848,Weybridge,2024-01-01,2024-02-10,Review,,W108,2026-01-14
CC-2024-10650,Calder Central,2024-04-10,,Appeal,Medium,W140,2026-01-14
CC-2025-15964,Northgate,2025-11-25,,Complex,Low,W248,2026-01-14
CC-2025-10413,Calder Central,2025-12-04,,Appeal,Medium,W231,2026-01-14
CC-2025-90371,Northgate,2025-11-09,2025-12-01,Appeal,Medium,W219,2026-01-14
CC-2025-17918,Northgate,2025-07-12,2025-08-01,Appeal,Low,W258,2026-01-14
CC-2025-20287,Northgate,2025-06-15,2025-07-02,Standard,Medium,W117,2026-01-14
CC-2025-90719,Calder Central,2025-09-01,2025-10-27,Standard,Medium,W173,2026-01-14
CC-2023-10876,Calder Central,2023-11-18,2023-12-15,Standard,,W117,2026-01-14
CC-2023-23572,Northgate,2023-08-31,2023-11-08,Complex,,W255,2026-01-14
CC-2024-21567,Weybridge,2024-09-15,2025-01-12,Appeal,Medium,W166,2026-01-14
CC-2024-16762,Northgate,2024-02-06,2024-03-04,Standard,,W158,2026-01-14
CC-2025-22278,Weybridge,2025-06-27,2025-09-20,Standard,Medium,W175,2026-01-14
CC-2024-17903,Northgate,2024-03-21,2024-04-29,Complex,Medium,W210,2026-01-14
CC-2025-21074,Weybridge,2025-04-29,2025-11-03,Standard,Low,W147,2026-01-14
CC-2024-10537,Northgate,2024-05-25,2024-06-17,Expedited,Medium,W240,2026-01-14
CC-2025-17274,Calder Central,2025-02-15,2025-10-20,Complex,Medium,W152,2026-01-14
CC-2024-10563,Calder Central,2024-07-15,2024-09-06,Review,High,W169,2026-01-14
CC-2024-13587,Northgate,2024-08-05,2024-10-02,Complex,Low,W227,2026-01-14
CC-2025-18956,Calder Central,2025-12-17,,Standard,Low,W113,2026-01-14
CC-2023-19849,Calder Central,2023-09-21,2023-10-29,Appeal,,W213,2026-01-14
CC-2025-22890,Calder Central,2025-08-04,2025-09-03,Standard,Medium,W229,2026-01-14
CC-2025-17853,Northgate,2025-05-22,2025-07-08,Standard,Medium,W182,2026-01-14
CC-2024-90386,Weybridge,2024-08-22,2024-10-27,Review,Medium,W196,2026-01-14
CC-2024-11625,Weybridge,2024-08-05,2025-06-16,Complex,Medium,W217,2026-01-14
CC-2024-20666,Calder Central,2024-08-13,2024-08-30,Standard,Medium,W166,2026-01-14
CC-2025-10896,Northgate,2025-03-26,2025-04-15,Standard,Low,W176,2026-01-14
CC-2025-15799,Weybridge,2025-06-21,2025-07-22,Complex,Low,W221,2026-01-14
CC-2024-18641,Weybridge,2024-02-04,2024-03-15,Standard,,W171,2026-01-14
